[2025-11-23 17:25:01] Synced coin: Bitcoin (btc)
[2025-11-23 17:25:01] Synced coin: Ethereum (eth)
[2025-11-23 17:25:01] Synced coin: Tether (usdt)
[2025-11-23 17:25:01] Synced coin: XRP (xrp)
[2025-11-23 17:25:01] Synced coin: BNB (bnb)
[2025-11-23 17:25:01] Synced coin: USDC (usdc)
[2025-11-23 17:25:01] Synced coin: Solana (sol)
[2025-11-23 17:25:01] Synced coin: TRON (trx)
[2025-11-23 17:25:01] Synced coin: Lido Staked Ether (steth)
[2025-11-23 17:25:01] Synced coin: Dogecoin (doge)
[2025-11-23 17:25:01] Synced coin: Cardano (ada)
[2025-11-23 17:25:01] Synced coin: Figure Heloc (figr_heloc)
[2025-11-23 17:25:01] Synced coin: WhiteBIT Coin (wbt)
[2025-11-23 17:25:01] Synced coin: Wrapped stETH (wsteth)
[2025-11-23 17:25:01] Synced coin: Bitcoin Cash (bch)
[2025-11-23 17:25:01] Synced coin: Wrapped Bitcoin (wbtc)
[2025-11-23 17:25:01] Synced coin: Wrapped Beacon ETH (wbeth)
[2025-11-23 17:25:01] Synced coin: Zcash (zec)
[2025-11-23 17:25:01] Synced coin: USDS (usds)
[2025-11-23 17:25:01] Synced coin: Binance Bridged USDT (BNB Smart Chain) (bsc-usd)
[2025-11-23 17:25:01] Synced coin: LEO Token (leo)
[2025-11-23 17:25:01] Synced coin: Chainlink (link)
[2025-11-23 17:25:01] Synced coin: Hyperliquid (hype)
[2025-11-23 17:25:01] Synced coin: Stellar (xlm)
[2025-11-23 17:25:01] Synced coin: Ethena USDe (usde)
[2025-11-23 17:25:01] Synced coin: WETH (weth)
[2025-11-23 17:25:01] Synced coin: Monero (xmr)
[2025-11-23 17:25:01] Synced coin: Wrapped eETH (weeth)
[2025-11-23 17:25:01] Synced coin: Coinbase Wrapped BTC (cbbtc)
[2025-11-23 17:25:01] Synced coin: Litecoin (ltc)
[2025-11-23 17:25:01] Synced coin: Hedera (hbar)
[2025-11-23 17:25:01] Synced coin: Avalanche (avax)
[2025-11-23 17:25:01] Synced coin: Sui (sui)
[2025-11-23 17:25:01] Synced coin: Shiba Inu (shib)
[2025-11-23 17:25:01] Synced coin: Dai (dai)
[2025-11-23 17:25:01] Synced coin: Ethena Staked USDe (susde)
[2025-11-23 17:25:01] Synced coin: World Liberty Financial (wlfi)
[2025-11-23 17:25:01] Synced coin: Cronos (cro)
[2025-11-23 17:25:01] Synced coin: USDT0 (usdt0)
[2025-11-23 17:25:01] Synced coin: Uniswap (uni)
[2025-11-23 17:25:01] Synced coin: sUSDS (susds)
[2025-11-23 17:25:01] Synced coin: Polkadot (dot)
[2025-11-23 17:25:01] Synced coin: Toncoin (ton)
[2025-11-23 17:25:01] Synced coin: PayPal USD (pyusd)
[2025-11-23 17:25:01] Synced coin: Mantle (mnt)
[2025-11-23 17:25:01] Synced coin: MemeCore (m)
[2025-11-23 17:25:01] Synced coin: Bittensor (tao)
[2025-11-23 17:25:01] Synced coin: USD1 (usd1)
[2025-11-23 17:25:01] Synced coin: Canton (cc)
[2025-11-23 17:25:01] Synced coin: Currency One USD (c1usd)
[2025-11-23 17:25:01] Synced coin: Bitget Token (bgb)
[2025-11-23 17:25:01] Synced coin: Aave (aave)
[2025-11-23 17:25:01] Synced coin: NEAR Protocol (near)
[2025-11-23 17:25:01] Synced coin: BlackRock USD Institutional Digital Liquidity Fund (buidl)
[2025-11-23 17:25:01] Synced coin: Aster (aster)
[2025-11-23 17:25:01] Synced coin: Internet Computer (icp)
[2025-11-23 17:25:01] Synced coin: OKB (okb)
[2025-11-23 17:25:01] Synced coin: Falcon USD (usdf)
[2025-11-23 17:25:01] Synced coin: Ethereum Classic (etc)
[2025-11-23 17:25:01] Synced coin: Tether Gold (xaut)
[2025-11-23 17:25:01] Synced coin: Pi Network (pi)
[2025-11-23 17:25:01] Synced coin: Jito Staked SOL (jitosol)
[2025-11-23 17:25:01] Synced coin: Jupiter Perpetuals Liquidity Provider Token (jlp)
[2025-11-23 17:25:01] Synced coin: Ethena (ena)
[2025-11-23 17:25:01] Synced coin: Pepe (pepe)
[2025-11-23 17:25:01] Synced coin: Aptos (apt)
[2025-11-23 17:25:01] Synced coin: Binance-Peg WETH (weth)
[2025-11-23 17:25:01] Synced coin: Wrapped SOL (sol)
[2025-11-23 17:25:01] Synced coin: HTX DAO (htx)
[2025-11-23 17:25:01] Synced coin: Pump.fun (pump)
[2025-11-23 17:25:01] Synced coin: KuCoin (kcs)
[2025-11-23 17:25:01] Synced coin: Ondo (ondo)
[2025-11-23 17:25:01] Synced coin: POL (ex-MATIC) (pol)
[2025-11-23 17:25:01] Synced coin: Worldcoin (wld)
[2025-11-23 17:25:01] Synced coin: PAX Gold (paxg)
[2025-11-23 17:25:01] Synced coin: USDtb (usdtb)
[2025-11-23 17:25:01] Synced coin: BFUSD (bfusd)
[2025-11-23 17:25:01] Synced coin: syrupUSDC (syrupusdc)
[2025-11-23 17:25:01] Synced coin: Binance Bridged USDC (BNB Smart Chain) (usdc)
[2025-11-23 17:25:01] Synced coin: Provenance Blockchain (hash)
[2025-11-23 17:25:01] Synced coin: Official Trump (trump)
[2025-11-23 17:25:01] Synced coin: Cosmos Hub (atom)
[2025-11-23 17:25:01] Synced coin: Rocket Pool ETH (reth)
[2025-11-23 17:25:01] Synced coin: Algorand (algo)
[2025-11-23 17:25:01] Synced coin: Filecoin (fil)
[2025-11-23 17:25:01] Synced coin: Circle USYC (usyc)
[2025-11-23 17:25:01] Synced coin: Gate (gt)
[2025-11-23 17:25:01] Synced coin: Ripple USD (rlusd)
[2025-11-23 17:25:01] Synced coin: Global Dollar (usdg)
[2025-11-23 17:25:01] Synced coin: Wrapped BNB (wbnb)
[2025-11-23 17:25:01] Synced coin: Arbitrum (arb)
[2025-11-23 17:25:01] Synced coin: Binance Staked SOL (bnsol)
[2025-11-23 17:25:01] Synced coin: VeChain (vet)
[2025-11-23 17:25:01] Synced coin: Quant (qnt)
[2025-11-23 17:25:01] Synced coin: Kaspa (kas)
[2025-11-23 17:25:01] Synced coin: Flare (flr)
[2025-11-23 17:25:01] Synced coin: Function FBTC (fbtc)
[2025-11-23 17:25:01] Synced coin: Kelp DAO Restaked ETH (rseth)
[2025-11-23 17:25:01] Synced coin: Lombard Staked BTC (lbtc)
[2025-11-23 17:25:01] Synced coin: Kinetiq Staked HYPE (khype)
[2025-11-23 17:25:01] Sync completed successfully.
[2025-11-23 17:30:01] Synced coin: Bitcoin (btc)
[2025-11-23 17:30:01] Synced coin: Ethereum (eth)
[2025-11-23 17:30:01] Synced coin: Tether (usdt)
[2025-11-23 17:30:01] Synced coin: XRP (xrp)
[2025-11-23 17:30:01] Synced coin: BNB (bnb)
[2025-11-23 17:30:01] Synced coin: USDC (usdc)
[2025-11-23 17:30:01] Synced coin: Solana (sol)
[2025-11-23 17:30:01] Synced coin: TRON (trx)
[2025-11-23 17:30:01] Synced coin: Lido Staked Ether (steth)
[2025-11-23 17:30:01] Synced coin: Dogecoin (doge)
[2025-11-23 17:30:01] Synced coin: Cardano (ada)
[2025-11-23 17:30:01] Synced coin: Figure Heloc (figr_heloc)
[2025-11-23 17:30:01] Synced coin: WhiteBIT Coin (wbt)
[2025-11-23 17:30:01] Synced coin: Wrapped stETH (wsteth)
[2025-11-23 17:30:01] Synced coin: Bitcoin Cash (bch)
[2025-11-23 17:30:01] Synced coin: Wrapped Bitcoin (wbtc)
[2025-11-23 17:30:01] Synced coin: Wrapped Beacon ETH (wbeth)
[2025-11-23 17:30:01] Synced coin: Zcash (zec)
[2025-11-23 17:30:01] Synced coin: USDS (usds)
[2025-11-23 17:30:01] Synced coin: Binance Bridged USDT (BNB Smart Chain) (bsc-usd)
[2025-11-23 17:30:01] Synced coin: LEO Token (leo)
[2025-11-23 17:30:01] Synced coin: Chainlink (link)
[2025-11-23 17:30:01] Synced coin: Hyperliquid (hype)
[2025-11-23 17:30:01] Synced coin: Stellar (xlm)
[2025-11-23 17:30:01] Synced coin: Ethena USDe (usde)
[2025-11-23 17:30:01] Synced coin: WETH (weth)
[2025-11-23 17:30:01] Synced coin: Monero (xmr)
[2025-11-23 17:30:01] Synced coin: Wrapped eETH (weeth)
[2025-11-23 17:30:01] Synced coin: Coinbase Wrapped BTC (cbbtc)
[2025-11-23 17:30:01] Synced coin: Litecoin (ltc)
[2025-11-23 17:30:01] Synced coin: Hedera (hbar)
[2025-11-23 17:30:01] Synced coin: Avalanche (avax)
[2025-11-23 17:30:01] Synced coin: Sui (sui)
[2025-11-23 17:30:01] Synced coin: Shiba Inu (shib)
[2025-11-23 17:30:01] Synced coin: Dai (dai)
[2025-11-23 17:30:01] Synced coin: Ethena Staked USDe (susde)
[2025-11-23 17:30:01] Synced coin: World Liberty Financial (wlfi)
[2025-11-23 17:30:01] Synced coin: Cronos (cro)
[2025-11-23 17:30:01] Synced coin: USDT0 (usdt0)
[2025-11-23 17:30:01] Synced coin: Uniswap (uni)
[2025-11-23 17:30:01] Synced coin: sUSDS (susds)
[2025-11-23 17:30:01] Synced coin: Polkadot (dot)
[2025-11-23 17:30:01] Synced coin: Toncoin (ton)
[2025-11-23 17:30:01] Synced coin: PayPal USD (pyusd)
[2025-11-23 17:30:01] Synced coin: Mantle (mnt)
[2025-11-23 17:30:01] Synced coin: MemeCore (m)
[2025-11-23 17:30:01] Synced coin: Bittensor (tao)
[2025-11-23 17:30:01] Synced coin: USD1 (usd1)
[2025-11-23 17:30:01] Synced coin: Canton (cc)
[2025-11-23 17:30:01] Synced coin: Currency One USD (c1usd)
[2025-11-23 17:30:01] Synced coin: Bitget Token (bgb)
[2025-11-23 17:30:01] Synced coin: Aave (aave)
[2025-11-23 17:30:01] Synced coin: NEAR Protocol (near)
[2025-11-23 17:30:01] Synced coin: BlackRock USD Institutional Digital Liquidity Fund (buidl)
[2025-11-23 17:30:01] Synced coin: Aster (aster)
[2025-11-23 17:30:01] Synced coin: Internet Computer (icp)
[2025-11-23 17:30:01] Synced coin: OKB (okb)
[2025-11-23 17:30:01] Synced coin: Falcon USD (usdf)
[2025-11-23 17:30:01] Synced coin: Tether Gold (xaut)
[2025-11-23 17:30:01] Synced coin: Ethereum Classic (etc)
[2025-11-23 17:30:01] Synced coin: Pi Network (pi)
[2025-11-23 17:30:01] Synced coin: Jito Staked SOL (jitosol)
[2025-11-23 17:30:01] Synced coin: Jupiter Perpetuals Liquidity Provider Token (jlp)
[2025-11-23 17:30:01] Synced coin: Ethena (ena)
[2025-11-23 17:30:01] Synced coin: Pepe (pepe)
[2025-11-23 17:30:01] Synced coin: Aptos (apt)
[2025-11-23 17:30:01] Synced coin: Binance-Peg WETH (weth)
[2025-11-23 17:30:01] Synced coin: Wrapped SOL (sol)
[2025-11-23 17:30:01] Synced coin: HTX DAO (htx)
[2025-11-23 17:30:01] Synced coin: Pump.fun (pump)
[2025-11-23 17:30:01] Synced coin: KuCoin (kcs)
[2025-11-23 17:30:01] Synced coin: Ondo (ondo)
[2025-11-23 17:30:01] Synced coin: POL (ex-MATIC) (pol)
[2025-11-23 17:30:01] Synced coin: Worldcoin (wld)
[2025-11-23 17:30:02] Synced coin: PAX Gold (paxg)
[2025-11-23 17:30:02] Synced coin: USDtb (usdtb)
[2025-11-23 17:30:02] Synced coin: BFUSD (bfusd)
[2025-11-23 17:30:02] Synced coin: syrupUSDC (syrupusdc)
[2025-11-23 17:30:02] Synced coin: Binance Bridged USDC (BNB Smart Chain) (usdc)
[2025-11-23 17:30:02] Synced coin: Provenance Blockchain (hash)
[2025-11-23 17:30:02] Synced coin: Official Trump (trump)
[2025-11-23 17:30:02] Synced coin: Cosmos Hub (atom)
[2025-11-23 17:30:02] Synced coin: Rocket Pool ETH (reth)
[2025-11-23 17:30:02] Synced coin: Algorand (algo)
[2025-11-23 17:30:02] Synced coin: Filecoin (fil)
[2025-11-23 17:30:02] Synced coin: Circle USYC (usyc)
[2025-11-23 17:30:02] Synced coin: Gate (gt)
[2025-11-23 17:30:02] Synced coin: Ripple USD (rlusd)
[2025-11-23 17:30:02] Synced coin: Global Dollar (usdg)
[2025-11-23 17:30:02] Synced coin: Wrapped BNB (wbnb)
[2025-11-23 17:30:02] Synced coin: Arbitrum (arb)
[2025-11-23 17:30:02] Synced coin: Binance Staked SOL (bnsol)
[2025-11-23 17:30:02] Synced coin: VeChain (vet)
[2025-11-23 17:30:02] Synced coin: Quant (qnt)
[2025-11-23 17:30:02] Synced coin: Kaspa (kas)
[2025-11-23 17:30:02] Synced coin: Flare (flr)
[2025-11-23 17:30:02] Synced coin: Function FBTC (fbtc)
[2025-11-23 17:30:02] Synced coin: Kelp DAO Restaked ETH (rseth)
[2025-11-23 17:30:02] Synced coin: Lombard Staked BTC (lbtc)
[2025-11-23 17:30:02] Synced coin: Kinetiq Staked HYPE (khype)
[2025-11-23 17:30:02] Sync completed successfully.
[2025-11-23 17:35:01] Synced coin: Bitcoin (btc)
[2025-11-23 17:35:01] Synced coin: Ethereum (eth)
[2025-11-23 17:35:01] Synced coin: Tether (usdt)
[2025-11-23 17:35:01] Synced coin: XRP (xrp)
[2025-11-23 17:35:01] Synced coin: BNB (bnb)
[2025-11-23 17:35:01] Synced coin: USDC (usdc)
[2025-11-23 17:35:01] Synced coin: Solana (sol)
[2025-11-23 17:35:01] Synced coin: TRON (trx)
[2025-11-23 17:35:01] Synced coin: Lido Staked Ether (steth)
[2025-11-23 17:35:01] Synced coin: Dogecoin (doge)
[2025-11-23 17:35:01] Synced coin: Cardano (ada)
[2025-11-23 17:35:01] Synced coin: Figure Heloc (figr_heloc)
[2025-11-23 17:35:01] Synced coin: WhiteBIT Coin (wbt)
[2025-11-23 17:35:01] Synced coin: Wrapped stETH (wsteth)
[2025-11-23 17:35:01] Synced coin: Bitcoin Cash (bch)
[2025-11-23 17:35:01] Synced coin: Wrapped Bitcoin (wbtc)
[2025-11-23 17:35:01] Synced coin: Wrapped Beacon ETH (wbeth)
[2025-11-23 17:35:01] Synced coin: Zcash (zec)
[2025-11-23 17:35:01] Synced coin: USDS (usds)
[2025-11-23 17:35:01] Synced coin: Binance Bridged USDT (BNB Smart Chain) (bsc-usd)
[2025-11-23 17:35:01] Synced coin: LEO Token (leo)
[2025-11-23 17:35:01] Synced coin: Chainlink (link)
[2025-11-23 17:35:01] Synced coin: Hyperliquid (hype)
[2025-11-23 17:35:01] Synced coin: Stellar (xlm)
[2025-11-23 17:35:01] Synced coin: Ethena USDe (usde)
[2025-11-23 17:35:01] Synced coin: WETH (weth)
[2025-11-23 17:35:01] Synced coin: Monero (xmr)
[2025-11-23 17:35:01] Synced coin: Wrapped eETH (weeth)
[2025-11-23 17:35:01] Synced coin: Coinbase Wrapped BTC (cbbtc)
[2025-11-23 17:35:01] Synced coin: Litecoin (ltc)
[2025-11-23 17:35:01] Synced coin: Hedera (hbar)
[2025-11-23 17:35:01] Synced coin: Avalanche (avax)
[2025-11-23 17:35:01] Synced coin: Sui (sui)
[2025-11-23 17:35:01] Synced coin: Shiba Inu (shib)
[2025-11-23 17:35:01] Synced coin: Dai (dai)
[2025-11-23 17:35:01] Synced coin: Ethena Staked USDe (susde)
[2025-11-23 17:35:01] Synced coin: World Liberty Financial (wlfi)
[2025-11-23 17:35:01] Synced coin: Cronos (cro)
[2025-11-23 17:35:01] Synced coin: USDT0 (usdt0)
[2025-11-23 17:35:01] Synced coin: Uniswap (uni)
[2025-11-23 17:35:01] Synced coin: sUSDS (susds)
[2025-11-23 17:35:01] Synced coin: Polkadot (dot)
[2025-11-23 17:35:01] Synced coin: Toncoin (ton)
[2025-11-23 17:35:01] Synced coin: PayPal USD (pyusd)
[2025-11-23 17:35:01] Synced coin: Mantle (mnt)
[2025-11-23 17:35:01] Synced coin: MemeCore (m)
[2025-11-23 17:35:01] Synced coin: Bittensor (tao)
[2025-11-23 17:35:01] Synced coin: USD1 (usd1)
[2025-11-23 17:35:01] Synced coin: Canton (cc)
[2025-11-23 17:35:01] Synced coin: Currency One USD (c1usd)
[2025-11-23 17:35:01] Synced coin: Bitget Token (bgb)
[2025-11-23 17:35:01] Synced coin: Aave (aave)
[2025-11-23 17:35:01] Synced coin: NEAR Protocol (near)
[2025-11-23 17:35:01] Synced coin: BlackRock USD Institutional Digital Liquidity Fund (buidl)
[2025-11-23 17:35:01] Synced coin: Aster (aster)
[2025-11-23 17:35:01] Synced coin: Internet Computer (icp)
[2025-11-23 17:35:01] Synced coin: OKB (okb)
[2025-11-23 17:35:01] Synced coin: Falcon USD (usdf)
[2025-11-23 17:35:01] Synced coin: Tether Gold (xaut)
[2025-11-23 17:35:01] Synced coin: Ethereum Classic (etc)
[2025-11-23 17:35:01] Synced coin: Pi Network (pi)
[2025-11-23 17:35:01] Synced coin: Jito Staked SOL (jitosol)
[2025-11-23 17:35:01] Synced coin: Jupiter Perpetuals Liquidity Provider Token (jlp)
[2025-11-23 17:35:01] Synced coin: Ethena (ena)
[2025-11-23 17:35:01] Synced coin: Pepe (pepe)
[2025-11-23 17:35:01] Synced coin: Aptos (apt)
[2025-11-23 17:35:01] Synced coin: Binance-Peg WETH (weth)
[2025-11-23 17:35:01] Synced coin: Wrapped SOL (sol)
[2025-11-23 17:35:01] Synced coin: HTX DAO (htx)
[2025-11-23 17:35:01] Synced coin: Pump.fun (pump)
[2025-11-23 17:35:01] Synced coin: KuCoin (kcs)
[2025-11-23 17:35:01] Synced coin: Ondo (ondo)
[2025-11-23 17:35:01] Synced coin: POL (ex-MATIC) (pol)
[2025-11-23 17:35:01] Synced coin: Worldcoin (wld)
[2025-11-23 17:35:01] Synced coin: PAX Gold (paxg)
[2025-11-23 17:35:01] Synced coin: USDtb (usdtb)
[2025-11-23 17:35:01] Synced coin: BFUSD (bfusd)
[2025-11-23 17:35:01] Synced coin: syrupUSDC (syrupusdc)
[2025-11-23 17:35:01] Synced coin: Binance Bridged USDC (BNB Smart Chain) (usdc)
[2025-11-23 17:35:01] Synced coin: Provenance Blockchain (hash)
[2025-11-23 17:35:01] Synced coin: Official Trump (trump)
[2025-11-23 17:35:01] Synced coin: Cosmos Hub (atom)
[2025-11-23 17:35:01] Synced coin: Rocket Pool ETH (reth)
[2025-11-23 17:35:01] Synced coin: Algorand (algo)
[2025-11-23 17:35:01] Synced coin: Filecoin (fil)
[2025-11-23 17:35:01] Synced coin: Circle USYC (usyc)
[2025-11-23 17:35:01] Synced coin: Gate (gt)
[2025-11-23 17:35:01] Synced coin: Global Dollar (usdg)
[2025-11-23 17:35:01] Synced coin: Ripple USD (rlusd)
[2025-11-23 17:35:01] Synced coin: Wrapped BNB (wbnb)
[2025-11-23 17:35:01] Synced coin: Arbitrum (arb)
[2025-11-23 17:35:01] Synced coin: Binance Staked SOL (bnsol)
[2025-11-23 17:35:01] Synced coin: VeChain (vet)
[2025-11-23 17:35:01] Synced coin: Quant (qnt)
[2025-11-23 17:35:01] Synced coin: Kaspa (kas)
[2025-11-23 17:35:01] Synced coin: Flare (flr)
[2025-11-23 17:35:01] Synced coin: Function FBTC (fbtc)
[2025-11-23 17:35:01] Synced coin: Kelp DAO Restaked ETH (rseth)
[2025-11-23 17:35:01] Synced coin: Lombard Staked BTC (lbtc)
[2025-11-23 17:35:01] Synced coin: Kinetiq Staked HYPE (khype)
[2025-11-23 17:35:01] Sync completed successfully.
[2025-11-23 17:40:01] Synced coin: Bitcoin (btc)
[2025-11-23 17:40:01] Synced coin: Ethereum (eth)
[2025-11-23 17:40:01] Synced coin: Tether (usdt)
[2025-11-23 17:40:01] Synced coin: XRP (xrp)
[2025-11-23 17:40:01] Synced coin: BNB (bnb)
[2025-11-23 17:40:01] Synced coin: USDC (usdc)
[2025-11-23 17:40:01] Synced coin: Solana (sol)
[2025-11-23 17:40:01] Synced coin: TRON (trx)
[2025-11-23 17:40:01] Synced coin: Lido Staked Ether (steth)
[2025-11-23 17:40:01] Synced coin: Dogecoin (doge)
[2025-11-23 17:40:01] Synced coin: Cardano (ada)
[2025-11-23 17:40:01] Synced coin: Figure Heloc (figr_heloc)
[2025-11-23 17:40:01] Synced coin: WhiteBIT Coin (wbt)
[2025-11-23 17:40:01] Synced coin: Wrapped stETH (wsteth)
[2025-11-23 17:40:01] Synced coin: Bitcoin Cash (bch)
[2025-11-23 17:40:01] Synced coin: Wrapped Bitcoin (wbtc)
[2025-11-23 17:40:01] Synced coin: Wrapped Beacon ETH (wbeth)
[2025-11-23 17:40:01] Synced coin: Zcash (zec)
[2025-11-23 17:40:01] Synced coin: USDS (usds)
[2025-11-23 17:40:01] Synced coin: Binance Bridged USDT (BNB Smart Chain) (bsc-usd)
[2025-11-23 17:40:01] Synced coin: LEO Token (leo)
[2025-11-23 17:40:01] Synced coin: Chainlink (link)
[2025-11-23 17:40:01] Synced coin: Hyperliquid (hype)
[2025-11-23 17:40:01] Synced coin: Stellar (xlm)
[2025-11-23 17:40:01] Synced coin: Ethena USDe (usde)
[2025-11-23 17:40:01] Synced coin: WETH (weth)
[2025-11-23 17:40:01] Synced coin: Monero (xmr)
[2025-11-23 17:40:01] Synced coin: Wrapped eETH (weeth)
[2025-11-23 17:40:01] Synced coin: Coinbase Wrapped BTC (cbbtc)
[2025-11-23 17:40:01] Synced coin: Litecoin (ltc)
[2025-11-23 17:40:01] Synced coin: Hedera (hbar)
[2025-11-23 17:40:01] Synced coin: Avalanche (avax)
[2025-11-23 17:40:01] Synced coin: Sui (sui)
[2025-11-23 17:40:01] Synced coin: Shiba Inu (shib)
[2025-11-23 17:40:01] Synced coin: Dai (dai)
[2025-11-23 17:40:01] Synced coin: Ethena Staked USDe (susde)
[2025-11-23 17:40:01] Synced coin: World Liberty Financial (wlfi)
[2025-11-23 17:40:01] Synced coin: Cronos (cro)
[2025-11-23 17:40:01] Synced coin: USDT0 (usdt0)
[2025-11-23 17:40:01] Synced coin: Uniswap (uni)
[2025-11-23 17:40:01] Synced coin: sUSDS (susds)
[2025-11-23 17:40:01] Synced coin: Polkadot (dot)
[2025-11-23 17:40:01] Synced coin: Toncoin (ton)
[2025-11-23 17:40:01] Synced coin: PayPal USD (pyusd)
[2025-11-23 17:40:01] Synced coin: Mantle (mnt)
[2025-11-23 17:40:01] Synced coin: MemeCore (m)
[2025-11-23 17:40:01] Synced coin: Bittensor (tao)
[2025-11-23 17:40:01] Synced coin: USD1 (usd1)
[2025-11-23 17:40:01] Synced coin: Canton (cc)
[2025-11-23 17:40:01] Synced coin: Currency One USD (c1usd)
[2025-11-23 17:40:01] Synced coin: Bitget Token (bgb)
[2025-11-23 17:40:01] Synced coin: Aave (aave)
[2025-11-23 17:40:01] Synced coin: NEAR Protocol (near)
[2025-11-23 17:40:01] Synced coin: BlackRock USD Institutional Digital Liquidity Fund (buidl)
[2025-11-23 17:40:01] Synced coin: Aster (aster)
[2025-11-23 17:40:01] Synced coin: Internet Computer (icp)
[2025-11-23 17:40:01] Synced coin: OKB (okb)
[2025-11-23 17:40:01] Synced coin: Falcon USD (usdf)
[2025-11-23 17:40:01] Synced coin: Tether Gold (xaut)
[2025-11-23 17:40:01] Synced coin: Ethereum Classic (etc)
[2025-11-23 17:40:01] Synced coin: Pi Network (pi)
[2025-11-23 17:40:01] Synced coin: Jito Staked SOL (jitosol)
[2025-11-23 17:40:01] Synced coin: Jupiter Perpetuals Liquidity Provider Token (jlp)
[2025-11-23 17:40:01] Synced coin: Ethena (ena)
[2025-11-23 17:40:01] Synced coin: Pepe (pepe)
[2025-11-23 17:40:01] Synced coin: Aptos (apt)
[2025-11-23 17:40:01] Synced coin: Binance-Peg WETH (weth)
[2025-11-23 17:40:01] Synced coin: Wrapped SOL (sol)
[2025-11-23 17:40:01] Synced coin: HTX DAO (htx)
[2025-11-23 17:40:01] Synced coin: Pump.fun (pump)
[2025-11-23 17:40:01] Synced coin: KuCoin (kcs)
[2025-11-23 17:40:01] Synced coin: Ondo (ondo)
[2025-11-23 17:40:01] Synced coin: POL (ex-MATIC) (pol)
[2025-11-23 17:40:01] Synced coin: Worldcoin (wld)
[2025-11-23 17:40:01] Synced coin: PAX Gold (paxg)
[2025-11-23 17:40:01] Synced coin: USDtb (usdtb)
[2025-11-23 17:40:01] Synced coin: BFUSD (bfusd)
[2025-11-23 17:40:01] Synced coin: syrupUSDC (syrupusdc)
[2025-11-23 17:40:01] Synced coin: Binance Bridged USDC (BNB Smart Chain) (usdc)
[2025-11-23 17:40:01] Synced coin: Provenance Blockchain (hash)
[2025-11-23 17:40:01] Synced coin: Official Trump (trump)
[2025-11-23 17:40:01] Synced coin: Cosmos Hub (atom)
[2025-11-23 17:40:01] Synced coin: Rocket Pool ETH (reth)
[2025-11-23 17:40:01] Synced coin: Algorand (algo)
[2025-11-23 17:40:01] Synced coin: Filecoin (fil)
[2025-11-23 17:40:01] Synced coin: Circle USYC (usyc)
[2025-11-23 17:40:01] Synced coin: Gate (gt)
[2025-11-23 17:40:01] Synced coin: Global Dollar (usdg)
[2025-11-23 17:40:01] Synced coin: Ripple USD (rlusd)
[2025-11-23 17:40:01] Synced coin: Wrapped BNB (wbnb)
[2025-11-23 17:40:01] Synced coin: Arbitrum (arb)
[2025-11-23 17:40:01] Synced coin: Binance Staked SOL (bnsol)
[2025-11-23 17:40:01] Synced coin: VeChain (vet)
[2025-11-23 17:40:01] Synced coin: Quant (qnt)
[2025-11-23 17:40:01] Synced coin: Kaspa (kas)
[2025-11-23 17:40:01] Synced coin: Flare (flr)
[2025-11-23 17:40:01] Synced coin: Function FBTC (fbtc)
[2025-11-23 17:40:01] Synced coin: Kelp DAO Restaked ETH (rseth)
[2025-11-23 17:40:01] Synced coin: Lombard Staked BTC (lbtc)
[2025-11-23 17:40:01] Synced coin: Kinetiq Staked HYPE (khype)
[2025-11-23 17:40:01] Sync completed successfully.
[2025-11-23 17:45:02] Synced coin: Bitcoin (btc)
[2025-11-23 17:45:02] Synced coin: Ethereum (eth)
[2025-11-23 17:45:02] Synced coin: Tether (usdt)
[2025-11-23 17:45:02] Synced coin: XRP (xrp)
[2025-11-23 17:45:02] Synced coin: BNB (bnb)
[2025-11-23 17:45:02] Synced coin: USDC (usdc)
[2025-11-23 17:45:02] Synced coin: Solana (sol)
[2025-11-23 17:45:02] Synced coin: TRON (trx)
[2025-11-23 17:45:02] Synced coin: Lido Staked Ether (steth)
[2025-11-23 17:45:02] Synced coin: Dogecoin (doge)
[2025-11-23 17:45:02] Synced coin: Cardano (ada)
[2025-11-23 17:45:02] Synced coin: Figure Heloc (figr_heloc)
[2025-11-23 17:45:02] Synced coin: WhiteBIT Coin (wbt)
[2025-11-23 17:45:02] Synced coin: Wrapped stETH (wsteth)
[2025-11-23 17:45:02] Synced coin: Bitcoin Cash (bch)
[2025-11-23 17:45:02] Synced coin: Wrapped Bitcoin (wbtc)
[2025-11-23 17:45:02] Synced coin: Wrapped Beacon ETH (wbeth)
[2025-11-23 17:45:02] Synced coin: Zcash (zec)
[2025-11-23 17:45:02] Synced coin: USDS (usds)
[2025-11-23 17:45:02] Synced coin: Binance Bridged USDT (BNB Smart Chain) (bsc-usd)
[2025-11-23 17:45:02] Synced coin: LEO Token (leo)
[2025-11-23 17:45:02] Synced coin: Chainlink (link)
[2025-11-23 17:45:02] Synced coin: Hyperliquid (hype)
[2025-11-23 17:45:02] Synced coin: Stellar (xlm)
[2025-11-23 17:45:02] Synced coin: Ethena USDe (usde)
[2025-11-23 17:45:02] Synced coin: WETH (weth)
[2025-11-23 17:45:02] Synced coin: Monero (xmr)
[2025-11-23 17:45:02] Synced coin: Wrapped eETH (weeth)
[2025-11-23 17:45:02] Synced coin: Coinbase Wrapped BTC (cbbtc)
[2025-11-23 17:45:02] Synced coin: Litecoin (ltc)
[2025-11-23 17:45:02] Synced coin: Hedera (hbar)
[2025-11-23 17:45:02] Synced coin: Avalanche (avax)
[2025-11-23 17:45:02] Synced coin: Sui (sui)
[2025-11-23 17:45:02] Synced coin: Shiba Inu (shib)
[2025-11-23 17:45:02] Synced coin: Dai (dai)
[2025-11-23 17:45:02] Synced coin: Ethena Staked USDe (susde)
[2025-11-23 17:45:02] Synced coin: World Liberty Financial (wlfi)
[2025-11-23 17:45:02] Synced coin: Cronos (cro)
[2025-11-23 17:45:02] Synced coin: USDT0 (usdt0)
[2025-11-23 17:45:02] Synced coin: Uniswap (uni)
[2025-11-23 17:45:02] Synced coin: sUSDS (susds)
[2025-11-23 17:45:02] Synced coin: Polkadot (dot)
[2025-11-23 17:45:02] Synced coin: Toncoin (ton)
[2025-11-23 17:45:02] Synced coin: PayPal USD (pyusd)
[2025-11-23 17:45:02] Synced coin: Mantle (mnt)
[2025-11-23 17:45:02] Synced coin: MemeCore (m)
[2025-11-23 17:45:02] Synced coin: Bittensor (tao)
[2025-11-23 17:45:02] Synced coin: USD1 (usd1)
[2025-11-23 17:45:02] Synced coin: Canton (cc)
[2025-11-23 17:45:02] Synced coin: Currency One USD (c1usd)
[2025-11-23 17:45:02] Synced coin: Bitget Token (bgb)
[2025-11-23 17:45:02] Synced coin: Aave (aave)
[2025-11-23 17:45:02] Synced coin: NEAR Protocol (near)
[2025-11-23 17:45:02] Synced coin: BlackRock USD Institutional Digital Liquidity Fund (buidl)
[2025-11-23 17:45:02] Synced coin: Aster (aster)
[2025-11-23 17:45:02] Synced coin: Internet Computer (icp)
[2025-11-23 17:45:02] Synced coin: OKB (okb)
[2025-11-23 17:45:02] Synced coin: Falcon USD (usdf)
[2025-11-23 17:45:02] Synced coin: Tether Gold (xaut)
[2025-11-23 17:45:02] Synced coin: Ethereum Classic (etc)
[2025-11-23 17:45:02] Synced coin: Pi Network (pi)
[2025-11-23 17:45:02] Synced coin: Jito Staked SOL (jitosol)
[2025-11-23 17:45:02] Synced coin: Jupiter Perpetuals Liquidity Provider Token (jlp)
[2025-11-23 17:45:02] Synced coin: Ethena (ena)
[2025-11-23 17:45:02] Synced coin: Pepe (pepe)
[2025-11-23 17:45:02] Synced coin: Aptos (apt)
[2025-11-23 17:45:02] Synced coin: Binance-Peg WETH (weth)
[2025-11-23 17:45:02] Synced coin: Wrapped SOL (sol)
[2025-11-23 17:45:02] Synced coin: HTX DAO (htx)
[2025-11-23 17:45:02] Synced coin: Pump.fun (pump)
[2025-11-23 17:45:02] Synced coin: KuCoin (kcs)
[2025-11-23 17:45:02] Synced coin: Ondo (ondo)
[2025-11-23 17:45:02] Synced coin: POL (ex-MATIC) (pol)
[2025-11-23 17:45:02] Synced coin: Worldcoin (wld)
[2025-11-23 17:45:02] Synced coin: PAX Gold (paxg)
[2025-11-23 17:45:02] Synced coin: USDtb (usdtb)
[2025-11-23 17:45:02] Synced coin: BFUSD (bfusd)
[2025-11-23 17:45:02] Synced coin: syrupUSDC (syrupusdc)
[2025-11-23 17:45:02] Synced coin: Binance Bridged USDC (BNB Smart Chain) (usdc)
[2025-11-23 17:45:02] Synced coin: Provenance Blockchain (hash)
[2025-11-23 17:45:02] Synced coin: Official Trump (trump)
[2025-11-23 17:45:02] Synced coin: Cosmos Hub (atom)
[2025-11-23 17:45:02] Synced coin: Rocket Pool ETH (reth)
[2025-11-23 17:45:02] Synced coin: Algorand (algo)
[2025-11-23 17:45:02] Synced coin: Filecoin (fil)
[2025-11-23 17:45:02] Synced coin: Circle USYC (usyc)
[2025-11-23 17:45:02] Synced coin: Gate (gt)
[2025-11-23 17:45:02] Synced coin: Global Dollar (usdg)
[2025-11-23 17:45:02] Synced coin: Ripple USD (rlusd)
[2025-11-23 17:45:02] Synced coin: Wrapped BNB (wbnb)
[2025-11-23 17:45:02] Synced coin: Arbitrum (arb)
[2025-11-23 17:45:02] Synced coin: Binance Staked SOL (bnsol)
[2025-11-23 17:45:02] Synced coin: VeChain (vet)
[2025-11-23 17:45:02] Synced coin: Quant (qnt)
[2025-11-23 17:45:02] Synced coin: Kaspa (kas)
[2025-11-23 17:45:02] Synced coin: Function FBTC (fbtc)
[2025-11-23 17:45:02] Synced coin: Flare (flr)
[2025-11-23 17:45:02] Synced coin: Kelp DAO Restaked ETH (rseth)
[2025-11-23 17:45:02] Synced coin: Lombard Staked BTC (lbtc)
[2025-11-23 17:45:02] Synced coin: Kinetiq Staked HYPE (khype)
[2025-11-23 17:45:02] Sync completed successfully.
[2025-11-23 17:50:01] Synced coin: Bitcoin (btc)
[2025-11-23 17:50:01] Synced coin: Ethereum (eth)
[2025-11-23 17:50:01] Synced coin: Tether (usdt)
[2025-11-23 17:50:01] Synced coin: XRP (xrp)
[2025-11-23 17:50:01] Synced coin: BNB (bnb)
[2025-11-23 17:50:01] Synced coin: USDC (usdc)
[2025-11-23 17:50:01] Synced coin: Solana (sol)
[2025-11-23 17:50:01] Synced coin: TRON (trx)
[2025-11-23 17:50:01] Synced coin: Lido Staked Ether (steth)
[2025-11-23 17:50:01] Synced coin: Dogecoin (doge)
[2025-11-23 17:50:01] Synced coin: Cardano (ada)
[2025-11-23 17:50:01] Synced coin: Figure Heloc (figr_heloc)
[2025-11-23 17:50:01] Synced coin: WhiteBIT Coin (wbt)
[2025-11-23 17:50:01] Synced coin: Wrapped stETH (wsteth)
[2025-11-23 17:50:01] Synced coin: Bitcoin Cash (bch)
[2025-11-23 17:50:01] Synced coin: Wrapped Bitcoin (wbtc)
[2025-11-23 17:50:01] Synced coin: Wrapped Beacon ETH (wbeth)
[2025-11-23 17:50:01] Synced coin: Zcash (zec)
[2025-11-23 17:50:01] Synced coin: USDS (usds)
[2025-11-23 17:50:01] Synced coin: Binance Bridged USDT (BNB Smart Chain) (bsc-usd)
[2025-11-23 17:50:01] Synced coin: LEO Token (leo)
[2025-11-23 17:50:01] Synced coin: Chainlink (link)
[2025-11-23 17:50:01] Synced coin: Hyperliquid (hype)
[2025-11-23 17:50:01] Synced coin: Stellar (xlm)
[2025-11-23 17:50:01] Synced coin: Ethena USDe (usde)
[2025-11-23 17:50:01] Synced coin: WETH (weth)
[2025-11-23 17:50:01] Synced coin: Monero (xmr)
[2025-11-23 17:50:01] Synced coin: Wrapped eETH (weeth)
[2025-11-23 17:50:01] Synced coin: Coinbase Wrapped BTC (cbbtc)
[2025-11-23 17:50:01] Synced coin: Litecoin (ltc)
[2025-11-23 17:50:01] Synced coin: Hedera (hbar)
[2025-11-23 17:50:01] Synced coin: Avalanche (avax)
[2025-11-23 17:50:01] Synced coin: Sui (sui)
[2025-11-23 17:50:01] Synced coin: Shiba Inu (shib)
[2025-11-23 17:50:01] Synced coin: Dai (dai)
[2025-11-23 17:50:01] Synced coin: Ethena Staked USDe (susde)
[2025-11-23 17:50:01] Synced coin: World Liberty Financial (wlfi)
[2025-11-23 17:50:01] Synced coin: Cronos (cro)
[2025-11-23 17:50:01] Synced coin: USDT0 (usdt0)
[2025-11-23 17:50:01] Synced coin: Uniswap (uni)
[2025-11-23 17:50:01] Synced coin: sUSDS (susds)
[2025-11-23 17:50:01] Synced coin: Polkadot (dot)
[2025-11-23 17:50:01] Synced coin: Toncoin (ton)
[2025-11-23 17:50:01] Synced coin: PayPal USD (pyusd)
[2025-11-23 17:50:01] Synced coin: Mantle (mnt)
[2025-11-23 17:50:01] Synced coin: MemeCore (m)
[2025-11-23 17:50:01] Synced coin: Bittensor (tao)
[2025-11-23 17:50:01] Synced coin: USD1 (usd1)
[2025-11-23 17:50:01] Synced coin: Canton (cc)
[2025-11-23 17:50:01] Synced coin: Currency One USD (c1usd)
[2025-11-23 17:50:01] Synced coin: Bitget Token (bgb)
[2025-11-23 17:50:01] Synced coin: Aave (aave)
[2025-11-23 17:50:01] Synced coin: NEAR Protocol (near)
[2025-11-23 17:50:01] Synced coin: BlackRock USD Institutional Digital Liquidity Fund (buidl)
[2025-11-23 17:50:01] Synced coin: Aster (aster)
[2025-11-23 17:50:01] Synced coin: Internet Computer (icp)
[2025-11-23 17:50:01] Synced coin: OKB (okb)
[2025-11-23 17:50:01] Synced coin: Falcon USD (usdf)
[2025-11-23 17:50:01] Synced coin: Tether Gold (xaut)
[2025-11-23 17:50:01] Synced coin: Ethereum Classic (etc)
[2025-11-23 17:50:01] Synced coin: Pi Network (pi)
[2025-11-23 17:50:01] Synced coin: Jito Staked SOL (jitosol)
[2025-11-23 17:50:01] Synced coin: Jupiter Perpetuals Liquidity Provider Token (jlp)
[2025-11-23 17:50:01] Synced coin: Ethena (ena)
[2025-11-23 17:50:01] Synced coin: Pepe (pepe)
[2025-11-23 17:50:01] Synced coin: Aptos (apt)
[2025-11-23 17:50:01] Synced coin: Binance-Peg WETH (weth)
[2025-11-23 17:50:01] Synced coin: Wrapped SOL (sol)
[2025-11-23 17:50:01] Synced coin: HTX DAO (htx)
[2025-11-23 17:50:01] Synced coin: Pump.fun (pump)
[2025-11-23 17:50:01] Synced coin: KuCoin (kcs)
[2025-11-23 17:50:01] Synced coin: Ondo (ondo)
[2025-11-23 17:50:01] Synced coin: POL (ex-MATIC) (pol)
[2025-11-23 17:50:01] Synced coin: Worldcoin (wld)
[2025-11-23 17:50:01] Synced coin: PAX Gold (paxg)
[2025-11-23 17:50:01] Synced coin: USDtb (usdtb)
[2025-11-23 17:50:01] Synced coin: BFUSD (bfusd)
[2025-11-23 17:50:01] Synced coin: syrupUSDC (syrupusdc)
[2025-11-23 17:50:01] Synced coin: Binance Bridged USDC (BNB Smart Chain) (usdc)
[2025-11-23 17:50:01] Synced coin: Provenance Blockchain (hash)
[2025-11-23 17:50:01] Synced coin: Official Trump (trump)
[2025-11-23 17:50:01] Synced coin: Cosmos Hub (atom)
[2025-11-23 17:50:01] Synced coin: Rocket Pool ETH (reth)
[2025-11-23 17:50:01] Synced coin: Algorand (algo)
[2025-11-23 17:50:01] Synced coin: Filecoin (fil)
[2025-11-23 17:50:01] Synced coin: Circle USYC (usyc)
[2025-11-23 17:50:01] Synced coin: Gate (gt)
[2025-11-23 17:50:01] Synced coin: Global Dollar (usdg)
[2025-11-23 17:50:01] Synced coin: Ripple USD (rlusd)
[2025-11-23 17:50:01] Synced coin: Wrapped BNB (wbnb)
[2025-11-23 17:50:01] Synced coin: Arbitrum (arb)
[2025-11-23 17:50:01] Synced coin: Binance Staked SOL (bnsol)
[2025-11-23 17:50:01] Synced coin: VeChain (vet)
[2025-11-23 17:50:01] Synced coin: Quant (qnt)
[2025-11-23 17:50:01] Synced coin: Kaspa (kas)
[2025-11-23 17:50:01] Synced coin: Function FBTC (fbtc)
[2025-11-23 17:50:01] Synced coin: Flare (flr)
[2025-11-23 17:50:01] Synced coin: Kelp DAO Restaked ETH (rseth)
[2025-11-23 17:50:01] Synced coin: Lombard Staked BTC (lbtc)
[2025-11-23 17:50:01] Synced coin: Kinetiq Staked HYPE (khype)
[2025-11-23 17:50:01] Sync completed successfully.
[2025-11-23 17:55:02] Synced coin: Bitcoin (btc)
[2025-11-23 17:55:02] Synced coin: Ethereum (eth)
[2025-11-23 17:55:02] Synced coin: Tether (usdt)
[2025-11-23 17:55:02] Synced coin: XRP (xrp)
[2025-11-23 17:55:02] Synced coin: BNB (bnb)
[2025-11-23 17:55:02] Synced coin: USDC (usdc)
[2025-11-23 17:55:02] Synced coin: Solana (sol)
[2025-11-23 17:55:02] Synced coin: TRON (trx)
[2025-11-23 17:55:02] Synced coin: Lido Staked Ether (steth)
[2025-11-23 17:55:02] Synced coin: Dogecoin (doge)
[2025-11-23 17:55:02] Synced coin: Cardano (ada)
[2025-11-23 17:55:02] Synced coin: Figure Heloc (figr_heloc)
[2025-11-23 17:55:02] Synced coin: WhiteBIT Coin (wbt)
[2025-11-23 17:55:02] Synced coin: Wrapped stETH (wsteth)
[2025-11-23 17:55:02] Synced coin: Bitcoin Cash (bch)
[2025-11-23 17:55:02] Synced coin: Wrapped Bitcoin (wbtc)
[2025-11-23 17:55:02] Synced coin: Wrapped Beacon ETH (wbeth)
[2025-11-23 17:55:02] Synced coin: Zcash (zec)
[2025-11-23 17:55:02] Synced coin: USDS (usds)
[2025-11-23 17:55:02] Synced coin: Binance Bridged USDT (BNB Smart Chain) (bsc-usd)
[2025-11-23 17:55:02] Synced coin: LEO Token (leo)
[2025-11-23 17:55:02] Synced coin: Chainlink (link)
[2025-11-23 17:55:02] Synced coin: Hyperliquid (hype)
[2025-11-23 17:55:02] Synced coin: Stellar (xlm)
[2025-11-23 17:55:02] Synced coin: Ethena USDe (usde)
[2025-11-23 17:55:02] Synced coin: WETH (weth)
[2025-11-23 17:55:02] Synced coin: Monero (xmr)
[2025-11-23 17:55:02] Synced coin: Wrapped eETH (weeth)
[2025-11-23 17:55:02] Synced coin: Coinbase Wrapped BTC (cbbtc)
[2025-11-23 17:55:02] Synced coin: Litecoin (ltc)
[2025-11-23 17:55:02] Synced coin: Hedera (hbar)
[2025-11-23 17:55:02] Synced coin: Avalanche (avax)
[2025-11-23 17:55:02] Synced coin: Sui (sui)
[2025-11-23 17:55:02] Synced coin: Shiba Inu (shib)
[2025-11-23 17:55:02] Synced coin: Dai (dai)
[2025-11-23 17:55:02] Synced coin: Ethena Staked USDe (susde)
[2025-11-23 17:55:02] Synced coin: World Liberty Financial (wlfi)
[2025-11-23 17:55:02] Synced coin: Cronos (cro)
[2025-11-23 17:55:02] Synced coin: USDT0 (usdt0)
[2025-11-23 17:55:02] Synced coin: Uniswap (uni)
[2025-11-23 17:55:02] Synced coin: sUSDS (susds)
[2025-11-23 17:55:02] Synced coin: Polkadot (dot)
[2025-11-23 17:55:02] Synced coin: Toncoin (ton)
[2025-11-23 17:55:02] Synced coin: PayPal USD (pyusd)
[2025-11-23 17:55:02] Synced coin: Mantle (mnt)
[2025-11-23 17:55:02] Synced coin: MemeCore (m)
[2025-11-23 17:55:02] Synced coin: Bittensor (tao)
[2025-11-23 17:55:02] Synced coin: USD1 (usd1)
[2025-11-23 17:55:02] Synced coin: Canton (cc)
[2025-11-23 17:55:02] Synced coin: Currency One USD (c1usd)
[2025-11-23 17:55:02] Synced coin: Bitget Token (bgb)
[2025-11-23 17:55:02] Synced coin: Aave (aave)
[2025-11-23 17:55:02] Synced coin: NEAR Protocol (near)
[2025-11-23 17:55:02] Synced coin: BlackRock USD Institutional Digital Liquidity Fund (buidl)
[2025-11-23 17:55:02] Synced coin: Aster (aster)
[2025-11-23 17:55:02] Synced coin: Internet Computer (icp)
[2025-11-23 17:55:02] Synced coin: OKB (okb)
[2025-11-23 17:55:02] Synced coin: Falcon USD (usdf)
[2025-11-23 17:55:02] Synced coin: Tether Gold (xaut)
[2025-11-23 17:55:02] Synced coin: Ethereum Classic (etc)
[2025-11-23 17:55:02] Synced coin: Pi Network (pi)
[2025-11-23 17:55:02] Synced coin: Jito Staked SOL (jitosol)
[2025-11-23 17:55:02] Synced coin: Jupiter Perpetuals Liquidity Provider Token (jlp)
[2025-11-23 17:55:02] Synced coin: Ethena (ena)
[2025-11-23 17:55:02] Synced coin: Pepe (pepe)
[2025-11-23 17:55:02] Synced coin: Aptos (apt)
[2025-11-23 17:55:02] Synced coin: Binance-Peg WETH (weth)
[2025-11-23 17:55:02] Synced coin: Wrapped SOL (sol)
[2025-11-23 17:55:02] Synced coin: HTX DAO (htx)
[2025-11-23 17:55:02] Synced coin: Pump.fun (pump)
[2025-11-23 17:55:02] Synced coin: KuCoin (kcs)
[2025-11-23 17:55:02] Synced coin: Ondo (ondo)
[2025-11-23 17:55:02] Synced coin: POL (ex-MATIC) (pol)
[2025-11-23 17:55:02] Synced coin: Worldcoin (wld)
[2025-11-23 17:55:02] Synced coin: PAX Gold (paxg)
[2025-11-23 17:55:02] Synced coin: USDtb (usdtb)
[2025-11-23 17:55:02] Synced coin: BFUSD (bfusd)
[2025-11-23 17:55:02] Synced coin: syrupUSDC (syrupusdc)
[2025-11-23 17:55:02] Synced coin: Binance Bridged USDC (BNB Smart Chain) (usdc)
[2025-11-23 17:55:02] Synced coin: Provenance Blockchain (hash)
[2025-11-23 17:55:02] Synced coin: Official Trump (trump)
[2025-11-23 17:55:02] Synced coin: Cosmos Hub (atom)
[2025-11-23 17:55:02] Synced coin: Rocket Pool ETH (reth)
[2025-11-23 17:55:02] Synced coin: Algorand (algo)
[2025-11-23 17:55:02] Synced coin: Filecoin (fil)
[2025-11-23 17:55:02] Synced coin: Circle USYC (usyc)
[2025-11-23 17:55:02] Synced coin: Gate (gt)
[2025-11-23 17:55:02] Synced coin: Global Dollar (usdg)
[2025-11-23 17:55:02] Synced coin: Ripple USD (rlusd)
[2025-11-23 17:55:02] Synced coin: Wrapped BNB (wbnb)
[2025-11-23 17:55:02] Synced coin: Arbitrum (arb)
[2025-11-23 17:55:02] Synced coin: Binance Staked SOL (bnsol)
[2025-11-23 17:55:02] Synced coin: VeChain (vet)
[2025-11-23 17:55:02] Synced coin: Quant (qnt)
[2025-11-23 17:55:02] Synced coin: Kaspa (kas)
[2025-11-23 17:55:02] Synced coin: Function FBTC (fbtc)
[2025-11-23 17:55:02] Synced coin: Flare (flr)
[2025-11-23 17:55:02] Synced coin: Kelp DAO Restaked ETH (rseth)
[2025-11-23 17:55:02] Synced coin: Lombard Staked BTC (lbtc)
[2025-11-23 17:55:02] Synced coin: Kinetiq Staked HYPE (khype)
[2025-11-23 17:55:02] Sync completed successfully.
[2025-11-23 18:00:01] Synced coin: Bitcoin (btc)
[2025-11-23 18:00:01] Synced coin: Ethereum (eth)
[2025-11-23 18:00:01] Synced coin: Tether (usdt)
[2025-11-23 18:00:01] Synced coin: XRP (xrp)
[2025-11-23 18:00:01] Synced coin: BNB (bnb)
[2025-11-23 18:00:01] Synced coin: USDC (usdc)
[2025-11-23 18:00:01] Synced coin: Solana (sol)
[2025-11-23 18:00:01] Synced coin: TRON (trx)
[2025-11-23 18:00:01] Synced coin: Lido Staked Ether (steth)
[2025-11-23 18:00:01] Synced coin: Dogecoin (doge)
[2025-11-23 18:00:01] Synced coin: Cardano (ada)
[2025-11-23 18:00:01] Synced coin: Figure Heloc (figr_heloc)
[2025-11-23 18:00:01] Synced coin: WhiteBIT Coin (wbt)
[2025-11-23 18:00:01] Synced coin: Wrapped stETH (wsteth)
[2025-11-23 18:00:01] Synced coin: Bitcoin Cash (bch)
[2025-11-23 18:00:01] Synced coin: Wrapped Bitcoin (wbtc)
[2025-11-23 18:00:01] Synced coin: Wrapped Beacon ETH (wbeth)
[2025-11-23 18:00:01] Synced coin: Zcash (zec)
[2025-11-23 18:00:01] Synced coin: USDS (usds)
[2025-11-23 18:00:01] Synced coin: Binance Bridged USDT (BNB Smart Chain) (bsc-usd)
[2025-11-23 18:00:01] Synced coin: LEO Token (leo)
[2025-11-23 18:00:01] Synced coin: Chainlink (link)
[2025-11-23 18:00:01] Synced coin: Hyperliquid (hype)
[2025-11-23 18:00:01] Synced coin: Stellar (xlm)
[2025-11-23 18:00:01] Synced coin: Ethena USDe (usde)
[2025-11-23 18:00:01] Synced coin: WETH (weth)
[2025-11-23 18:00:01] Synced coin: Monero (xmr)
[2025-11-23 18:00:01] Synced coin: Wrapped eETH (weeth)
[2025-11-23 18:00:01] Synced coin: Coinbase Wrapped BTC (cbbtc)
[2025-11-23 18:00:01] Synced coin: Litecoin (ltc)
[2025-11-23 18:00:01] Synced coin: Hedera (hbar)
[2025-11-23 18:00:01] Synced coin: Avalanche (avax)
[2025-11-23 18:00:01] Synced coin: Sui (sui)
[2025-11-23 18:00:01] Synced coin: Shiba Inu (shib)
[2025-11-23 18:00:01] Synced coin: Dai (dai)
[2025-11-23 18:00:01] Synced coin: Ethena Staked USDe (susde)
[2025-11-23 18:00:01] Synced coin: World Liberty Financial (wlfi)
[2025-11-23 18:00:01] Synced coin: Cronos (cro)
[2025-11-23 18:00:01] Synced coin: USDT0 (usdt0)
[2025-11-23 18:00:01] Synced coin: Uniswap (uni)
[2025-11-23 18:00:01] Synced coin: Polkadot (dot)
[2025-11-23 18:00:01] Synced coin: sUSDS (susds)
[2025-11-23 18:00:01] Synced coin: Toncoin (ton)
[2025-11-23 18:00:01] Synced coin: PayPal USD (pyusd)
[2025-11-23 18:00:01] Synced coin: MemeCore (m)
[2025-11-23 18:00:01] Synced coin: Mantle (mnt)
[2025-11-23 18:00:01] Synced coin: Bittensor (tao)
[2025-11-23 18:00:01] Synced coin: USD1 (usd1)
[2025-11-23 18:00:01] Synced coin: Canton (cc)
[2025-11-23 18:00:01] Synced coin: Currency One USD (c1usd)
[2025-11-23 18:00:01] Synced coin: Bitget Token (bgb)
[2025-11-23 18:00:01] Synced coin: Aave (aave)
[2025-11-23 18:00:01] Synced coin: NEAR Protocol (near)
[2025-11-23 18:00:01] Synced coin: BlackRock USD Institutional Digital Liquidity Fund (buidl)
[2025-11-23 18:00:01] Synced coin: Aster (aster)
[2025-11-23 18:00:01] Synced coin: Internet Computer (icp)
[2025-11-23 18:00:01] Synced coin: OKB (okb)
[2025-11-23 18:00:01] Synced coin: Falcon USD (usdf)
[2025-11-23 18:00:01] Synced coin: Tether Gold (xaut)
[2025-11-23 18:00:01] Synced coin: Ethereum Classic (etc)
[2025-11-23 18:00:01] Synced coin: Pi Network (pi)
[2025-11-23 18:00:01] Synced coin: Jito Staked SOL (jitosol)
[2025-11-23 18:00:01] Synced coin: Jupiter Perpetuals Liquidity Provider Token (jlp)
[2025-11-23 18:00:01] Synced coin: Ethena (ena)
[2025-11-23 18:00:01] Synced coin: Pepe (pepe)
[2025-11-23 18:00:01] Synced coin: Aptos (apt)
[2025-11-23 18:00:01] Synced coin: Binance-Peg WETH (weth)
[2025-11-23 18:00:01] Synced coin: Wrapped SOL (sol)
[2025-11-23 18:00:01] Synced coin: HTX DAO (htx)
[2025-11-23 18:00:01] Synced coin: Pump.fun (pump)
[2025-11-23 18:00:01] Synced coin: KuCoin (kcs)
[2025-11-23 18:00:01] Synced coin: Ondo (ondo)
[2025-11-23 18:00:01] Synced coin: POL (ex-MATIC) (pol)
[2025-11-23 18:00:01] Synced coin: Worldcoin (wld)
[2025-11-23 18:00:01] Synced coin: PAX Gold (paxg)
[2025-11-23 18:00:01] Synced coin: USDtb (usdtb)
[2025-11-23 18:00:01] Synced coin: BFUSD (bfusd)
[2025-11-23 18:00:01] Synced coin: syrupUSDC (syrupusdc)
[2025-11-23 18:00:01] Synced coin: Binance Bridged USDC (BNB Smart Chain) (usdc)
[2025-11-23 18:00:01] Synced coin: Provenance Blockchain (hash)
[2025-11-23 18:00:01] Synced coin: Official Trump (trump)
[2025-11-23 18:00:01] Synced coin: Cosmos Hub (atom)
[2025-11-23 18:00:01] Synced coin: Rocket Pool ETH (reth)
[2025-11-23 18:00:01] Synced coin: Algorand (algo)
[2025-11-23 18:00:01] Synced coin: Filecoin (fil)
[2025-11-23 18:00:01] Synced coin: Circle USYC (usyc)
[2025-11-23 18:00:01] Synced coin: Gate (gt)
[2025-11-23 18:00:01] Synced coin: Wrapped BNB (wbnb)
[2025-11-23 18:00:01] Synced coin: Global Dollar (usdg)
[2025-11-23 18:00:01] Synced coin: Ripple USD (rlusd)
[2025-11-23 18:00:01] Synced coin: Arbitrum (arb)
[2025-11-23 18:00:01] Synced coin: Binance Staked SOL (bnsol)
[2025-11-23 18:00:01] Synced coin: VeChain (vet)
[2025-11-23 18:00:01] Synced coin: Quant (qnt)
[2025-11-23 18:00:01] Synced coin: Kaspa (kas)
[2025-11-23 18:00:01] Synced coin: Function FBTC (fbtc)
[2025-11-23 18:00:01] Synced coin: Flare (flr)
[2025-11-23 18:00:01] Synced coin: Kelp DAO Restaked ETH (rseth)
[2025-11-23 18:00:01] Synced coin: Lombard Staked BTC (lbtc)
[2025-11-23 18:00:01] Synced coin: Kinetiq Staked HYPE (khype)
[2025-11-23 18:00:01] Sync completed successfully.
[2025-11-23 18:05:02] Synced coin: Bitcoin (btc)
[2025-11-23 18:05:02] Synced coin: Ethereum (eth)
[2025-11-23 18:05:02] Synced coin: Tether (usdt)
[2025-11-23 18:05:02] Synced coin: XRP (xrp)
[2025-11-23 18:05:02] Synced coin: BNB (bnb)
[2025-11-23 18:05:02] Synced coin: USDC (usdc)
[2025-11-23 18:05:02] Synced coin: Solana (sol)
[2025-11-23 18:05:02] Synced coin: TRON (trx)
[2025-11-23 18:05:02] Synced coin: Lido Staked Ether (steth)
[2025-11-23 18:05:02] Synced coin: Dogecoin (doge)
[2025-11-23 18:05:02] Synced coin: Cardano (ada)
[2025-11-23 18:05:02] Synced coin: Figure Heloc (figr_heloc)
[2025-11-23 18:05:02] Synced coin: WhiteBIT Coin (wbt)
[2025-11-23 18:05:02] Synced coin: Wrapped stETH (wsteth)
[2025-11-23 18:05:02] Synced coin: Bitcoin Cash (bch)
[2025-11-23 18:05:02] Synced coin: Wrapped Bitcoin (wbtc)
[2025-11-23 18:05:02] Synced coin: Wrapped Beacon ETH (wbeth)
[2025-11-23 18:05:02] Synced coin: Zcash (zec)
[2025-11-23 18:05:02] Synced coin: USDS (usds)
[2025-11-23 18:05:02] Synced coin: Binance Bridged USDT (BNB Smart Chain) (bsc-usd)
[2025-11-23 18:05:02] Synced coin: LEO Token (leo)
[2025-11-23 18:05:02] Synced coin: Chainlink (link)
[2025-11-23 18:05:02] Synced coin: Hyperliquid (hype)
[2025-11-23 18:05:02] Synced coin: Stellar (xlm)
[2025-11-23 18:05:02] Synced coin: Ethena USDe (usde)
[2025-11-23 18:05:02] Synced coin: WETH (weth)
[2025-11-23 18:05:02] Synced coin: Monero (xmr)
[2025-11-23 18:05:02] Synced coin: Wrapped eETH (weeth)
[2025-11-23 18:05:02] Synced coin: Coinbase Wrapped BTC (cbbtc)
[2025-11-23 18:05:02] Synced coin: Litecoin (ltc)
[2025-11-23 18:05:02] Synced coin: Hedera (hbar)
[2025-11-23 18:05:02] Synced coin: Avalanche (avax)
[2025-11-23 18:05:02] Synced coin: Sui (sui)
[2025-11-23 18:05:02] Synced coin: Shiba Inu (shib)
[2025-11-23 18:05:02] Synced coin: Dai (dai)
[2025-11-23 18:05:02] Synced coin: Ethena Staked USDe (susde)
[2025-11-23 18:05:02] Synced coin: World Liberty Financial (wlfi)
[2025-11-23 18:05:02] Synced coin: USDT0 (usdt0)
[2025-11-23 18:05:02] Synced coin: Cronos (cro)
[2025-11-23 18:05:02] Synced coin: Uniswap (uni)
[2025-11-23 18:05:02] Synced coin: sUSDS (susds)
[2025-11-23 18:05:02] Synced coin: Polkadot (dot)
[2025-11-23 18:05:02] Synced coin: Toncoin (ton)
[2025-11-23 18:05:02] Synced coin: PayPal USD (pyusd)
[2025-11-23 18:05:02] Synced coin: MemeCore (m)
[2025-11-23 18:05:02] Synced coin: Mantle (mnt)
[2025-11-23 18:05:02] Synced coin: USD1 (usd1)
[2025-11-23 18:05:02] Synced coin: Bittensor (tao)
[2025-11-23 18:05:02] Synced coin: Canton (cc)
[2025-11-23 18:05:02] Synced coin: Currency One USD (c1usd)
[2025-11-23 18:05:02] Synced coin: Bitget Token (bgb)
[2025-11-23 18:05:02] Synced coin: Aave (aave)
[2025-11-23 18:05:02] Synced coin: NEAR Protocol (near)
[2025-11-23 18:05:02] Synced coin: BlackRock USD Institutional Digital Liquidity Fund (buidl)
[2025-11-23 18:05:02] Synced coin: Aster (aster)
[2025-11-23 18:05:02] Synced coin: Internet Computer (icp)
[2025-11-23 18:05:02] Synced coin: OKB (okb)
[2025-11-23 18:05:02] Synced coin: Falcon USD (usdf)
[2025-11-23 18:05:02] Synced coin: Ethereum Classic (etc)
[2025-11-23 18:05:02] Synced coin: Tether Gold (xaut)
[2025-11-23 18:05:02] Synced coin: Pi Network (pi)
[2025-11-23 18:05:02] Synced coin: Jito Staked SOL (jitosol)
[2025-11-23 18:05:02] Synced coin: Jupiter Perpetuals Liquidity Provider Token (jlp)
[2025-11-23 18:05:02] Synced coin: Ethena (ena)
[2025-11-23 18:05:02] Synced coin: Pepe (pepe)
[2025-11-23 18:05:02] Synced coin: Aptos (apt)
[2025-11-23 18:05:02] Synced coin: Binance-Peg WETH (weth)
[2025-11-23 18:05:02] Synced coin: Wrapped SOL (sol)
[2025-11-23 18:05:02] Synced coin: HTX DAO (htx)
[2025-11-23 18:05:02] Synced coin: Pump.fun (pump)
[2025-11-23 18:05:02] Synced coin: KuCoin (kcs)
[2025-11-23 18:05:02] Synced coin: Ondo (ondo)
[2025-11-23 18:05:02] Synced coin: POL (ex-MATIC) (pol)
[2025-11-23 18:05:02] Synced coin: Worldcoin (wld)
[2025-11-23 18:05:02] Synced coin: PAX Gold (paxg)
[2025-11-23 18:05:02] Synced coin: USDtb (usdtb)
[2025-11-23 18:05:02] Synced coin: BFUSD (bfusd)
[2025-11-23 18:05:02] Synced coin: syrupUSDC (syrupusdc)
[2025-11-23 18:05:02] Synced coin: Binance Bridged USDC (BNB Smart Chain) (usdc)
[2025-11-23 18:05:02] Synced coin: Provenance Blockchain (hash)
[2025-11-23 18:05:02] Synced coin: Official Trump (trump)
[2025-11-23 18:05:02] Synced coin: Cosmos Hub (atom)
[2025-11-23 18:05:02] Synced coin: Algorand (algo)
[2025-11-23 18:05:02] Synced coin: Rocket Pool ETH (reth)
[2025-11-23 18:05:02] Synced coin: Filecoin (fil)
[2025-11-23 18:05:02] Synced coin: Circle USYC (usyc)
[2025-11-23 18:05:02] Synced coin: Gate (gt)
[2025-11-23 18:05:02] Synced coin: Ripple USD (rlusd)
[2025-11-23 18:05:02] Synced coin: Global Dollar (usdg)
[2025-11-23 18:05:02] Synced coin: Wrapped BNB (wbnb)
[2025-11-23 18:05:02] Synced coin: Arbitrum (arb)
[2025-11-23 18:05:02] Synced coin: Binance Staked SOL (bnsol)
[2025-11-23 18:05:02] Synced coin: VeChain (vet)
[2025-11-23 18:05:02] Synced coin: Quant (qnt)
[2025-11-23 18:05:02] Synced coin: Kaspa (kas)
[2025-11-23 18:05:02] Synced coin: Flare (flr)
[2025-11-23 18:05:02] Synced coin: Function FBTC (fbtc)
[2025-11-23 18:05:02] Synced coin: Kelp DAO Restaked ETH (rseth)
[2025-11-23 18:05:02] Synced coin: Lombard Staked BTC (lbtc)
[2025-11-23 18:05:02] Synced coin: Kinetiq Staked HYPE (khype)
[2025-11-23 18:05:02] Sync completed successfully.
[2025-11-23 18:10:01] Synced coin: Bitcoin (btc)
[2025-11-23 18:10:01] Synced coin: Ethereum (eth)
[2025-11-23 18:10:01] Synced coin: Tether (usdt)
[2025-11-23 18:10:01] Synced coin: XRP (xrp)
[2025-11-23 18:10:01] Synced coin: BNB (bnb)
[2025-11-23 18:10:01] Synced coin: USDC (usdc)
[2025-11-23 18:10:01] Synced coin: Solana (sol)
[2025-11-23 18:10:01] Synced coin: TRON (trx)
[2025-11-23 18:10:01] Synced coin: Lido Staked Ether (steth)
[2025-11-23 18:10:01] Synced coin: Dogecoin (doge)
[2025-11-23 18:10:01] Synced coin: Cardano (ada)
[2025-11-23 18:10:01] Synced coin: Figure Heloc (figr_heloc)
[2025-11-23 18:10:01] Synced coin: WhiteBIT Coin (wbt)
[2025-11-23 18:10:01] Synced coin: Wrapped stETH (wsteth)
[2025-11-23 18:10:01] Synced coin: Bitcoin Cash (bch)
[2025-11-23 18:10:01] Synced coin: Wrapped Bitcoin (wbtc)
[2025-11-23 18:10:01] Synced coin: Wrapped Beacon ETH (wbeth)
[2025-11-23 18:10:01] Synced coin: Zcash (zec)
[2025-11-23 18:10:01] Synced coin: USDS (usds)
[2025-11-23 18:10:01] Synced coin: Binance Bridged USDT (BNB Smart Chain) (bsc-usd)
[2025-11-23 18:10:01] Synced coin: LEO Token (leo)
[2025-11-23 18:10:01] Synced coin: Chainlink (link)
[2025-11-23 18:10:01] Synced coin: Hyperliquid (hype)
[2025-11-23 18:10:01] Synced coin: Stellar (xlm)
[2025-11-23 18:10:01] Synced coin: Ethena USDe (usde)
[2025-11-23 18:10:01] Synced coin: WETH (weth)
[2025-11-23 18:10:01] Synced coin: Monero (xmr)
[2025-11-23 18:10:01] Synced coin: Wrapped eETH (weeth)
[2025-11-23 18:10:01] Synced coin: Coinbase Wrapped BTC (cbbtc)
[2025-11-23 18:10:01] Synced coin: Litecoin (ltc)
[2025-11-23 18:10:01] Synced coin: Hedera (hbar)
[2025-11-23 18:10:01] Synced coin: Avalanche (avax)
[2025-11-23 18:10:01] Synced coin: Sui (sui)
[2025-11-23 18:10:01] Synced coin: Shiba Inu (shib)
[2025-11-23 18:10:01] Synced coin: Dai (dai)
[2025-11-23 18:10:01] Synced coin: Ethena Staked USDe (susde)
[2025-11-23 18:10:01] Synced coin: World Liberty Financial (wlfi)
[2025-11-23 18:10:01] Synced coin: USDT0 (usdt0)
[2025-11-23 18:10:01] Synced coin: Cronos (cro)
[2025-11-23 18:10:01] Synced coin: Uniswap (uni)
[2025-11-23 18:10:01] Synced coin: sUSDS (susds)
[2025-11-23 18:10:01] Synced coin: Polkadot (dot)
[2025-11-23 18:10:01] Synced coin: Toncoin (ton)
[2025-11-23 18:10:01] Synced coin: PayPal USD (pyusd)
[2025-11-23 18:10:01] Synced coin: MemeCore (m)
[2025-11-23 18:10:01] Synced coin: Mantle (mnt)
[2025-11-23 18:10:01] Synced coin: USD1 (usd1)
[2025-11-23 18:10:01] Synced coin: Bittensor (tao)
[2025-11-23 18:10:01] Synced coin: Canton (cc)
[2025-11-23 18:10:01] Synced coin: Currency One USD (c1usd)
[2025-11-23 18:10:01] Synced coin: Aave (aave)
[2025-11-23 18:10:01] Synced coin: Bitget Token (bgb)
[2025-11-23 18:10:01] Synced coin: NEAR Protocol (near)
[2025-11-23 18:10:01] Synced coin: BlackRock USD Institutional Digital Liquidity Fund (buidl)
[2025-11-23 18:10:01] Synced coin: Aster (aster)
[2025-11-23 18:10:01] Synced coin: Internet Computer (icp)
[2025-11-23 18:10:01] Synced coin: OKB (okb)
[2025-11-23 18:10:01] Synced coin: Falcon USD (usdf)
[2025-11-23 18:10:01] Synced coin: Tether Gold (xaut)
[2025-11-23 18:10:01] Synced coin: Ethereum Classic (etc)
[2025-11-23 18:10:01] Synced coin: Pi Network (pi)
[2025-11-23 18:10:01] Synced coin: Jito Staked SOL (jitosol)
[2025-11-23 18:10:01] Synced coin: Jupiter Perpetuals Liquidity Provider Token (jlp)
[2025-11-23 18:10:01] Synced coin: Ethena (ena)
[2025-11-23 18:10:01] Synced coin: Pepe (pepe)
[2025-11-23 18:10:01] Synced coin: Aptos (apt)
[2025-11-23 18:10:01] Synced coin: Binance-Peg WETH (weth)
[2025-11-23 18:10:01] Synced coin: Wrapped SOL (sol)
[2025-11-23 18:10:01] Synced coin: HTX DAO (htx)
[2025-11-23 18:10:01] Synced coin: Pump.fun (pump)
[2025-11-23 18:10:01] Synced coin: KuCoin (kcs)
[2025-11-23 18:10:01] Synced coin: Ondo (ondo)
[2025-11-23 18:10:01] Synced coin: POL (ex-MATIC) (pol)
[2025-11-23 18:10:01] Synced coin: Worldcoin (wld)
[2025-11-23 18:10:01] Synced coin: PAX Gold (paxg)
[2025-11-23 18:10:01] Synced coin: USDtb (usdtb)
[2025-11-23 18:10:01] Synced coin: BFUSD (bfusd)
[2025-11-23 18:10:01] Synced coin: syrupUSDC (syrupusdc)
[2025-11-23 18:10:01] Synced coin: Binance Bridged USDC (BNB Smart Chain) (usdc)
[2025-11-23 18:10:01] Synced coin: Provenance Blockchain (hash)
[2025-11-23 18:10:01] Synced coin: Official Trump (trump)
[2025-11-23 18:10:01] Synced coin: Cosmos Hub (atom)
[2025-11-23 18:10:01] Synced coin: Algorand (algo)
[2025-11-23 18:10:01] Synced coin: Rocket Pool ETH (reth)
[2025-11-23 18:10:01] Synced coin: Filecoin (fil)
[2025-11-23 18:10:01] Synced coin: Circle USYC (usyc)
[2025-11-23 18:10:01] Synced coin: Gate (gt)
[2025-11-23 18:10:01] Synced coin: Ripple USD (rlusd)
[2025-11-23 18:10:01] Synced coin: Global Dollar (usdg)
[2025-11-23 18:10:01] Synced coin: Wrapped BNB (wbnb)
[2025-11-23 18:10:01] Synced coin: Arbitrum (arb)
[2025-11-23 18:10:01] Synced coin: Binance Staked SOL (bnsol)
[2025-11-23 18:10:01] Synced coin: VeChain (vet)
[2025-11-23 18:10:01] Synced coin: Quant (qnt)
[2025-11-23 18:10:01] Synced coin: Kaspa (kas)
[2025-11-23 18:10:01] Synced coin: Flare (flr)
[2025-11-23 18:10:01] Synced coin: Function FBTC (fbtc)
[2025-11-23 18:10:01] Synced coin: Kelp DAO Restaked ETH (rseth)
[2025-11-23 18:10:01] Synced coin: Lombard Staked BTC (lbtc)
[2025-11-23 18:10:01] Synced coin: Kinetiq Staked HYPE (khype)
[2025-11-23 18:10:01] Sync completed successfully.
[2025-11-23 18:15:02] Synced coin: Bitcoin (btc)
[2025-11-23 18:15:02] Synced coin: Ethereum (eth)
[2025-11-23 18:15:02] Synced coin: Tether (usdt)
[2025-11-23 18:15:02] Synced coin: XRP (xrp)
[2025-11-23 18:15:02] Synced coin: BNB (bnb)
[2025-11-23 18:15:02] Synced coin: USDC (usdc)
[2025-11-23 18:15:02] Synced coin: Solana (sol)
[2025-11-23 18:15:02] Synced coin: TRON (trx)
[2025-11-23 18:15:02] Synced coin: Lido Staked Ether (steth)
[2025-11-23 18:15:02] Synced coin: Dogecoin (doge)
[2025-11-23 18:15:02] Synced coin: Cardano (ada)
[2025-11-23 18:15:02] Synced coin: Figure Heloc (figr_heloc)
[2025-11-23 18:15:02] Synced coin: WhiteBIT Coin (wbt)
[2025-11-23 18:15:02] Synced coin: Wrapped stETH (wsteth)
[2025-11-23 18:15:02] Synced coin: Bitcoin Cash (bch)
[2025-11-23 18:15:02] Synced coin: Wrapped Bitcoin (wbtc)
[2025-11-23 18:15:02] Synced coin: Wrapped Beacon ETH (wbeth)
[2025-11-23 18:15:02] Synced coin: Zcash (zec)
[2025-11-23 18:15:02] Synced coin: USDS (usds)
[2025-11-23 18:15:02] Synced coin: Binance Bridged USDT (BNB Smart Chain) (bsc-usd)
[2025-11-23 18:15:02] Synced coin: LEO Token (leo)
[2025-11-23 18:15:02] Synced coin: Chainlink (link)
[2025-11-23 18:15:02] Synced coin: Hyperliquid (hype)
[2025-11-23 18:15:02] Synced coin: Stellar (xlm)
[2025-11-23 18:15:02] Synced coin: Ethena USDe (usde)
[2025-11-23 18:15:02] Synced coin: WETH (weth)
[2025-11-23 18:15:02] Synced coin: Monero (xmr)
[2025-11-23 18:15:02] Synced coin: Wrapped eETH (weeth)
[2025-11-23 18:15:02] Synced coin: Coinbase Wrapped BTC (cbbtc)
[2025-11-23 18:15:02] Synced coin: Litecoin (ltc)
[2025-11-23 18:15:02] Synced coin: Hedera (hbar)
[2025-11-23 18:15:02] Synced coin: Avalanche (avax)
[2025-11-23 18:15:02] Synced coin: Sui (sui)
[2025-11-23 18:15:02] Synced coin: Shiba Inu (shib)
[2025-11-23 18:15:02] Synced coin: Dai (dai)
[2025-11-23 18:15:02] Synced coin: Ethena Staked USDe (susde)
[2025-11-23 18:15:02] Synced coin: World Liberty Financial (wlfi)
[2025-11-23 18:15:02] Synced coin: USDT0 (usdt0)
[2025-11-23 18:15:02] Synced coin: Cronos (cro)
[2025-11-23 18:15:02] Synced coin: Uniswap (uni)
[2025-11-23 18:15:02] Synced coin: sUSDS (susds)
[2025-11-23 18:15:02] Synced coin: Polkadot (dot)
[2025-11-23 18:15:02] Synced coin: Toncoin (ton)
[2025-11-23 18:15:02] Synced coin: PayPal USD (pyusd)
[2025-11-23 18:15:02] Synced coin: MemeCore (m)
[2025-11-23 18:15:02] Synced coin: Mantle (mnt)
[2025-11-23 18:15:02] Synced coin: USD1 (usd1)
[2025-11-23 18:15:02] Synced coin: Bittensor (tao)
[2025-11-23 18:15:02] Synced coin: Canton (cc)
[2025-11-23 18:15:02] Synced coin: Currency One USD (c1usd)
[2025-11-23 18:15:02] Synced coin: Aave (aave)
[2025-11-23 18:15:02] Synced coin: Bitget Token (bgb)
[2025-11-23 18:15:02] Synced coin: NEAR Protocol (near)
[2025-11-23 18:15:02] Synced coin: BlackRock USD Institutional Digital Liquidity Fund (buidl)
[2025-11-23 18:15:02] Synced coin: Aster (aster)
[2025-11-23 18:15:02] Synced coin: Internet Computer (icp)
[2025-11-23 18:15:02] Synced coin: OKB (okb)
[2025-11-23 18:15:02] Synced coin: Falcon USD (usdf)
[2025-11-23 18:15:02] Synced coin: Tether Gold (xaut)
[2025-11-23 18:15:02] Synced coin: Ethereum Classic (etc)
[2025-11-23 18:15:02] Synced coin: Pi Network (pi)
[2025-11-23 18:15:02] Synced coin: Jito Staked SOL (jitosol)
[2025-11-23 18:15:02] Synced coin: Jupiter Perpetuals Liquidity Provider Token (jlp)
[2025-11-23 18:15:02] Synced coin: Ethena (ena)
[2025-11-23 18:15:02] Synced coin: Pepe (pepe)
[2025-11-23 18:15:02] Synced coin: Aptos (apt)
[2025-11-23 18:15:02] Synced coin: Binance-Peg WETH (weth)
[2025-11-23 18:15:02] Synced coin: Wrapped SOL (sol)
[2025-11-23 18:15:02] Synced coin: HTX DAO (htx)
[2025-11-23 18:15:02] Synced coin: Pump.fun (pump)
[2025-11-23 18:15:02] Synced coin: KuCoin (kcs)
[2025-11-23 18:15:02] Synced coin: Ondo (ondo)
[2025-11-23 18:15:02] Synced coin: POL (ex-MATIC) (pol)
[2025-11-23 18:15:02] Synced coin: Worldcoin (wld)
[2025-11-23 18:15:02] Synced coin: PAX Gold (paxg)
[2025-11-23 18:15:02] Synced coin: USDtb (usdtb)
[2025-11-23 18:15:02] Synced coin: BFUSD (bfusd)
[2025-11-23 18:15:02] Synced coin: syrupUSDC (syrupusdc)
[2025-11-23 18:15:02] Synced coin: Binance Bridged USDC (BNB Smart Chain) (usdc)
[2025-11-23 18:15:02] Synced coin: Provenance Blockchain (hash)
[2025-11-23 18:15:02] Synced coin: Official Trump (trump)
[2025-11-23 18:15:02] Synced coin: Cosmos Hub (atom)
[2025-11-23 18:15:02] Synced coin: Rocket Pool ETH (reth)
[2025-11-23 18:15:02] Synced coin: Algorand (algo)
[2025-11-23 18:15:02] Synced coin: Filecoin (fil)
[2025-11-23 18:15:02] Synced coin: Circle USYC (usyc)
[2025-11-23 18:15:02] Synced coin: Gate (gt)
[2025-11-23 18:15:02] Synced coin: Ripple USD (rlusd)
[2025-11-23 18:15:02] Synced coin: Global Dollar (usdg)
[2025-11-23 18:15:02] Synced coin: Wrapped BNB (wbnb)
[2025-11-23 18:15:02] Synced coin: Arbitrum (arb)
[2025-11-23 18:15:02] Synced coin: Binance Staked SOL (bnsol)
[2025-11-23 18:15:02] Synced coin: VeChain (vet)
[2025-11-23 18:15:02] Synced coin: Quant (qnt)
[2025-11-23 18:15:02] Synced coin: Kaspa (kas)
[2025-11-23 18:15:02] Synced coin: Flare (flr)
[2025-11-23 18:15:02] Synced coin: Function FBTC (fbtc)
[2025-11-23 18:15:02] Synced coin: Kelp DAO Restaked ETH (rseth)
[2025-11-23 18:15:02] Synced coin: Lombard Staked BTC (lbtc)
[2025-11-23 18:15:02] Synced coin: Kinetiq Staked HYPE (khype)
[2025-11-23 18:15:02] Sync completed successfully.
[2025-11-23 18:20:02] Synced coin: Bitcoin (btc)
[2025-11-23 18:20:02] Synced coin: Ethereum (eth)
[2025-11-23 18:20:02] Synced coin: Tether (usdt)
[2025-11-23 18:20:02] Synced coin: XRP (xrp)
[2025-11-23 18:20:02] Synced coin: BNB (bnb)
[2025-11-23 18:20:02] Synced coin: USDC (usdc)
[2025-11-23 18:20:02] Synced coin: Solana (sol)
[2025-11-23 18:20:02] Synced coin: TRON (trx)
[2025-11-23 18:20:02] Synced coin: Lido Staked Ether (steth)
[2025-11-23 18:20:02] Synced coin: Dogecoin (doge)
[2025-11-23 18:20:02] Synced coin: Cardano (ada)
[2025-11-23 18:20:02] Synced coin: Figure Heloc (figr_heloc)
[2025-11-23 18:20:02] Synced coin: WhiteBIT Coin (wbt)
[2025-11-23 18:20:02] Synced coin: Wrapped stETH (wsteth)
[2025-11-23 18:20:02] Synced coin: Bitcoin Cash (bch)
[2025-11-23 18:20:02] Synced coin: Wrapped Bitcoin (wbtc)
[2025-11-23 18:20:02] Synced coin: Wrapped Beacon ETH (wbeth)
[2025-11-23 18:20:02] Synced coin: Zcash (zec)
[2025-11-23 18:20:02] Synced coin: USDS (usds)
[2025-11-23 18:20:02] Synced coin: Binance Bridged USDT (BNB Smart Chain) (bsc-usd)
[2025-11-23 18:20:02] Synced coin: LEO Token (leo)
[2025-11-23 18:20:02] Synced coin: Chainlink (link)
[2025-11-23 18:20:02] Synced coin: Hyperliquid (hype)
[2025-11-23 18:20:02] Synced coin: Stellar (xlm)
[2025-11-23 18:20:02] Synced coin: Ethena USDe (usde)
[2025-11-23 18:20:02] Synced coin: WETH (weth)
[2025-11-23 18:20:02] Synced coin: Monero (xmr)
[2025-11-23 18:20:02] Synced coin: Wrapped eETH (weeth)
[2025-11-23 18:20:02] Synced coin: Coinbase Wrapped BTC (cbbtc)
[2025-11-23 18:20:02] Synced coin: Litecoin (ltc)
[2025-11-23 18:20:02] Synced coin: Hedera (hbar)
[2025-11-23 18:20:02] Synced coin: Avalanche (avax)
[2025-11-23 18:20:02] Synced coin: Sui (sui)
[2025-11-23 18:20:02] Synced coin: Shiba Inu (shib)
[2025-11-23 18:20:02] Synced coin: Dai (dai)
[2025-11-23 18:20:02] Synced coin: Ethena Staked USDe (susde)
[2025-11-23 18:20:02] Synced coin: World Liberty Financial (wlfi)
[2025-11-23 18:20:02] Synced coin: USDT0 (usdt0)
[2025-11-23 18:20:02] Synced coin: Cronos (cro)
[2025-11-23 18:20:02] Synced coin: Uniswap (uni)
[2025-11-23 18:20:02] Synced coin: sUSDS (susds)
[2025-11-23 18:20:02] Synced coin: Polkadot (dot)
[2025-11-23 18:20:02] Synced coin: Toncoin (ton)
[2025-11-23 18:20:02] Synced coin: PayPal USD (pyusd)
[2025-11-23 18:20:02] Synced coin: MemeCore (m)
[2025-11-23 18:20:02] Synced coin: Mantle (mnt)
[2025-11-23 18:20:02] Synced coin: USD1 (usd1)
[2025-11-23 18:20:02] Synced coin: Bittensor (tao)
[2025-11-23 18:20:02] Synced coin: Canton (cc)
[2025-11-23 18:20:02] Synced coin: Currency One USD (c1usd)
[2025-11-23 18:20:02] Synced coin: Aave (aave)
[2025-11-23 18:20:02] Synced coin: Bitget Token (bgb)
[2025-11-23 18:20:02] Synced coin: NEAR Protocol (near)
[2025-11-23 18:20:02] Synced coin: BlackRock USD Institutional Digital Liquidity Fund (buidl)
[2025-11-23 18:20:02] Synced coin: Aster (aster)
[2025-11-23 18:20:02] Synced coin: Internet Computer (icp)
[2025-11-23 18:20:02] Synced coin: OKB (okb)
[2025-11-23 18:20:02] Synced coin: Falcon USD (usdf)
[2025-11-23 18:20:02] Synced coin: Tether Gold (xaut)
[2025-11-23 18:20:02] Synced coin: Ethereum Classic (etc)
[2025-11-23 18:20:02] Synced coin: Pi Network (pi)
[2025-11-23 18:20:02] Synced coin: Jito Staked SOL (jitosol)
[2025-11-23 18:20:02] Synced coin: Jupiter Perpetuals Liquidity Provider Token (jlp)
[2025-11-23 18:20:02] Synced coin: Ethena (ena)
[2025-11-23 18:20:02] Synced coin: Pepe (pepe)
[2025-11-23 18:20:02] Synced coin: Aptos (apt)
[2025-11-23 18:20:02] Synced coin: Binance-Peg WETH (weth)
[2025-11-23 18:20:02] Synced coin: Wrapped SOL (sol)
[2025-11-23 18:20:02] Synced coin: HTX DAO (htx)
[2025-11-23 18:20:02] Synced coin: Pump.fun (pump)
[2025-11-23 18:20:02] Synced coin: KuCoin (kcs)
[2025-11-23 18:20:02] Synced coin: Ondo (ondo)
[2025-11-23 18:20:02] Synced coin: POL (ex-MATIC) (pol)
[2025-11-23 18:20:02] Synced coin: Worldcoin (wld)
[2025-11-23 18:20:02] Synced coin: PAX Gold (paxg)
[2025-11-23 18:20:02] Synced coin: USDtb (usdtb)
[2025-11-23 18:20:02] Synced coin: BFUSD (bfusd)
[2025-11-23 18:20:02] Synced coin: syrupUSDC (syrupusdc)
[2025-11-23 18:20:02] Synced coin: Binance Bridged USDC (BNB Smart Chain) (usdc)
[2025-11-23 18:20:02] Synced coin: Provenance Blockchain (hash)
[2025-11-23 18:20:02] Synced coin: Official Trump (trump)
[2025-11-23 18:20:02] Synced coin: Cosmos Hub (atom)
[2025-11-23 18:20:02] Synced coin: Rocket Pool ETH (reth)
[2025-11-23 18:20:02] Synced coin: Algorand (algo)
[2025-11-23 18:20:02] Synced coin: Filecoin (fil)
[2025-11-23 18:20:02] Synced coin: Circle USYC (usyc)
[2025-11-23 18:20:02] Synced coin: Gate (gt)
[2025-11-23 18:20:02] Synced coin: Ripple USD (rlusd)
[2025-11-23 18:20:02] Synced coin: Global Dollar (usdg)
[2025-11-23 18:20:02] Synced coin: Wrapped BNB (wbnb)
[2025-11-23 18:20:02] Synced coin: Arbitrum (arb)
[2025-11-23 18:20:02] Synced coin: Binance Staked SOL (bnsol)
[2025-11-23 18:20:02] Synced coin: VeChain (vet)
[2025-11-23 18:20:02] Synced coin: Quant (qnt)
[2025-11-23 18:20:02] Synced coin: Kaspa (kas)
[2025-11-23 18:20:02] Synced coin: Flare (flr)
[2025-11-23 18:20:02] Synced coin: Function FBTC (fbtc)
[2025-11-23 18:20:02] Synced coin: Kelp DAO Restaked ETH (rseth)
[2025-11-23 18:20:02] Synced coin: Lombard Staked BTC (lbtc)
[2025-11-23 18:20:02] Synced coin: Kinetiq Staked HYPE (khype)
[2025-11-23 18:20:02] Sync completed successfully.
[2025-11-23 18:25:01] Synced coin: Bitcoin (btc)
[2025-11-23 18:25:01] Synced coin: Ethereum (eth)
[2025-11-23 18:25:01] Synced coin: Tether (usdt)
[2025-11-23 18:25:01] Synced coin: XRP (xrp)
[2025-11-23 18:25:01] Synced coin: BNB (bnb)
[2025-11-23 18:25:01] Synced coin: USDC (usdc)
[2025-11-23 18:25:01] Synced coin: Solana (sol)
[2025-11-23 18:25:01] Synced coin: TRON (trx)
[2025-11-23 18:25:01] Synced coin: Lido Staked Ether (steth)
[2025-11-23 18:25:01] Synced coin: Dogecoin (doge)
[2025-11-23 18:25:01] Synced coin: Cardano (ada)
[2025-11-23 18:25:01] Synced coin: Figure Heloc (figr_heloc)
[2025-11-23 18:25:01] Synced coin: WhiteBIT Coin (wbt)
[2025-11-23 18:25:01] Synced coin: Wrapped stETH (wsteth)
[2025-11-23 18:25:01] Synced coin: Bitcoin Cash (bch)
[2025-11-23 18:25:01] Synced coin: Wrapped Bitcoin (wbtc)
[2025-11-23 18:25:01] Synced coin: Wrapped Beacon ETH (wbeth)
[2025-11-23 18:25:01] Synced coin: Zcash (zec)
[2025-11-23 18:25:01] Synced coin: USDS (usds)
[2025-11-23 18:25:01] Synced coin: Binance Bridged USDT (BNB Smart Chain) (bsc-usd)
[2025-11-23 18:25:01] Synced coin: LEO Token (leo)
[2025-11-23 18:25:01] Synced coin: Chainlink (link)
[2025-11-23 18:25:01] Synced coin: Hyperliquid (hype)
[2025-11-23 18:25:01] Synced coin: Stellar (xlm)
[2025-11-23 18:25:01] Synced coin: Ethena USDe (usde)
[2025-11-23 18:25:01] Synced coin: WETH (weth)
[2025-11-23 18:25:01] Synced coin: Monero (xmr)
[2025-11-23 18:25:01] Synced coin: Wrapped eETH (weeth)
[2025-11-23 18:25:01] Synced coin: Coinbase Wrapped BTC (cbbtc)
[2025-11-23 18:25:01] Synced coin: Litecoin (ltc)
[2025-11-23 18:25:01] Synced coin: Hedera (hbar)
[2025-11-23 18:25:01] Synced coin: Avalanche (avax)
[2025-11-23 18:25:01] Synced coin: Sui (sui)
[2025-11-23 18:25:01] Synced coin: Shiba Inu (shib)
[2025-11-23 18:25:01] Synced coin: Dai (dai)
[2025-11-23 18:25:01] Synced coin: Ethena Staked USDe (susde)
[2025-11-23 18:25:01] Synced coin: World Liberty Financial (wlfi)
[2025-11-23 18:25:01] Synced coin: USDT0 (usdt0)
[2025-11-23 18:25:01] Synced coin: Cronos (cro)
[2025-11-23 18:25:01] Synced coin: Uniswap (uni)
[2025-11-23 18:25:01] Synced coin: sUSDS (susds)
[2025-11-23 18:25:01] Synced coin: Polkadot (dot)
[2025-11-23 18:25:01] Synced coin: Toncoin (ton)
[2025-11-23 18:25:01] Synced coin: PayPal USD (pyusd)
[2025-11-23 18:25:01] Synced coin: MemeCore (m)
[2025-11-23 18:25:01] Synced coin: Mantle (mnt)
[2025-11-23 18:25:01] Synced coin: USD1 (usd1)
[2025-11-23 18:25:01] Synced coin: Bittensor (tao)
[2025-11-23 18:25:01] Synced coin: Canton (cc)
[2025-11-23 18:25:01] Synced coin: Currency One USD (c1usd)
[2025-11-23 18:25:01] Synced coin: Bitget Token (bgb)
[2025-11-23 18:25:01] Synced coin: Aave (aave)
[2025-11-23 18:25:01] Synced coin: NEAR Protocol (near)
[2025-11-23 18:25:01] Synced coin: BlackRock USD Institutional Digital Liquidity Fund (buidl)
[2025-11-23 18:25:01] Synced coin: Aster (aster)
[2025-11-23 18:25:01] Synced coin: Internet Computer (icp)
[2025-11-23 18:25:01] Synced coin: OKB (okb)
[2025-11-23 18:25:01] Synced coin: Falcon USD (usdf)
[2025-11-23 18:25:01] Synced coin: Tether Gold (xaut)
[2025-11-23 18:25:01] Synced coin: Ethereum Classic (etc)
[2025-11-23 18:25:01] Synced coin: Pi Network (pi)
[2025-11-23 18:25:01] Synced coin: Jupiter Perpetuals Liquidity Provider Token (jlp)
[2025-11-23 18:25:01] Synced coin: Jito Staked SOL (jitosol)
[2025-11-23 18:25:01] Synced coin: Ethena (ena)
[2025-11-23 18:25:01] Synced coin: Pepe (pepe)
[2025-11-23 18:25:01] Synced coin: Aptos (apt)
[2025-11-23 18:25:01] Synced coin: Binance-Peg WETH (weth)
[2025-11-23 18:25:01] Synced coin: Wrapped SOL (sol)
[2025-11-23 18:25:01] Synced coin: HTX DAO (htx)
[2025-11-23 18:25:01] Synced coin: Pump.fun (pump)
[2025-11-23 18:25:01] Synced coin: KuCoin (kcs)
[2025-11-23 18:25:01] Synced coin: Ondo (ondo)
[2025-11-23 18:25:01] Synced coin: POL (ex-MATIC) (pol)
[2025-11-23 18:25:01] Synced coin: Worldcoin (wld)
[2025-11-23 18:25:01] Synced coin: PAX Gold (paxg)
[2025-11-23 18:25:01] Synced coin: USDtb (usdtb)
[2025-11-23 18:25:01] Synced coin: BFUSD (bfusd)
[2025-11-23 18:25:01] Synced coin: syrupUSDC (syrupusdc)
[2025-11-23 18:25:01] Synced coin: Binance Bridged USDC (BNB Smart Chain) (usdc)
[2025-11-23 18:25:01] Synced coin: Provenance Blockchain (hash)
[2025-11-23 18:25:02] Synced coin: Official Trump (trump)
[2025-11-23 18:25:02] Synced coin: Cosmos Hub (atom)
[2025-11-23 18:25:02] Synced coin: Rocket Pool ETH (reth)
[2025-11-23 18:25:02] Synced coin: Algorand (algo)
[2025-11-23 18:25:02] Synced coin: Circle USYC (usyc)
[2025-11-23 18:25:02] Synced coin: Filecoin (fil)
[2025-11-23 18:25:02] Synced coin: Gate (gt)
[2025-11-23 18:25:02] Synced coin: Ripple USD (rlusd)
[2025-11-23 18:25:02] Synced coin: Global Dollar (usdg)
[2025-11-23 18:25:02] Synced coin: Wrapped BNB (wbnb)
[2025-11-23 18:25:02] Synced coin: Arbitrum (arb)
[2025-11-23 18:25:02] Synced coin: Binance Staked SOL (bnsol)
[2025-11-23 18:25:02] Synced coin: VeChain (vet)
[2025-11-23 18:25:02] Synced coin: Quant (qnt)
[2025-11-23 18:25:02] Synced coin: Kaspa (kas)
[2025-11-23 18:25:02] Synced coin: Flare (flr)
[2025-11-23 18:25:02] Synced coin: Function FBTC (fbtc)
[2025-11-23 18:25:02] Synced coin: Kelp DAO Restaked ETH (rseth)
[2025-11-23 18:25:02] Synced coin: Lombard Staked BTC (lbtc)
[2025-11-23 18:25:02] Synced coin: Kinetiq Staked HYPE (khype)
[2025-11-23 18:25:02] Sync completed successfully.
[2025-11-23 18:30:01] Synced coin: Bitcoin (btc)
[2025-11-23 18:30:01] Synced coin: Ethereum (eth)
[2025-11-23 18:30:01] Synced coin: Tether (usdt)
[2025-11-23 18:30:01] Synced coin: XRP (xrp)
[2025-11-23 18:30:01] Synced coin: BNB (bnb)
[2025-11-23 18:30:01] Synced coin: USDC (usdc)
[2025-11-23 18:30:01] Synced coin: Solana (sol)
[2025-11-23 18:30:01] Synced coin: TRON (trx)
[2025-11-23 18:30:01] Synced coin: Lido Staked Ether (steth)
[2025-11-23 18:30:01] Synced coin: Dogecoin (doge)
[2025-11-23 18:30:01] Synced coin: Cardano (ada)
[2025-11-23 18:30:01] Synced coin: Figure Heloc (figr_heloc)
[2025-11-23 18:30:01] Synced coin: WhiteBIT Coin (wbt)
[2025-11-23 18:30:01] Synced coin: Wrapped stETH (wsteth)
[2025-11-23 18:30:01] Synced coin: Bitcoin Cash (bch)
[2025-11-23 18:30:01] Synced coin: Wrapped Bitcoin (wbtc)
[2025-11-23 18:30:01] Synced coin: Wrapped Beacon ETH (wbeth)
[2025-11-23 18:30:01] Synced coin: Zcash (zec)
[2025-11-23 18:30:01] Synced coin: USDS (usds)
[2025-11-23 18:30:01] Synced coin: Binance Bridged USDT (BNB Smart Chain) (bsc-usd)
[2025-11-23 18:30:01] Synced coin: LEO Token (leo)
[2025-11-23 18:30:01] Synced coin: Chainlink (link)
[2025-11-23 18:30:01] Synced coin: Hyperliquid (hype)
[2025-11-23 18:30:01] Synced coin: Stellar (xlm)
[2025-11-23 18:30:01] Synced coin: Ethena USDe (usde)
[2025-11-23 18:30:01] Synced coin: WETH (weth)
[2025-11-23 18:30:01] Synced coin: Monero (xmr)
[2025-11-23 18:30:01] Synced coin: Wrapped eETH (weeth)
[2025-11-23 18:30:01] Synced coin: Coinbase Wrapped BTC (cbbtc)
[2025-11-23 18:30:01] Synced coin: Litecoin (ltc)
[2025-11-23 18:30:01] Synced coin: Hedera (hbar)
[2025-11-23 18:30:01] Synced coin: Avalanche (avax)
[2025-11-23 18:30:01] Synced coin: Sui (sui)
[2025-11-23 18:30:01] Synced coin: Shiba Inu (shib)
[2025-11-23 18:30:01] Synced coin: Dai (dai)
[2025-11-23 18:30:01] Synced coin: Ethena Staked USDe (susde)
[2025-11-23 18:30:01] Synced coin: World Liberty Financial (wlfi)
[2025-11-23 18:30:01] Synced coin: USDT0 (usdt0)
[2025-11-23 18:30:01] Synced coin: Cronos (cro)
[2025-11-23 18:30:01] Synced coin: Uniswap (uni)
[2025-11-23 18:30:01] Synced coin: sUSDS (susds)
[2025-11-23 18:30:01] Synced coin: Polkadot (dot)
[2025-11-23 18:30:01] Synced coin: Toncoin (ton)
[2025-11-23 18:30:01] Synced coin: PayPal USD (pyusd)
[2025-11-23 18:30:01] Synced coin: MemeCore (m)
[2025-11-23 18:30:01] Synced coin: Mantle (mnt)
[2025-11-23 18:30:01] Synced coin: USD1 (usd1)
[2025-11-23 18:30:01] Synced coin: Bittensor (tao)
[2025-11-23 18:30:01] Synced coin: Canton (cc)
[2025-11-23 18:30:01] Synced coin: Currency One USD (c1usd)
[2025-11-23 18:30:01] Synced coin: Bitget Token (bgb)
[2025-11-23 18:30:01] Synced coin: Aave (aave)
[2025-11-23 18:30:01] Synced coin: NEAR Protocol (near)
[2025-11-23 18:30:01] Synced coin: BlackRock USD Institutional Digital Liquidity Fund (buidl)
[2025-11-23 18:30:01] Synced coin: Aster (aster)
[2025-11-23 18:30:01] Synced coin: Internet Computer (icp)
[2025-11-23 18:30:01] Synced coin: OKB (okb)
[2025-11-23 18:30:01] Synced coin: Falcon USD (usdf)
[2025-11-23 18:30:01] Synced coin: Tether Gold (xaut)
[2025-11-23 18:30:01] Synced coin: Ethereum Classic (etc)
[2025-11-23 18:30:01] Synced coin: Pi Network (pi)
[2025-11-23 18:30:01] Synced coin: Jupiter Perpetuals Liquidity Provider Token (jlp)
[2025-11-23 18:30:01] Synced coin: Jito Staked SOL (jitosol)
[2025-11-23 18:30:01] Synced coin: Ethena (ena)
[2025-11-23 18:30:01] Synced coin: Pepe (pepe)
[2025-11-23 18:30:01] Synced coin: Aptos (apt)
[2025-11-23 18:30:01] Synced coin: Binance-Peg WETH (weth)
[2025-11-23 18:30:01] Synced coin: Wrapped SOL (sol)
[2025-11-23 18:30:01] Synced coin: HTX DAO (htx)
[2025-11-23 18:30:01] Synced coin: Pump.fun (pump)
[2025-11-23 18:30:01] Synced coin: KuCoin (kcs)
[2025-11-23 18:30:01] Synced coin: Ondo (ondo)
[2025-11-23 18:30:01] Synced coin: POL (ex-MATIC) (pol)
[2025-11-23 18:30:01] Synced coin: Worldcoin (wld)
[2025-11-23 18:30:01] Synced coin: PAX Gold (paxg)
[2025-11-23 18:30:01] Synced coin: USDtb (usdtb)
[2025-11-23 18:30:01] Synced coin: BFUSD (bfusd)
[2025-11-23 18:30:01] Synced coin: syrupUSDC (syrupusdc)
[2025-11-23 18:30:01] Synced coin: Binance Bridged USDC (BNB Smart Chain) (usdc)
[2025-11-23 18:30:01] Synced coin: Provenance Blockchain (hash)
[2025-11-23 18:30:01] Synced coin: Official Trump (trump)
[2025-11-23 18:30:01] Synced coin: Cosmos Hub (atom)
[2025-11-23 18:30:01] Synced coin: Rocket Pool ETH (reth)
[2025-11-23 18:30:01] Synced coin: Algorand (algo)
[2025-11-23 18:30:01] Synced coin: Filecoin (fil)
[2025-11-23 18:30:01] Synced coin: Circle USYC (usyc)
[2025-11-23 18:30:01] Synced coin: Gate (gt)
[2025-11-23 18:30:01] Synced coin: Ripple USD (rlusd)
[2025-11-23 18:30:01] Synced coin: Global Dollar (usdg)
[2025-11-23 18:30:01] Synced coin: Wrapped BNB (wbnb)
[2025-11-23 18:30:01] Synced coin: Arbitrum (arb)
[2025-11-23 18:30:01] Synced coin: Binance Staked SOL (bnsol)
[2025-11-23 18:30:01] Synced coin: VeChain (vet)
[2025-11-23 18:30:01] Synced coin: Quant (qnt)
[2025-11-23 18:30:01] Synced coin: Kaspa (kas)
[2025-11-23 18:30:01] Synced coin: Function FBTC (fbtc)
[2025-11-23 18:30:01] Synced coin: Flare (flr)
[2025-11-23 18:30:01] Synced coin: Kelp DAO Restaked ETH (rseth)
[2025-11-23 18:30:01] Synced coin: Lombard Staked BTC (lbtc)
[2025-11-23 18:30:01] Synced coin: Kinetiq Staked HYPE (khype)
[2025-11-23 18:30:01] Sync completed successfully.
[2025-11-23 18:35:02] Synced coin: Bitcoin (btc)
[2025-11-23 18:35:02] Synced coin: Ethereum (eth)
[2025-11-23 18:35:02] Synced coin: Tether (usdt)
[2025-11-23 18:35:02] Synced coin: XRP (xrp)
[2025-11-23 18:35:02] Synced coin: BNB (bnb)
[2025-11-23 18:35:02] Synced coin: USDC (usdc)
[2025-11-23 18:35:02] Synced coin: Solana (sol)
[2025-11-23 18:35:02] Synced coin: TRON (trx)
[2025-11-23 18:35:02] Synced coin: Lido Staked Ether (steth)
[2025-11-23 18:35:02] Synced coin: Dogecoin (doge)
[2025-11-23 18:35:02] Synced coin: Cardano (ada)
[2025-11-23 18:35:02] Synced coin: Figure Heloc (figr_heloc)
[2025-11-23 18:35:02] Synced coin: WhiteBIT Coin (wbt)
[2025-11-23 18:35:02] Synced coin: Wrapped stETH (wsteth)
[2025-11-23 18:35:02] Synced coin: Bitcoin Cash (bch)
[2025-11-23 18:35:02] Synced coin: Wrapped Bitcoin (wbtc)
[2025-11-23 18:35:02] Synced coin: Wrapped Beacon ETH (wbeth)
[2025-11-23 18:35:02] Synced coin: Zcash (zec)
[2025-11-23 18:35:02] Synced coin: USDS (usds)
[2025-11-23 18:35:02] Synced coin: Binance Bridged USDT (BNB Smart Chain) (bsc-usd)
[2025-11-23 18:35:02] Synced coin: LEO Token (leo)
[2025-11-23 18:35:02] Synced coin: Chainlink (link)
[2025-11-23 18:35:02] Synced coin: Hyperliquid (hype)
[2025-11-23 18:35:02] Synced coin: Stellar (xlm)
[2025-11-23 18:35:02] Synced coin: Ethena USDe (usde)
[2025-11-23 18:35:02] Synced coin: WETH (weth)
[2025-11-23 18:35:02] Synced coin: Monero (xmr)
[2025-11-23 18:35:02] Synced coin: Wrapped eETH (weeth)
[2025-11-23 18:35:02] Synced coin: Coinbase Wrapped BTC (cbbtc)
[2025-11-23 18:35:02] Synced coin: Litecoin (ltc)
[2025-11-23 18:35:02] Synced coin: Hedera (hbar)
[2025-11-23 18:35:02] Synced coin: Avalanche (avax)
[2025-11-23 18:35:02] Synced coin: Sui (sui)
[2025-11-23 18:35:02] Synced coin: Shiba Inu (shib)
[2025-11-23 18:35:02] Synced coin: Dai (dai)
[2025-11-23 18:35:02] Synced coin: Ethena Staked USDe (susde)
[2025-11-23 18:35:02] Synced coin: World Liberty Financial (wlfi)
[2025-11-23 18:35:02] Synced coin: USDT0 (usdt0)
[2025-11-23 18:35:02] Synced coin: Cronos (cro)
[2025-11-23 18:35:02] Synced coin: Uniswap (uni)
[2025-11-23 18:35:02] Synced coin: sUSDS (susds)
[2025-11-23 18:35:02] Synced coin: Polkadot (dot)
[2025-11-23 18:35:02] Synced coin: Toncoin (ton)
[2025-11-23 18:35:02] Synced coin: PayPal USD (pyusd)
[2025-11-23 18:35:02] Synced coin: MemeCore (m)
[2025-11-23 18:35:02] Synced coin: Mantle (mnt)
[2025-11-23 18:35:02] Synced coin: Bittensor (tao)
[2025-11-23 18:35:02] Synced coin: USD1 (usd1)
[2025-11-23 18:35:02] Synced coin: Canton (cc)
[2025-11-23 18:35:02] Synced coin: Currency One USD (c1usd)
[2025-11-23 18:35:02] Synced coin: Bitget Token (bgb)
[2025-11-23 18:35:02] Synced coin: Aave (aave)
[2025-11-23 18:35:02] Synced coin: NEAR Protocol (near)
[2025-11-23 18:35:02] Synced coin: BlackRock USD Institutional Digital Liquidity Fund (buidl)
[2025-11-23 18:35:02] Synced coin: Aster (aster)
[2025-11-23 18:35:02] Synced coin: Internet Computer (icp)
[2025-11-23 18:35:02] Synced coin: OKB (okb)
[2025-11-23 18:35:02] Synced coin: Falcon USD (usdf)
[2025-11-23 18:35:02] Synced coin: Tether Gold (xaut)
[2025-11-23 18:35:02] Synced coin: Ethereum Classic (etc)
[2025-11-23 18:35:02] Synced coin: Pi Network (pi)
[2025-11-23 18:35:02] Synced coin: Jupiter Perpetuals Liquidity Provider Token (jlp)
[2025-11-23 18:35:02] Synced coin: Jito Staked SOL (jitosol)
[2025-11-23 18:35:02] Synced coin: Ethena (ena)
[2025-11-23 18:35:02] Synced coin: Pepe (pepe)
[2025-11-23 18:35:02] Synced coin: Aptos (apt)
[2025-11-23 18:35:02] Synced coin: Binance-Peg WETH (weth)
[2025-11-23 18:35:02] Synced coin: Wrapped SOL (sol)
[2025-11-23 18:35:02] Synced coin: HTX DAO (htx)
[2025-11-23 18:35:02] Synced coin: Pump.fun (pump)
[2025-11-23 18:35:02] Synced coin: KuCoin (kcs)
[2025-11-23 18:35:02] Synced coin: Ondo (ondo)
[2025-11-23 18:35:02] Synced coin: POL (ex-MATIC) (pol)
[2025-11-23 18:35:02] Synced coin: Worldcoin (wld)
[2025-11-23 18:35:02] Synced coin: PAX Gold (paxg)
[2025-11-23 18:35:02] Synced coin: USDtb (usdtb)
[2025-11-23 18:35:02] Synced coin: BFUSD (bfusd)
[2025-11-23 18:35:02] Synced coin: syrupUSDC (syrupusdc)
[2025-11-23 18:35:02] Synced coin: Binance Bridged USDC (BNB Smart Chain) (usdc)
[2025-11-23 18:35:02] Synced coin: Provenance Blockchain (hash)
[2025-11-23 18:35:02] Synced coin: Official Trump (trump)
[2025-11-23 18:35:02] Synced coin: Cosmos Hub (atom)
[2025-11-23 18:35:02] Synced coin: Algorand (algo)
[2025-11-23 18:35:02] Synced coin: Rocket Pool ETH (reth)
[2025-11-23 18:35:02] Synced coin: Filecoin (fil)
[2025-11-23 18:35:02] Synced coin: Circle USYC (usyc)
[2025-11-23 18:35:02] Synced coin: Gate (gt)
[2025-11-23 18:35:02] Synced coin: Ripple USD (rlusd)
[2025-11-23 18:35:02] Synced coin: Global Dollar (usdg)
[2025-11-23 18:35:02] Synced coin: Wrapped BNB (wbnb)
[2025-11-23 18:35:02] Synced coin: Arbitrum (arb)
[2025-11-23 18:35:02] Synced coin: Binance Staked SOL (bnsol)
[2025-11-23 18:35:02] Synced coin: VeChain (vet)
[2025-11-23 18:35:02] Synced coin: Quant (qnt)
[2025-11-23 18:35:02] Synced coin: Kaspa (kas)
[2025-11-23 18:35:02] Synced coin: Function FBTC (fbtc)
[2025-11-23 18:35:02] Synced coin: Flare (flr)
[2025-11-23 18:35:02] Synced coin: Kelp DAO Restaked ETH (rseth)
[2025-11-23 18:35:02] Synced coin: Lombard Staked BTC (lbtc)
[2025-11-23 18:35:02] Synced coin: Kinetiq Staked HYPE (khype)
[2025-11-23 18:35:02] Sync completed successfully.
[2025-11-23 18:40:02] Synced coin: Bitcoin (btc)
[2025-11-23 18:40:02] Synced coin: Ethereum (eth)
[2025-11-23 18:40:02] Synced coin: Tether (usdt)
[2025-11-23 18:40:02] Synced coin: XRP (xrp)
[2025-11-23 18:40:02] Synced coin: BNB (bnb)
[2025-11-23 18:40:02] Synced coin: USDC (usdc)
[2025-11-23 18:40:02] Synced coin: Solana (sol)
[2025-11-23 18:40:02] Synced coin: TRON (trx)
[2025-11-23 18:40:02] Synced coin: Lido Staked Ether (steth)
[2025-11-23 18:40:02] Synced coin: Dogecoin (doge)
[2025-11-23 18:40:02] Synced coin: Cardano (ada)
[2025-11-23 18:40:02] Synced coin: Figure Heloc (figr_heloc)
[2025-11-23 18:40:02] Synced coin: WhiteBIT Coin (wbt)
[2025-11-23 18:40:02] Synced coin: Wrapped stETH (wsteth)
[2025-11-23 18:40:02] Synced coin: Bitcoin Cash (bch)
[2025-11-23 18:40:02] Synced coin: Wrapped Bitcoin (wbtc)
[2025-11-23 18:40:02] Synced coin: Wrapped Beacon ETH (wbeth)
[2025-11-23 18:40:02] Synced coin: Zcash (zec)
[2025-11-23 18:40:02] Synced coin: USDS (usds)
[2025-11-23 18:40:02] Synced coin: Binance Bridged USDT (BNB Smart Chain) (bsc-usd)
[2025-11-23 18:40:02] Synced coin: LEO Token (leo)
[2025-11-23 18:40:02] Synced coin: Chainlink (link)
[2025-11-23 18:40:02] Synced coin: Hyperliquid (hype)
[2025-11-23 18:40:02] Synced coin: Stellar (xlm)
[2025-11-23 18:40:02] Synced coin: Ethena USDe (usde)
[2025-11-23 18:40:02] Synced coin: WETH (weth)
[2025-11-23 18:40:02] Synced coin: Monero (xmr)
[2025-11-23 18:40:02] Synced coin: Wrapped eETH (weeth)
[2025-11-23 18:40:02] Synced coin: Coinbase Wrapped BTC (cbbtc)
[2025-11-23 18:40:02] Synced coin: Litecoin (ltc)
[2025-11-23 18:40:02] Synced coin: Hedera (hbar)
[2025-11-23 18:40:02] Synced coin: Avalanche (avax)
[2025-11-23 18:40:02] Synced coin: Sui (sui)
[2025-11-23 18:40:02] Synced coin: Shiba Inu (shib)
[2025-11-23 18:40:02] Synced coin: Dai (dai)
[2025-11-23 18:40:02] Synced coin: Ethena Staked USDe (susde)
[2025-11-23 18:40:03] Synced coin: World Liberty Financial (wlfi)
[2025-11-23 18:40:03] Synced coin: Cronos (cro)
[2025-11-23 18:40:03] Synced coin: USDT0 (usdt0)
[2025-11-23 18:40:03] Synced coin: Uniswap (uni)
[2025-11-23 18:40:03] Synced coin: sUSDS (susds)
[2025-11-23 18:40:03] Synced coin: Polkadot (dot)
[2025-11-23 18:40:03] Synced coin: Toncoin (ton)
[2025-11-23 18:40:03] Synced coin: PayPal USD (pyusd)
[2025-11-23 18:40:03] Synced coin: MemeCore (m)
[2025-11-23 18:40:03] Synced coin: Mantle (mnt)
[2025-11-23 18:40:03] Synced coin: Canton (cc)
[2025-11-23 18:40:03] Synced coin: Bittensor (tao)
[2025-11-23 18:40:03] Synced coin: USD1 (usd1)
[2025-11-23 18:40:03] Synced coin: Currency One USD (c1usd)
[2025-11-23 18:40:03] Synced coin: Bitget Token (bgb)
[2025-11-23 18:40:03] Synced coin: Aave (aave)
[2025-11-23 18:40:03] Synced coin: NEAR Protocol (near)
[2025-11-23 18:40:03] Synced coin: BlackRock USD Institutional Digital Liquidity Fund (buidl)
[2025-11-23 18:40:03] Synced coin: Aster (aster)
[2025-11-23 18:40:03] Synced coin: Internet Computer (icp)
[2025-11-23 18:40:03] Synced coin: OKB (okb)
[2025-11-23 18:40:03] Synced coin: Falcon USD (usdf)
[2025-11-23 18:40:03] Synced coin: Tether Gold (xaut)
[2025-11-23 18:40:03] Synced coin: Ethereum Classic (etc)
[2025-11-23 18:40:03] Synced coin: Pi Network (pi)
[2025-11-23 18:40:03] Synced coin: Jito Staked SOL (jitosol)
[2025-11-23 18:40:03] Synced coin: Jupiter Perpetuals Liquidity Provider Token (jlp)
[2025-11-23 18:40:03] Synced coin: Ethena (ena)
[2025-11-23 18:40:03] Synced coin: Pepe (pepe)
[2025-11-23 18:40:03] Synced coin: Aptos (apt)
[2025-11-23 18:40:03] Synced coin: Binance-Peg WETH (weth)
[2025-11-23 18:40:03] Synced coin: Wrapped SOL (sol)
[2025-11-23 18:40:03] Synced coin: HTX DAO (htx)
[2025-11-23 18:40:03] Synced coin: Pump.fun (pump)
[2025-11-23 18:40:03] Synced coin: KuCoin (kcs)
[2025-11-23 18:40:03] Synced coin: Ondo (ondo)
[2025-11-23 18:40:03] Synced coin: POL (ex-MATIC) (pol)
[2025-11-23 18:40:03] Synced coin: Worldcoin (wld)
[2025-11-23 18:40:03] Synced coin: PAX Gold (paxg)
[2025-11-23 18:40:03] Synced coin: USDtb (usdtb)
[2025-11-23 18:40:03] Synced coin: BFUSD (bfusd)
[2025-11-23 18:40:03] Synced coin: syrupUSDC (syrupusdc)
[2025-11-23 18:40:03] Synced coin: Binance Bridged USDC (BNB Smart Chain) (usdc)
[2025-11-23 18:40:03] Synced coin: Provenance Blockchain (hash)
[2025-11-23 18:40:03] Synced coin: Official Trump (trump)
[2025-11-23 18:40:03] Synced coin: Cosmos Hub (atom)
[2025-11-23 18:40:03] Synced coin: Algorand (algo)
[2025-11-23 18:40:03] Synced coin: Rocket Pool ETH (reth)
[2025-11-23 18:40:03] Synced coin: Filecoin (fil)
[2025-11-23 18:40:03] Synced coin: Circle USYC (usyc)
[2025-11-23 18:40:03] Synced coin: Gate (gt)
[2025-11-23 18:40:03] Synced coin: Global Dollar (usdg)
[2025-11-23 18:40:03] Synced coin: Ripple USD (rlusd)
[2025-11-23 18:40:03] Synced coin: Wrapped BNB (wbnb)
[2025-11-23 18:40:03] Synced coin: Arbitrum (arb)
[2025-11-23 18:40:03] Synced coin: Binance Staked SOL (bnsol)
[2025-11-23 18:40:03] Synced coin: VeChain (vet)
[2025-11-23 18:40:03] Synced coin: Quant (qnt)
[2025-11-23 18:40:03] Synced coin: Kaspa (kas)
[2025-11-23 18:40:03] Synced coin: Flare (flr)
[2025-11-23 18:40:03] Synced coin: Function FBTC (fbtc)
[2025-11-23 18:40:03] Synced coin: Kelp DAO Restaked ETH (rseth)
[2025-11-23 18:40:03] Synced coin: Kinetiq Staked HYPE (khype)
[2025-11-23 18:40:03] Synced coin: Lombard Staked BTC (lbtc)
[2025-11-23 18:40:03] Sync completed successfully.
[2025-11-23 18:45:01] Synced coin: Bitcoin (btc)
[2025-11-23 18:45:01] Synced coin: Ethereum (eth)
[2025-11-23 18:45:01] Synced coin: Tether (usdt)
[2025-11-23 18:45:01] Synced coin: XRP (xrp)
[2025-11-23 18:45:01] Synced coin: BNB (bnb)
[2025-11-23 18:45:01] Synced coin: USDC (usdc)
[2025-11-23 18:45:01] Synced coin: Solana (sol)
[2025-11-23 18:45:01] Synced coin: TRON (trx)
[2025-11-23 18:45:01] Synced coin: Lido Staked Ether (steth)
[2025-11-23 18:45:01] Synced coin: Dogecoin (doge)
[2025-11-23 18:45:01] Synced coin: Cardano (ada)
[2025-11-23 18:45:01] Synced coin: Figure Heloc (figr_heloc)
[2025-11-23 18:45:01] Synced coin: WhiteBIT Coin (wbt)
[2025-11-23 18:45:01] Synced coin: Wrapped stETH (wsteth)
[2025-11-23 18:45:01] Synced coin: Bitcoin Cash (bch)
[2025-11-23 18:45:01] Synced coin: Wrapped Bitcoin (wbtc)
[2025-11-23 18:45:01] Synced coin: Wrapped Beacon ETH (wbeth)
[2025-11-23 18:45:01] Synced coin: Zcash (zec)
[2025-11-23 18:45:01] Synced coin: USDS (usds)
[2025-11-23 18:45:01] Synced coin: Binance Bridged USDT (BNB Smart Chain) (bsc-usd)
[2025-11-23 18:45:01] Synced coin: LEO Token (leo)
[2025-11-23 18:45:01] Synced coin: Chainlink (link)
[2025-11-23 18:45:01] Synced coin: Hyperliquid (hype)
[2025-11-23 18:45:01] Synced coin: Stellar (xlm)
[2025-11-23 18:45:01] Synced coin: Ethena USDe (usde)
[2025-11-23 18:45:01] Synced coin: WETH (weth)
[2025-11-23 18:45:01] Synced coin: Monero (xmr)
[2025-11-23 18:45:01] Synced coin: Wrapped eETH (weeth)
[2025-11-23 18:45:01] Synced coin: Coinbase Wrapped BTC (cbbtc)
[2025-11-23 18:45:01] Synced coin: Litecoin (ltc)
[2025-11-23 18:45:01] Synced coin: Hedera (hbar)
[2025-11-23 18:45:01] Synced coin: Avalanche (avax)
[2025-11-23 18:45:01] Synced coin: Sui (sui)
[2025-11-23 18:45:01] Synced coin: Shiba Inu (shib)
[2025-11-23 18:45:01] Synced coin: Dai (dai)
[2025-11-23 18:45:01] Synced coin: Ethena Staked USDe (susde)
[2025-11-23 18:45:01] Synced coin: World Liberty Financial (wlfi)
[2025-11-23 18:45:01] Synced coin: USDT0 (usdt0)
[2025-11-23 18:45:01] Synced coin: Cronos (cro)
[2025-11-23 18:45:01] Synced coin: Uniswap (uni)
[2025-11-23 18:45:01] Synced coin: sUSDS (susds)
[2025-11-23 18:45:01] Synced coin: Polkadot (dot)
[2025-11-23 18:45:01] Synced coin: Toncoin (ton)
[2025-11-23 18:45:01] Synced coin: PayPal USD (pyusd)
[2025-11-23 18:45:01] Synced coin: MemeCore (m)
[2025-11-23 18:45:01] Synced coin: Mantle (mnt)
[2025-11-23 18:45:01] Synced coin: Bittensor (tao)
[2025-11-23 18:45:01] Synced coin: Canton (cc)
[2025-11-23 18:45:01] Synced coin: USD1 (usd1)
[2025-11-23 18:45:01] Synced coin: Currency One USD (c1usd)
[2025-11-23 18:45:01] Synced coin: Bitget Token (bgb)
[2025-11-23 18:45:01] Synced coin: Aave (aave)
[2025-11-23 18:45:01] Synced coin: NEAR Protocol (near)
[2025-11-23 18:45:01] Synced coin: BlackRock USD Institutional Digital Liquidity Fund (buidl)
[2025-11-23 18:45:01] Synced coin: Aster (aster)
[2025-11-23 18:45:01] Synced coin: Internet Computer (icp)
[2025-11-23 18:45:01] Synced coin: OKB (okb)
[2025-11-23 18:45:01] Synced coin: Falcon USD (usdf)
[2025-11-23 18:45:01] Synced coin: Tether Gold (xaut)
[2025-11-23 18:45:01] Synced coin: Ethereum Classic (etc)
[2025-11-23 18:45:01] Synced coin: Pi Network (pi)
[2025-11-23 18:45:01] Synced coin: Jito Staked SOL (jitosol)
[2025-11-23 18:45:01] Synced coin: Jupiter Perpetuals Liquidity Provider Token (jlp)
[2025-11-23 18:45:01] Synced coin: Ethena (ena)
[2025-11-23 18:45:01] Synced coin: Pepe (pepe)
[2025-11-23 18:45:01] Synced coin: Aptos (apt)
[2025-11-23 18:45:01] Synced coin: Binance-Peg WETH (weth)
[2025-11-23 18:45:01] Synced coin: Wrapped SOL (sol)
[2025-11-23 18:45:01] Synced coin: HTX DAO (htx)
[2025-11-23 18:45:01] Synced coin: Pump.fun (pump)
[2025-11-23 18:45:01] Synced coin: KuCoin (kcs)
[2025-11-23 18:45:01] Synced coin: Ondo (ondo)
[2025-11-23 18:45:01] Synced coin: Worldcoin (wld)
[2025-11-23 18:45:01] Synced coin: POL (ex-MATIC) (pol)
[2025-11-23 18:45:01] Synced coin: PAX Gold (paxg)
[2025-11-23 18:45:01] Synced coin: USDtb (usdtb)
[2025-11-23 18:45:01] Synced coin: BFUSD (bfusd)
[2025-11-23 18:45:01] Synced coin: syrupUSDC (syrupusdc)
[2025-11-23 18:45:01] Synced coin: Binance Bridged USDC (BNB Smart Chain) (usdc)
[2025-11-23 18:45:01] Synced coin: Provenance Blockchain (hash)
[2025-11-23 18:45:01] Synced coin: Official Trump (trump)
[2025-11-23 18:45:01] Synced coin: Cosmos Hub (atom)
[2025-11-23 18:45:01] Synced coin: Algorand (algo)
[2025-11-23 18:45:01] Synced coin: Rocket Pool ETH (reth)
[2025-11-23 18:45:01] Synced coin: Filecoin (fil)
[2025-11-23 18:45:01] Synced coin: Circle USYC (usyc)
[2025-11-23 18:45:01] Synced coin: Gate (gt)
[2025-11-23 18:45:01] Synced coin: Global Dollar (usdg)
[2025-11-23 18:45:01] Synced coin: Ripple USD (rlusd)
[2025-11-23 18:45:01] Synced coin: Wrapped BNB (wbnb)
[2025-11-23 18:45:01] Synced coin: Arbitrum (arb)
[2025-11-23 18:45:01] Synced coin: Binance Staked SOL (bnsol)
[2025-11-23 18:45:01] Synced coin: Quant (qnt)
[2025-11-23 18:45:01] Synced coin: VeChain (vet)
[2025-11-23 18:45:01] Synced coin: Kaspa (kas)
[2025-11-23 18:45:01] Synced coin: Flare (flr)
[2025-11-23 18:45:01] Synced coin: Function FBTC (fbtc)
[2025-11-23 18:45:01] Synced coin: Kelp DAO Restaked ETH (rseth)
[2025-11-23 18:45:01] Synced coin: Lombard Staked BTC (lbtc)
[2025-11-23 18:45:01] Synced coin: Kinetiq Staked HYPE (khype)
[2025-11-23 18:45:01] Sync completed successfully.
[2025-11-23 18:50:03] Synced coin: Bitcoin (btc)
[2025-11-23 18:50:03] Synced coin: Ethereum (eth)
[2025-11-23 18:50:03] Synced coin: Tether (usdt)
[2025-11-23 18:50:03] Synced coin: XRP (xrp)
[2025-11-23 18:50:03] Synced coin: BNB (bnb)
[2025-11-23 18:50:03] Synced coin: USDC (usdc)
[2025-11-23 18:50:03] Synced coin: Solana (sol)
[2025-11-23 18:50:03] Synced coin: TRON (trx)
[2025-11-23 18:50:03] Synced coin: Lido Staked Ether (steth)
[2025-11-23 18:50:03] Synced coin: Dogecoin (doge)
[2025-11-23 18:50:03] Synced coin: Cardano (ada)
[2025-11-23 18:50:03] Synced coin: Figure Heloc (figr_heloc)
[2025-11-23 18:50:03] Synced coin: WhiteBIT Coin (wbt)
[2025-11-23 18:50:03] Synced coin: Wrapped stETH (wsteth)
[2025-11-23 18:50:03] Synced coin: Bitcoin Cash (bch)
[2025-11-23 18:50:03] Synced coin: Wrapped Bitcoin (wbtc)
[2025-11-23 18:50:03] Synced coin: Wrapped Beacon ETH (wbeth)
[2025-11-23 18:50:03] Synced coin: Zcash (zec)
[2025-11-23 18:50:03] Synced coin: USDS (usds)
[2025-11-23 18:50:03] Synced coin: Binance Bridged USDT (BNB Smart Chain) (bsc-usd)
[2025-11-23 18:50:03] Synced coin: LEO Token (leo)
[2025-11-23 18:50:03] Synced coin: Chainlink (link)
[2025-11-23 18:50:03] Synced coin: Hyperliquid (hype)
[2025-11-23 18:50:03] Synced coin: Stellar (xlm)
[2025-11-23 18:50:03] Synced coin: WETH (weth)
[2025-11-23 18:50:03] Synced coin: Ethena USDe (usde)
[2025-11-23 18:50:03] Synced coin: Wrapped eETH (weeth)
[2025-11-23 18:50:03] Synced coin: Monero (xmr)
[2025-11-23 18:50:03] Synced coin: Coinbase Wrapped BTC (cbbtc)
[2025-11-23 18:50:03] Synced coin: Litecoin (ltc)
[2025-11-23 18:50:03] Synced coin: Hedera (hbar)
[2025-11-23 18:50:03] Synced coin: Avalanche (avax)
[2025-11-23 18:50:03] Synced coin: Sui (sui)
[2025-11-23 18:50:03] Synced coin: Shiba Inu (shib)
[2025-11-23 18:50:03] Synced coin: Dai (dai)
[2025-11-23 18:50:03] Synced coin: Ethena Staked USDe (susde)
[2025-11-23 18:50:03] Synced coin: World Liberty Financial (wlfi)
[2025-11-23 18:50:03] Synced coin: Cronos (cro)
[2025-11-23 18:50:03] Synced coin: USDT0 (usdt0)
[2025-11-23 18:50:03] Synced coin: Uniswap (uni)
[2025-11-23 18:50:03] Synced coin: sUSDS (susds)
[2025-11-23 18:50:03] Synced coin: Polkadot (dot)
[2025-11-23 18:50:03] Synced coin: Toncoin (ton)
[2025-11-23 18:50:03] Synced coin: PayPal USD (pyusd)
[2025-11-23 18:50:03] Synced coin: MemeCore (m)
[2025-11-23 18:50:03] Synced coin: Mantle (mnt)
[2025-11-23 18:50:03] Synced coin: Canton (cc)
[2025-11-23 18:50:03] Synced coin: Bittensor (tao)
[2025-11-23 18:50:03] Synced coin: USD1 (usd1)
[2025-11-23 18:50:03] Synced coin: Currency One USD (c1usd)
[2025-11-23 18:50:03] Synced coin: Bitget Token (bgb)
[2025-11-23 18:50:03] Synced coin: Aave (aave)
[2025-11-23 18:50:03] Synced coin: NEAR Protocol (near)
[2025-11-23 18:50:03] Synced coin: BlackRock USD Institutional Digital Liquidity Fund (buidl)
[2025-11-23 18:50:03] Synced coin: Aster (aster)
[2025-11-23 18:50:03] Synced coin: Internet Computer (icp)
[2025-11-23 18:50:03] Synced coin: OKB (okb)
[2025-11-23 18:50:03] Synced coin: Falcon USD (usdf)
[2025-11-23 18:50:03] Synced coin: Tether Gold (xaut)
[2025-11-23 18:50:03] Synced coin: Ethereum Classic (etc)
[2025-11-23 18:50:03] Synced coin: Pi Network (pi)
[2025-11-23 18:50:03] Synced coin: Jito Staked SOL (jitosol)
[2025-11-23 18:50:03] Synced coin: Jupiter Perpetuals Liquidity Provider Token (jlp)
[2025-11-23 18:50:03] Synced coin: Ethena (ena)
[2025-11-23 18:50:03] Synced coin: Pepe (pepe)
[2025-11-23 18:50:03] Synced coin: Aptos (apt)
[2025-11-23 18:50:03] Synced coin: Binance-Peg WETH (weth)
[2025-11-23 18:50:03] Synced coin: Wrapped SOL (sol)
[2025-11-23 18:50:03] Synced coin: HTX DAO (htx)
[2025-11-23 18:50:03] Synced coin: Pump.fun (pump)
[2025-11-23 18:50:03] Synced coin: KuCoin (kcs)
[2025-11-23 18:50:03] Synced coin: Ondo (ondo)
[2025-11-23 18:50:03] Synced coin: Worldcoin (wld)
[2025-11-23 18:50:03] Synced coin: POL (ex-MATIC) (pol)
[2025-11-23 18:50:03] Synced coin: PAX Gold (paxg)
[2025-11-23 18:50:03] Synced coin: USDtb (usdtb)
[2025-11-23 18:50:03] Synced coin: BFUSD (bfusd)
[2025-11-23 18:50:03] Synced coin: syrupUSDC (syrupusdc)
[2025-11-23 18:50:03] Synced coin: Binance Bridged USDC (BNB Smart Chain) (usdc)
[2025-11-23 18:50:03] Synced coin: Provenance Blockchain (hash)
[2025-11-23 18:50:03] Synced coin: Official Trump (trump)
[2025-11-23 18:50:03] Synced coin: Cosmos Hub (atom)
[2025-11-23 18:50:03] Synced coin: Algorand (algo)
[2025-11-23 18:50:03] Synced coin: Rocket Pool ETH (reth)
[2025-11-23 18:50:03] Synced coin: Filecoin (fil)
[2025-11-23 18:50:03] Synced coin: Circle USYC (usyc)
[2025-11-23 18:50:03] Synced coin: Gate (gt)
[2025-11-23 18:50:03] Synced coin: Wrapped BNB (wbnb)
[2025-11-23 18:50:03] Synced coin: Ripple USD (rlusd)
[2025-11-23 18:50:03] Synced coin: Global Dollar (usdg)
[2025-11-23 18:50:03] Synced coin: Arbitrum (arb)
[2025-11-23 18:50:03] Synced coin: Binance Staked SOL (bnsol)
[2025-11-23 18:50:03] Synced coin: Quant (qnt)
[2025-11-23 18:50:03] Synced coin: VeChain (vet)
[2025-11-23 18:50:03] Synced coin: Kaspa (kas)
[2025-11-23 18:50:03] Synced coin: Flare (flr)
[2025-11-23 18:50:03] Synced coin: Function FBTC (fbtc)
[2025-11-23 18:50:03] Synced coin: Kelp DAO Restaked ETH (rseth)
[2025-11-23 18:50:03] Synced coin: Lombard Staked BTC (lbtc)
[2025-11-23 18:50:03] Synced coin: Kinetiq Staked HYPE (khype)
[2025-11-23 18:50:03] Sync completed successfully.
[2025-11-23 18:55:01] Synced coin: Bitcoin (btc)
[2025-11-23 18:55:01] Synced coin: Ethereum (eth)
[2025-11-23 18:55:01] Synced coin: Tether (usdt)
[2025-11-23 18:55:01] Synced coin: XRP (xrp)
[2025-11-23 18:55:01] Synced coin: BNB (bnb)
[2025-11-23 18:55:01] Synced coin: USDC (usdc)
[2025-11-23 18:55:01] Synced coin: Solana (sol)
[2025-11-23 18:55:01] Synced coin: TRON (trx)
[2025-11-23 18:55:01] Synced coin: Lido Staked Ether (steth)
[2025-11-23 18:55:01] Synced coin: Dogecoin (doge)
[2025-11-23 18:55:01] Synced coin: Cardano (ada)
[2025-11-23 18:55:01] Synced coin: Figure Heloc (figr_heloc)
[2025-11-23 18:55:01] Synced coin: WhiteBIT Coin (wbt)
[2025-11-23 18:55:01] Synced coin: Wrapped stETH (wsteth)
[2025-11-23 18:55:01] Synced coin: Bitcoin Cash (bch)
[2025-11-23 18:55:01] Synced coin: Wrapped Bitcoin (wbtc)
[2025-11-23 18:55:01] Synced coin: Wrapped Beacon ETH (wbeth)
[2025-11-23 18:55:01] Synced coin: Zcash (zec)
[2025-11-23 18:55:01] Synced coin: USDS (usds)
[2025-11-23 18:55:01] Synced coin: Binance Bridged USDT (BNB Smart Chain) (bsc-usd)
[2025-11-23 18:55:01] Synced coin: LEO Token (leo)
[2025-11-23 18:55:01] Synced coin: Chainlink (link)
[2025-11-23 18:55:01] Synced coin: Hyperliquid (hype)
[2025-11-23 18:55:01] Synced coin: Stellar (xlm)
[2025-11-23 18:55:01] Synced coin: WETH (weth)
[2025-11-23 18:55:01] Synced coin: Ethena USDe (usde)
[2025-11-23 18:55:01] Synced coin: Wrapped eETH (weeth)
[2025-11-23 18:55:01] Synced coin: Monero (xmr)
[2025-11-23 18:55:01] Synced coin: Coinbase Wrapped BTC (cbbtc)
[2025-11-23 18:55:01] Synced coin: Litecoin (ltc)
[2025-11-23 18:55:01] Synced coin: Hedera (hbar)
[2025-11-23 18:55:01] Synced coin: Avalanche (avax)
[2025-11-23 18:55:01] Synced coin: Sui (sui)
[2025-11-23 18:55:01] Synced coin: Shiba Inu (shib)
[2025-11-23 18:55:01] Synced coin: Dai (dai)
[2025-11-23 18:55:01] Synced coin: Ethena Staked USDe (susde)
[2025-11-23 18:55:01] Synced coin: World Liberty Financial (wlfi)
[2025-11-23 18:55:01] Synced coin: Cronos (cro)
[2025-11-23 18:55:01] Synced coin: USDT0 (usdt0)
[2025-11-23 18:55:01] Synced coin: Uniswap (uni)
[2025-11-23 18:55:01] Synced coin: sUSDS (susds)
[2025-11-23 18:55:01] Synced coin: Polkadot (dot)
[2025-11-23 18:55:01] Synced coin: Toncoin (ton)
[2025-11-23 18:55:01] Synced coin: PayPal USD (pyusd)
[2025-11-23 18:55:01] Synced coin: MemeCore (m)
[2025-11-23 18:55:01] Synced coin: Mantle (mnt)
[2025-11-23 18:55:01] Synced coin: Canton (cc)
[2025-11-23 18:55:01] Synced coin: Bittensor (tao)
[2025-11-23 18:55:01] Synced coin: USD1 (usd1)
[2025-11-23 18:55:01] Synced coin: Currency One USD (c1usd)
[2025-11-23 18:55:01] Synced coin: Bitget Token (bgb)
[2025-11-23 18:55:01] Synced coin: Aave (aave)
[2025-11-23 18:55:01] Synced coin: NEAR Protocol (near)
[2025-11-23 18:55:01] Synced coin: BlackRock USD Institutional Digital Liquidity Fund (buidl)
[2025-11-23 18:55:01] Synced coin: Aster (aster)
[2025-11-23 18:55:01] Synced coin: Internet Computer (icp)
[2025-11-23 18:55:01] Synced coin: OKB (okb)
[2025-11-23 18:55:01] Synced coin: Falcon USD (usdf)
[2025-11-23 18:55:01] Synced coin: Tether Gold (xaut)
[2025-11-23 18:55:01] Synced coin: Ethereum Classic (etc)
[2025-11-23 18:55:01] Synced coin: Pi Network (pi)
[2025-11-23 18:55:01] Synced coin: Jito Staked SOL (jitosol)
[2025-11-23 18:55:01] Synced coin: Jupiter Perpetuals Liquidity Provider Token (jlp)
[2025-11-23 18:55:01] Synced coin: Ethena (ena)
[2025-11-23 18:55:01] Synced coin: Pepe (pepe)
[2025-11-23 18:55:01] Synced coin: Aptos (apt)
[2025-11-23 18:55:01] Synced coin: Binance-Peg WETH (weth)
[2025-11-23 18:55:01] Synced coin: Wrapped SOL (sol)
[2025-11-23 18:55:01] Synced coin: HTX DAO (htx)
[2025-11-23 18:55:01] Synced coin: Pump.fun (pump)
[2025-11-23 18:55:01] Synced coin: KuCoin (kcs)
[2025-11-23 18:55:01] Synced coin: Ondo (ondo)
[2025-11-23 18:55:01] Synced coin: POL (ex-MATIC) (pol)
[2025-11-23 18:55:02] Synced coin: Worldcoin (wld)
[2025-11-23 18:55:02] Synced coin: PAX Gold (paxg)
[2025-11-23 18:55:02] Synced coin: USDtb (usdtb)
[2025-11-23 18:55:02] Synced coin: BFUSD (bfusd)
[2025-11-23 18:55:02] Synced coin: syrupUSDC (syrupusdc)
[2025-11-23 18:55:02] Synced coin: Binance Bridged USDC (BNB Smart Chain) (usdc)
[2025-11-23 18:55:02] Synced coin: Provenance Blockchain (hash)
[2025-11-23 18:55:02] Synced coin: Official Trump (trump)
[2025-11-23 18:55:02] Synced coin: Cosmos Hub (atom)
[2025-11-23 18:55:02] Synced coin: Algorand (algo)
[2025-11-23 18:55:02] Synced coin: Rocket Pool ETH (reth)
[2025-11-23 18:55:02] Synced coin: Filecoin (fil)
[2025-11-23 18:55:02] Synced coin: Circle USYC (usyc)
[2025-11-23 18:55:02] Synced coin: Gate (gt)
[2025-11-23 18:55:02] Synced coin: Global Dollar (usdg)
[2025-11-23 18:55:02] Synced coin: Ripple USD (rlusd)
[2025-11-23 18:55:02] Synced coin: Wrapped BNB (wbnb)
[2025-11-23 18:55:02] Synced coin: Arbitrum (arb)
[2025-11-23 18:55:02] Synced coin: Binance Staked SOL (bnsol)
[2025-11-23 18:55:02] Synced coin: Quant (qnt)
[2025-11-23 18:55:02] Synced coin: VeChain (vet)
[2025-11-23 18:55:02] Synced coin: Kaspa (kas)
[2025-11-23 18:55:02] Synced coin: Flare (flr)
[2025-11-23 18:55:02] Synced coin: Function FBTC (fbtc)
[2025-11-23 18:55:02] Synced coin: Kelp DAO Restaked ETH (rseth)
[2025-11-23 18:55:02] Synced coin: Lombard Staked BTC (lbtc)
[2025-11-23 18:55:02] Synced coin: Kinetiq Staked HYPE (khype)
[2025-11-23 18:55:02] Sync completed successfully.
[2025-11-23 19:00:01] Synced coin: Bitcoin (btc)
[2025-11-23 19:00:01] Synced coin: Ethereum (eth)
[2025-11-23 19:00:01] Synced coin: Tether (usdt)
[2025-11-23 19:00:01] Synced coin: XRP (xrp)
[2025-11-23 19:00:01] Synced coin: BNB (bnb)
[2025-11-23 19:00:01] Synced coin: USDC (usdc)
[2025-11-23 19:00:01] Synced coin: Solana (sol)
[2025-11-23 19:00:01] Synced coin: TRON (trx)
[2025-11-23 19:00:01] Synced coin: Lido Staked Ether (steth)
[2025-11-23 19:00:01] Synced coin: Dogecoin (doge)
[2025-11-23 19:00:01] Synced coin: Cardano (ada)
[2025-11-23 19:00:01] Synced coin: Figure Heloc (figr_heloc)
[2025-11-23 19:00:01] Synced coin: WhiteBIT Coin (wbt)
[2025-11-23 19:00:01] Synced coin: Wrapped stETH (wsteth)
[2025-11-23 19:00:01] Synced coin: Bitcoin Cash (bch)
[2025-11-23 19:00:01] Synced coin: Wrapped Bitcoin (wbtc)
[2025-11-23 19:00:01] Synced coin: Wrapped Beacon ETH (wbeth)
[2025-11-23 19:00:01] Synced coin: Zcash (zec)
[2025-11-23 19:00:01] Synced coin: USDS (usds)
[2025-11-23 19:00:01] Synced coin: Binance Bridged USDT (BNB Smart Chain) (bsc-usd)
[2025-11-23 19:00:01] Synced coin: LEO Token (leo)
[2025-11-23 19:00:01] Synced coin: Chainlink (link)
[2025-11-23 19:00:01] Synced coin: Hyperliquid (hype)
[2025-11-23 19:00:01] Synced coin: Stellar (xlm)
[2025-11-23 19:00:01] Synced coin: Ethena USDe (usde)
[2025-11-23 19:00:01] Synced coin: WETH (weth)
[2025-11-23 19:00:01] Synced coin: Monero (xmr)
[2025-11-23 19:00:01] Synced coin: Wrapped eETH (weeth)
[2025-11-23 19:00:01] Synced coin: Coinbase Wrapped BTC (cbbtc)
[2025-11-23 19:00:01] Synced coin: Litecoin (ltc)
[2025-11-23 19:00:01] Synced coin: Hedera (hbar)
[2025-11-23 19:00:01] Synced coin: Avalanche (avax)
[2025-11-23 19:00:01] Synced coin: Sui (sui)
[2025-11-23 19:00:01] Synced coin: Shiba Inu (shib)
[2025-11-23 19:00:01] Synced coin: Dai (dai)
[2025-11-23 19:00:01] Synced coin: Ethena Staked USDe (susde)
[2025-11-23 19:00:01] Synced coin: World Liberty Financial (wlfi)
[2025-11-23 19:00:01] Synced coin: USDT0 (usdt0)
[2025-11-23 19:00:01] Synced coin: Cronos (cro)
[2025-11-23 19:00:01] Synced coin: Uniswap (uni)
[2025-11-23 19:00:01] Synced coin: sUSDS (susds)
[2025-11-23 19:00:01] Synced coin: Polkadot (dot)
[2025-11-23 19:00:01] Synced coin: Toncoin (ton)
[2025-11-23 19:00:01] Synced coin: PayPal USD (pyusd)
[2025-11-23 19:00:01] Synced coin: MemeCore (m)
[2025-11-23 19:00:01] Synced coin: Mantle (mnt)
[2025-11-23 19:00:01] Synced coin: Bittensor (tao)
[2025-11-23 19:00:01] Synced coin: Canton (cc)
[2025-11-23 19:00:01] Synced coin: USD1 (usd1)
[2025-11-23 19:00:01] Synced coin: Currency One USD (c1usd)
[2025-11-23 19:00:01] Synced coin: Bitget Token (bgb)
[2025-11-23 19:00:01] Synced coin: Aave (aave)
[2025-11-23 19:00:01] Synced coin: NEAR Protocol (near)
[2025-11-23 19:00:01] Synced coin: BlackRock USD Institutional Digital Liquidity Fund (buidl)
[2025-11-23 19:00:01] Synced coin: Aster (aster)
[2025-11-23 19:00:01] Synced coin: Internet Computer (icp)
[2025-11-23 19:00:01] Synced coin: OKB (okb)
[2025-11-23 19:00:01] Synced coin: Falcon USD (usdf)
[2025-11-23 19:00:01] Synced coin: Tether Gold (xaut)
[2025-11-23 19:00:01] Synced coin: Ethereum Classic (etc)
[2025-11-23 19:00:01] Synced coin: Pi Network (pi)
[2025-11-23 19:00:01] Synced coin: Jito Staked SOL (jitosol)
[2025-11-23 19:00:01] Synced coin: Jupiter Perpetuals Liquidity Provider Token (jlp)
[2025-11-23 19:00:01] Synced coin: Pepe (pepe)
[2025-11-23 19:00:01] Synced coin: Ethena (ena)
[2025-11-23 19:00:01] Synced coin: Aptos (apt)
[2025-11-23 19:00:01] Synced coin: Binance-Peg WETH (weth)
[2025-11-23 19:00:01] Synced coin: Wrapped SOL (sol)
[2025-11-23 19:00:01] Synced coin: HTX DAO (htx)
[2025-11-23 19:00:01] Synced coin: Pump.fun (pump)
[2025-11-23 19:00:01] Synced coin: KuCoin (kcs)
[2025-11-23 19:00:01] Synced coin: Ondo (ondo)
[2025-11-23 19:00:01] Synced coin: POL (ex-MATIC) (pol)
[2025-11-23 19:00:01] Synced coin: Worldcoin (wld)
[2025-11-23 19:00:01] Synced coin: PAX Gold (paxg)
[2025-11-23 19:00:01] Synced coin: USDtb (usdtb)
[2025-11-23 19:00:01] Synced coin: BFUSD (bfusd)
[2025-11-23 19:00:01] Synced coin: syrupUSDC (syrupusdc)
[2025-11-23 19:00:01] Synced coin: Binance Bridged USDC (BNB Smart Chain) (usdc)
[2025-11-23 19:00:01] Synced coin: Provenance Blockchain (hash)
[2025-11-23 19:00:01] Synced coin: Official Trump (trump)
[2025-11-23 19:00:01] Synced coin: Cosmos Hub (atom)
[2025-11-23 19:00:01] Synced coin: Algorand (algo)
[2025-11-23 19:00:01] Synced coin: Rocket Pool ETH (reth)
[2025-11-23 19:00:01] Synced coin: Filecoin (fil)
[2025-11-23 19:00:01] Synced coin: Circle USYC (usyc)
[2025-11-23 19:00:01] Synced coin: Gate (gt)
[2025-11-23 19:00:01] Synced coin: Ripple USD (rlusd)
[2025-11-23 19:00:01] Synced coin: Global Dollar (usdg)
[2025-11-23 19:00:01] Synced coin: Wrapped BNB (wbnb)
[2025-11-23 19:00:01] Synced coin: Arbitrum (arb)
[2025-11-23 19:00:01] Synced coin: Binance Staked SOL (bnsol)
[2025-11-23 19:00:01] Synced coin: Quant (qnt)
[2025-11-23 19:00:01] Synced coin: VeChain (vet)
[2025-11-23 19:00:01] Synced coin: Kaspa (kas)
[2025-11-23 19:00:01] Synced coin: Flare (flr)
[2025-11-23 19:00:01] Synced coin: Function FBTC (fbtc)
[2025-11-23 19:00:01] Synced coin: Kelp DAO Restaked ETH (rseth)
[2025-11-23 19:00:01] Synced coin: Lombard Staked BTC (lbtc)
[2025-11-23 19:00:01] Synced coin: Kinetiq Staked HYPE (khype)
[2025-11-23 19:00:01] Sync completed successfully.
[2025-11-23 19:05:02] Synced coin: Bitcoin (btc)
[2025-11-23 19:05:02] Synced coin: Ethereum (eth)
[2025-11-23 19:05:02] Synced coin: Tether (usdt)
[2025-11-23 19:05:02] Synced coin: XRP (xrp)
[2025-11-23 19:05:02] Synced coin: BNB (bnb)
[2025-11-23 19:05:02] Synced coin: USDC (usdc)
[2025-11-23 19:05:02] Synced coin: Solana (sol)
[2025-11-23 19:05:02] Synced coin: TRON (trx)
[2025-11-23 19:05:02] Synced coin: Lido Staked Ether (steth)
[2025-11-23 19:05:02] Synced coin: Dogecoin (doge)
[2025-11-23 19:05:02] Synced coin: Cardano (ada)
[2025-11-23 19:05:02] Synced coin: Figure Heloc (figr_heloc)
[2025-11-23 19:05:02] Synced coin: WhiteBIT Coin (wbt)
[2025-11-23 19:05:02] Synced coin: Wrapped stETH (wsteth)
[2025-11-23 19:05:02] Synced coin: Bitcoin Cash (bch)
[2025-11-23 19:05:02] Synced coin: Wrapped Bitcoin (wbtc)
[2025-11-23 19:05:02] Synced coin: Wrapped Beacon ETH (wbeth)
[2025-11-23 19:05:02] Synced coin: Zcash (zec)
[2025-11-23 19:05:02] Synced coin: USDS (usds)
[2025-11-23 19:05:02] Synced coin: Binance Bridged USDT (BNB Smart Chain) (bsc-usd)
[2025-11-23 19:05:02] Synced coin: LEO Token (leo)
[2025-11-23 19:05:02] Synced coin: Chainlink (link)
[2025-11-23 19:05:02] Synced coin: Hyperliquid (hype)
[2025-11-23 19:05:02] Synced coin: Stellar (xlm)
[2025-11-23 19:05:02] Synced coin: Ethena USDe (usde)
[2025-11-23 19:05:02] Synced coin: WETH (weth)
[2025-11-23 19:05:02] Synced coin: Monero (xmr)
[2025-11-23 19:05:02] Synced coin: Wrapped eETH (weeth)
[2025-11-23 19:05:02] Synced coin: Coinbase Wrapped BTC (cbbtc)
[2025-11-23 19:05:02] Synced coin: Litecoin (ltc)
[2025-11-23 19:05:02] Synced coin: Hedera (hbar)
[2025-11-23 19:05:02] Synced coin: Avalanche (avax)
[2025-11-23 19:05:02] Synced coin: Sui (sui)
[2025-11-23 19:05:02] Synced coin: Shiba Inu (shib)
[2025-11-23 19:05:02] Synced coin: Dai (dai)
[2025-11-23 19:05:02] Synced coin: Ethena Staked USDe (susde)
[2025-11-23 19:05:02] Synced coin: World Liberty Financial (wlfi)
[2025-11-23 19:05:02] Synced coin: USDT0 (usdt0)
[2025-11-23 19:05:02] Synced coin: Cronos (cro)
[2025-11-23 19:05:02] Synced coin: Uniswap (uni)
[2025-11-23 19:05:02] Synced coin: sUSDS (susds)
[2025-11-23 19:05:02] Synced coin: Polkadot (dot)
[2025-11-23 19:05:02] Synced coin: Toncoin (ton)
[2025-11-23 19:05:02] Synced coin: PayPal USD (pyusd)
[2025-11-23 19:05:02] Synced coin: MemeCore (m)
[2025-11-23 19:05:02] Synced coin: Mantle (mnt)
[2025-11-23 19:05:02] Synced coin: Bittensor (tao)
[2025-11-23 19:05:02] Synced coin: Canton (cc)
[2025-11-23 19:05:02] Synced coin: USD1 (usd1)
[2025-11-23 19:05:02] Synced coin: Currency One USD (c1usd)
[2025-11-23 19:05:02] Synced coin: Bitget Token (bgb)
[2025-11-23 19:05:02] Synced coin: Aave (aave)
[2025-11-23 19:05:02] Synced coin: NEAR Protocol (near)
[2025-11-23 19:05:02] Synced coin: BlackRock USD Institutional Digital Liquidity Fund (buidl)
[2025-11-23 19:05:02] Synced coin: Aster (aster)
[2025-11-23 19:05:02] Synced coin: Internet Computer (icp)
[2025-11-23 19:05:02] Synced coin: OKB (okb)
[2025-11-23 19:05:02] Synced coin: Falcon USD (usdf)
[2025-11-23 19:05:02] Synced coin: Tether Gold (xaut)
[2025-11-23 19:05:02] Synced coin: Ethereum Classic (etc)
[2025-11-23 19:05:02] Synced coin: Pi Network (pi)
[2025-11-23 19:05:02] Synced coin: Jito Staked SOL (jitosol)
[2025-11-23 19:05:02] Synced coin: Jupiter Perpetuals Liquidity Provider Token (jlp)
[2025-11-23 19:05:02] Synced coin: Ethena (ena)
[2025-11-23 19:05:02] Synced coin: Pepe (pepe)
[2025-11-23 19:05:02] Synced coin: Aptos (apt)
[2025-11-23 19:05:02] Synced coin: Binance-Peg WETH (weth)
[2025-11-23 19:05:02] Synced coin: Wrapped SOL (sol)
[2025-11-23 19:05:02] Synced coin: HTX DAO (htx)
[2025-11-23 19:05:02] Synced coin: Pump.fun (pump)
[2025-11-23 19:05:02] Synced coin: KuCoin (kcs)
[2025-11-23 19:05:02] Synced coin: Ondo (ondo)
[2025-11-23 19:05:02] Synced coin: POL (ex-MATIC) (pol)
[2025-11-23 19:05:02] Synced coin: Worldcoin (wld)
[2025-11-23 19:05:02] Synced coin: PAX Gold (paxg)
[2025-11-23 19:05:02] Synced coin: USDtb (usdtb)
[2025-11-23 19:05:02] Synced coin: BFUSD (bfusd)
[2025-11-23 19:05:02] Synced coin: syrupUSDC (syrupusdc)
[2025-11-23 19:05:02] Synced coin: Binance Bridged USDC (BNB Smart Chain) (usdc)
[2025-11-23 19:05:02] Synced coin: Provenance Blockchain (hash)
[2025-11-23 19:05:02] Synced coin: Official Trump (trump)
[2025-11-23 19:05:02] Synced coin: Cosmos Hub (atom)
[2025-11-23 19:05:02] Synced coin: Algorand (algo)
[2025-11-23 19:05:02] Synced coin: Rocket Pool ETH (reth)
[2025-11-23 19:05:02] Synced coin: Filecoin (fil)
[2025-11-23 19:05:02] Synced coin: Circle USYC (usyc)
[2025-11-23 19:05:02] Synced coin: Gate (gt)
[2025-11-23 19:05:02] Synced coin: Global Dollar (usdg)
[2025-11-23 19:05:02] Synced coin: Ripple USD (rlusd)
[2025-11-23 19:05:02] Synced coin: Wrapped BNB (wbnb)
[2025-11-23 19:05:02] Synced coin: Arbitrum (arb)
[2025-11-23 19:05:02] Synced coin: Binance Staked SOL (bnsol)
[2025-11-23 19:05:02] Synced coin: Quant (qnt)
[2025-11-23 19:05:02] Synced coin: VeChain (vet)
[2025-11-23 19:05:02] Synced coin: Kaspa (kas)
[2025-11-23 19:05:02] Synced coin: Flare (flr)
[2025-11-23 19:05:02] Synced coin: Function FBTC (fbtc)
[2025-11-23 19:05:02] Synced coin: Kelp DAO Restaked ETH (rseth)
[2025-11-23 19:05:02] Synced coin: Lombard Staked BTC (lbtc)
[2025-11-23 19:05:02] Synced coin: Kinetiq Staked HYPE (khype)
[2025-11-23 19:05:02] Sync completed successfully.
[2025-11-23 19:10:02] Synced coin: Bitcoin (btc)
[2025-11-23 19:10:02] Synced coin: Ethereum (eth)
[2025-11-23 19:10:02] Synced coin: Tether (usdt)
[2025-11-23 19:10:02] Synced coin: XRP (xrp)
[2025-11-23 19:10:02] Synced coin: BNB (bnb)
[2025-11-23 19:10:02] Synced coin: USDC (usdc)
[2025-11-23 19:10:02] Synced coin: Solana (sol)
[2025-11-23 19:10:02] Synced coin: TRON (trx)
[2025-11-23 19:10:02] Synced coin: Lido Staked Ether (steth)
[2025-11-23 19:10:02] Synced coin: Dogecoin (doge)
[2025-11-23 19:10:02] Synced coin: Cardano (ada)
[2025-11-23 19:10:02] Synced coin: Figure Heloc (figr_heloc)
[2025-11-23 19:10:02] Synced coin: WhiteBIT Coin (wbt)
[2025-11-23 19:10:02] Synced coin: Wrapped stETH (wsteth)
[2025-11-23 19:10:02] Synced coin: Bitcoin Cash (bch)
[2025-11-23 19:10:02] Synced coin: Wrapped Bitcoin (wbtc)
[2025-11-23 19:10:02] Synced coin: Wrapped Beacon ETH (wbeth)
[2025-11-23 19:10:02] Synced coin: Zcash (zec)
[2025-11-23 19:10:02] Synced coin: USDS (usds)
[2025-11-23 19:10:02] Synced coin: Binance Bridged USDT (BNB Smart Chain) (bsc-usd)
[2025-11-23 19:10:02] Synced coin: LEO Token (leo)
[2025-11-23 19:10:02] Synced coin: Chainlink (link)
[2025-11-23 19:10:02] Synced coin: Hyperliquid (hype)
[2025-11-23 19:10:02] Synced coin: Stellar (xlm)
[2025-11-23 19:10:02] Synced coin: Ethena USDe (usde)
[2025-11-23 19:10:02] Synced coin: WETH (weth)
[2025-11-23 19:10:02] Synced coin: Monero (xmr)
[2025-11-23 19:10:02] Synced coin: Wrapped eETH (weeth)
[2025-11-23 19:10:02] Synced coin: Coinbase Wrapped BTC (cbbtc)
[2025-11-23 19:10:02] Synced coin: Litecoin (ltc)
[2025-11-23 19:10:02] Synced coin: Hedera (hbar)
[2025-11-23 19:10:02] Synced coin: Avalanche (avax)
[2025-11-23 19:10:02] Synced coin: Sui (sui)
[2025-11-23 19:10:02] Synced coin: Shiba Inu (shib)
[2025-11-23 19:10:02] Synced coin: Dai (dai)
[2025-11-23 19:10:02] Synced coin: Ethena Staked USDe (susde)
[2025-11-23 19:10:02] Synced coin: World Liberty Financial (wlfi)
[2025-11-23 19:10:02] Synced coin: USDT0 (usdt0)
[2025-11-23 19:10:02] Synced coin: Cronos (cro)
[2025-11-23 19:10:02] Synced coin: Uniswap (uni)
[2025-11-23 19:10:02] Synced coin: sUSDS (susds)
[2025-11-23 19:10:02] Synced coin: Polkadot (dot)
[2025-11-23 19:10:02] Synced coin: Toncoin (ton)
[2025-11-23 19:10:02] Synced coin: PayPal USD (pyusd)
[2025-11-23 19:10:02] Synced coin: MemeCore (m)
[2025-11-23 19:10:02] Synced coin: Mantle (mnt)
[2025-11-23 19:10:02] Synced coin: Bittensor (tao)
[2025-11-23 19:10:02] Synced coin: Canton (cc)
[2025-11-23 19:10:02] Synced coin: USD1 (usd1)
[2025-11-23 19:10:02] Synced coin: Currency One USD (c1usd)
[2025-11-23 19:10:02] Synced coin: Aave (aave)
[2025-11-23 19:10:02] Synced coin: Bitget Token (bgb)
[2025-11-23 19:10:02] Synced coin: NEAR Protocol (near)
[2025-11-23 19:10:02] Synced coin: BlackRock USD Institutional Digital Liquidity Fund (buidl)
[2025-11-23 19:10:02] Synced coin: Aster (aster)
[2025-11-23 19:10:02] Synced coin: Internet Computer (icp)
[2025-11-23 19:10:02] Synced coin: OKB (okb)
[2025-11-23 19:10:02] Synced coin: Falcon USD (usdf)
[2025-11-23 19:10:02] Synced coin: Tether Gold (xaut)
[2025-11-23 19:10:02] Synced coin: Ethereum Classic (etc)
[2025-11-23 19:10:02] Synced coin: Pi Network (pi)
[2025-11-23 19:10:02] Synced coin: Jito Staked SOL (jitosol)
[2025-11-23 19:10:02] Synced coin: Jupiter Perpetuals Liquidity Provider Token (jlp)
[2025-11-23 19:10:02] Synced coin: Ethena (ena)
[2025-11-23 19:10:02] Synced coin: Pepe (pepe)
[2025-11-23 19:10:02] Synced coin: Aptos (apt)
[2025-11-23 19:10:02] Synced coin: Binance-Peg WETH (weth)
[2025-11-23 19:10:02] Synced coin: Wrapped SOL (sol)
[2025-11-23 19:10:02] Synced coin: HTX DAO (htx)
[2025-11-23 19:10:02] Synced coin: Pump.fun (pump)
[2025-11-23 19:10:02] Synced coin: KuCoin (kcs)
[2025-11-23 19:10:02] Synced coin: Ondo (ondo)
[2025-11-23 19:10:02] Synced coin: POL (ex-MATIC) (pol)
[2025-11-23 19:10:02] Synced coin: Worldcoin (wld)
[2025-11-23 19:10:02] Synced coin: PAX Gold (paxg)
[2025-11-23 19:10:02] Synced coin: USDtb (usdtb)
[2025-11-23 19:10:02] Synced coin: BFUSD (bfusd)
[2025-11-23 19:10:02] Synced coin: syrupUSDC (syrupusdc)
[2025-11-23 19:10:02] Synced coin: Binance Bridged USDC (BNB Smart Chain) (usdc)
[2025-11-23 19:10:02] Synced coin: Official Trump (trump)
[2025-11-23 19:10:02] Synced coin: Provenance Blockchain (hash)
[2025-11-23 19:10:02] Synced coin: Cosmos Hub (atom)
[2025-11-23 19:10:02] Synced coin: Algorand (algo)
[2025-11-23 19:10:02] Synced coin: Rocket Pool ETH (reth)
[2025-11-23 19:10:02] Synced coin: Filecoin (fil)
[2025-11-23 19:10:02] Synced coin: Circle USYC (usyc)
[2025-11-23 19:10:02] Synced coin: Gate (gt)
[2025-11-23 19:10:02] Synced coin: Wrapped BNB (wbnb)
[2025-11-23 19:10:02] Synced coin: Global Dollar (usdg)
[2025-11-23 19:10:02] Synced coin: Ripple USD (rlusd)
[2025-11-23 19:10:02] Synced coin: Arbitrum (arb)
[2025-11-23 19:10:02] Synced coin: Binance Staked SOL (bnsol)
[2025-11-23 19:10:02] Synced coin: Quant (qnt)
[2025-11-23 19:10:02] Synced coin: VeChain (vet)
[2025-11-23 19:10:02] Synced coin: Kaspa (kas)
[2025-11-23 19:10:02] Synced coin: Flare (flr)
[2025-11-23 19:10:02] Synced coin: Function FBTC (fbtc)
[2025-11-23 19:10:02] Synced coin: Kelp DAO Restaked ETH (rseth)
[2025-11-23 19:10:02] Synced coin: Lombard Staked BTC (lbtc)
[2025-11-23 19:10:02] Synced coin: Kinetiq Staked HYPE (khype)
[2025-11-23 19:10:02] Sync completed successfully.
[2025-11-23 19:15:02] Synced coin: Bitcoin (btc)
[2025-11-23 19:15:02] Synced coin: Ethereum (eth)
[2025-11-23 19:15:02] Synced coin: Tether (usdt)
[2025-11-23 19:15:02] Synced coin: XRP (xrp)
[2025-11-23 19:15:02] Synced coin: BNB (bnb)
[2025-11-23 19:15:02] Synced coin: USDC (usdc)
[2025-11-23 19:15:02] Synced coin: Solana (sol)
[2025-11-23 19:15:02] Synced coin: TRON (trx)
[2025-11-23 19:15:02] Synced coin: Lido Staked Ether (steth)
[2025-11-23 19:15:02] Synced coin: Dogecoin (doge)
[2025-11-23 19:15:02] Synced coin: Cardano (ada)
[2025-11-23 19:15:02] Synced coin: Figure Heloc (figr_heloc)
[2025-11-23 19:15:02] Synced coin: WhiteBIT Coin (wbt)
[2025-11-23 19:15:02] Synced coin: Wrapped stETH (wsteth)
[2025-11-23 19:15:02] Synced coin: Bitcoin Cash (bch)
[2025-11-23 19:15:02] Synced coin: Wrapped Bitcoin (wbtc)
[2025-11-23 19:15:02] Synced coin: Wrapped Beacon ETH (wbeth)
[2025-11-23 19:15:02] Synced coin: Zcash (zec)
[2025-11-23 19:15:02] Synced coin: USDS (usds)
[2025-11-23 19:15:02] Synced coin: Binance Bridged USDT (BNB Smart Chain) (bsc-usd)
[2025-11-23 19:15:02] Synced coin: LEO Token (leo)
[2025-11-23 19:15:02] Synced coin: Chainlink (link)
[2025-11-23 19:15:02] Synced coin: Hyperliquid (hype)
[2025-11-23 19:15:02] Synced coin: Stellar (xlm)
[2025-11-23 19:15:02] Synced coin: Ethena USDe (usde)
[2025-11-23 19:15:02] Synced coin: WETH (weth)
[2025-11-23 19:15:02] Synced coin: Monero (xmr)
[2025-11-23 19:15:02] Synced coin: Wrapped eETH (weeth)
[2025-11-23 19:15:02] Synced coin: Coinbase Wrapped BTC (cbbtc)
[2025-11-23 19:15:02] Synced coin: Litecoin (ltc)
[2025-11-23 19:15:02] Synced coin: Hedera (hbar)
[2025-11-23 19:15:02] Synced coin: Avalanche (avax)
[2025-11-23 19:15:02] Synced coin: Sui (sui)
[2025-11-23 19:15:02] Synced coin: Shiba Inu (shib)
[2025-11-23 19:15:02] Synced coin: Dai (dai)
[2025-11-23 19:15:02] Synced coin: Ethena Staked USDe (susde)
[2025-11-23 19:15:02] Synced coin: World Liberty Financial (wlfi)
[2025-11-23 19:15:02] Synced coin: USDT0 (usdt0)
[2025-11-23 19:15:02] Synced coin: Cronos (cro)
[2025-11-23 19:15:02] Synced coin: Uniswap (uni)
[2025-11-23 19:15:02] Synced coin: sUSDS (susds)
[2025-11-23 19:15:02] Synced coin: Polkadot (dot)
[2025-11-23 19:15:02] Synced coin: Toncoin (ton)
[2025-11-23 19:15:02] Synced coin: PayPal USD (pyusd)
[2025-11-23 19:15:02] Synced coin: MemeCore (m)
[2025-11-23 19:15:02] Synced coin: Mantle (mnt)
[2025-11-23 19:15:02] Synced coin: Bittensor (tao)
[2025-11-23 19:15:02] Synced coin: Canton (cc)
[2025-11-23 19:15:02] Synced coin: USD1 (usd1)
[2025-11-23 19:15:02] Synced coin: Currency One USD (c1usd)
[2025-11-23 19:15:02] Synced coin: Aave (aave)
[2025-11-23 19:15:02] Synced coin: Bitget Token (bgb)
[2025-11-23 19:15:02] Synced coin: NEAR Protocol (near)
[2025-11-23 19:15:02] Synced coin: BlackRock USD Institutional Digital Liquidity Fund (buidl)
[2025-11-23 19:15:02] Synced coin: Aster (aster)
[2025-11-23 19:15:02] Synced coin: Internet Computer (icp)
[2025-11-23 19:15:02] Synced coin: OKB (okb)
[2025-11-23 19:15:02] Synced coin: Falcon USD (usdf)
[2025-11-23 19:15:02] Synced coin: Tether Gold (xaut)
[2025-11-23 19:15:02] Synced coin: Ethereum Classic (etc)
[2025-11-23 19:15:02] Synced coin: Pi Network (pi)
[2025-11-23 19:15:02] Synced coin: Jito Staked SOL (jitosol)
[2025-11-23 19:15:02] Synced coin: Jupiter Perpetuals Liquidity Provider Token (jlp)
[2025-11-23 19:15:02] Synced coin: Ethena (ena)
[2025-11-23 19:15:02] Synced coin: Pepe (pepe)
[2025-11-23 19:15:02] Synced coin: Aptos (apt)
[2025-11-23 19:15:02] Synced coin: Binance-Peg WETH (weth)
[2025-11-23 19:15:02] Synced coin: Wrapped SOL (sol)
[2025-11-23 19:15:02] Synced coin: HTX DAO (htx)
[2025-11-23 19:15:02] Synced coin: Pump.fun (pump)
[2025-11-23 19:15:02] Synced coin: KuCoin (kcs)
[2025-11-23 19:15:02] Synced coin: Ondo (ondo)
[2025-11-23 19:15:02] Synced coin: POL (ex-MATIC) (pol)
[2025-11-23 19:15:02] Synced coin: Worldcoin (wld)
[2025-11-23 19:15:02] Synced coin: PAX Gold (paxg)
[2025-11-23 19:15:02] Synced coin: USDtb (usdtb)
[2025-11-23 19:15:02] Synced coin: BFUSD (bfusd)
[2025-11-23 19:15:02] Synced coin: syrupUSDC (syrupusdc)
[2025-11-23 19:15:02] Synced coin: Binance Bridged USDC (BNB Smart Chain) (usdc)
[2025-11-23 19:15:02] Synced coin: Official Trump (trump)
[2025-11-23 19:15:02] Synced coin: Provenance Blockchain (hash)
[2025-11-23 19:15:02] Synced coin: Cosmos Hub (atom)
[2025-11-23 19:15:02] Synced coin: Algorand (algo)
[2025-11-23 19:15:02] Synced coin: Rocket Pool ETH (reth)
[2025-11-23 19:15:02] Synced coin: Filecoin (fil)
[2025-11-23 19:15:02] Synced coin: Circle USYC (usyc)
[2025-11-23 19:15:02] Synced coin: Gate (gt)
[2025-11-23 19:15:02] Synced coin: Wrapped BNB (wbnb)
[2025-11-23 19:15:02] Synced coin: Global Dollar (usdg)
[2025-11-23 19:15:02] Synced coin: Ripple USD (rlusd)
[2025-11-23 19:15:02] Synced coin: Arbitrum (arb)
[2025-11-23 19:15:02] Synced coin: Binance Staked SOL (bnsol)
[2025-11-23 19:15:02] Synced coin: Quant (qnt)
[2025-11-23 19:15:02] Synced coin: VeChain (vet)
[2025-11-23 19:15:02] Synced coin: Kaspa (kas)
[2025-11-23 19:15:02] Synced coin: Flare (flr)
[2025-11-23 19:15:02] Synced coin: Function FBTC (fbtc)
[2025-11-23 19:15:02] Synced coin: Kelp DAO Restaked ETH (rseth)
[2025-11-23 19:15:02] Synced coin: Lombard Staked BTC (lbtc)
[2025-11-23 19:15:02] Synced coin: Kinetiq Staked HYPE (khype)
[2025-11-23 19:15:02] Sync completed successfully.
[2025-11-23 19:20:01] Synced coin: Bitcoin (btc)
[2025-11-23 19:20:01] Synced coin: Ethereum (eth)
[2025-11-23 19:20:01] Synced coin: Tether (usdt)
[2025-11-23 19:20:01] Synced coin: XRP (xrp)
[2025-11-23 19:20:01] Synced coin: BNB (bnb)
[2025-11-23 19:20:01] Synced coin: USDC (usdc)
[2025-11-23 19:20:01] Synced coin: Solana (sol)
[2025-11-23 19:20:01] Synced coin: TRON (trx)
[2025-11-23 19:20:01] Synced coin: Lido Staked Ether (steth)
[2025-11-23 19:20:01] Synced coin: Dogecoin (doge)
[2025-11-23 19:20:01] Synced coin: Cardano (ada)
[2025-11-23 19:20:01] Synced coin: Figure Heloc (figr_heloc)
[2025-11-23 19:20:01] Synced coin: WhiteBIT Coin (wbt)
[2025-11-23 19:20:01] Synced coin: Wrapped stETH (wsteth)
[2025-11-23 19:20:01] Synced coin: Bitcoin Cash (bch)
[2025-11-23 19:20:01] Synced coin: Wrapped Bitcoin (wbtc)
[2025-11-23 19:20:01] Synced coin: Wrapped Beacon ETH (wbeth)
[2025-11-23 19:20:01] Synced coin: Zcash (zec)
[2025-11-23 19:20:01] Synced coin: USDS (usds)
[2025-11-23 19:20:01] Synced coin: Binance Bridged USDT (BNB Smart Chain) (bsc-usd)
[2025-11-23 19:20:01] Synced coin: LEO Token (leo)
[2025-11-23 19:20:01] Synced coin: Chainlink (link)
[2025-11-23 19:20:01] Synced coin: Hyperliquid (hype)
[2025-11-23 19:20:01] Synced coin: Stellar (xlm)
[2025-11-23 19:20:01] Synced coin: WETH (weth)
[2025-11-23 19:20:01] Synced coin: Ethena USDe (usde)
[2025-11-23 19:20:01] Synced coin: Monero (xmr)
[2025-11-23 19:20:01] Synced coin: Wrapped eETH (weeth)
[2025-11-23 19:20:01] Synced coin: Coinbase Wrapped BTC (cbbtc)
[2025-11-23 19:20:01] Synced coin: Litecoin (ltc)
[2025-11-23 19:20:01] Synced coin: Hedera (hbar)
[2025-11-23 19:20:01] Synced coin: Avalanche (avax)
[2025-11-23 19:20:01] Synced coin: Sui (sui)
[2025-11-23 19:20:01] Synced coin: Shiba Inu (shib)
[2025-11-23 19:20:01] Synced coin: Dai (dai)
[2025-11-23 19:20:01] Synced coin: Ethena Staked USDe (susde)
[2025-11-23 19:20:01] Synced coin: World Liberty Financial (wlfi)
[2025-11-23 19:20:01] Synced coin: Cronos (cro)
[2025-11-23 19:20:01] Synced coin: USDT0 (usdt0)
[2025-11-23 19:20:01] Synced coin: Uniswap (uni)
[2025-11-23 19:20:01] Synced coin: sUSDS (susds)
[2025-11-23 19:20:01] Synced coin: Polkadot (dot)
[2025-11-23 19:20:01] Synced coin: Toncoin (ton)
[2025-11-23 19:20:01] Synced coin: PayPal USD (pyusd)
[2025-11-23 19:20:01] Synced coin: MemeCore (m)
[2025-11-23 19:20:01] Synced coin: Mantle (mnt)
[2025-11-23 19:20:01] Synced coin: Bittensor (tao)
[2025-11-23 19:20:01] Synced coin: Canton (cc)
[2025-11-23 19:20:01] Synced coin: USD1 (usd1)
[2025-11-23 19:20:01] Synced coin: Currency One USD (c1usd)
[2025-11-23 19:20:01] Synced coin: Aave (aave)
[2025-11-23 19:20:01] Synced coin: Bitget Token (bgb)
[2025-11-23 19:20:01] Synced coin: NEAR Protocol (near)
[2025-11-23 19:20:01] Synced coin: BlackRock USD Institutional Digital Liquidity Fund (buidl)
[2025-11-23 19:20:01] Synced coin: Aster (aster)
[2025-11-23 19:20:01] Synced coin: Internet Computer (icp)
[2025-11-23 19:20:01] Synced coin: OKB (okb)
[2025-11-23 19:20:01] Synced coin: Falcon USD (usdf)
[2025-11-23 19:20:01] Synced coin: Tether Gold (xaut)
[2025-11-23 19:20:01] Synced coin: Ethereum Classic (etc)
[2025-11-23 19:20:01] Synced coin: Pi Network (pi)
[2025-11-23 19:20:01] Synced coin: Jito Staked SOL (jitosol)
[2025-11-23 19:20:01] Synced coin: Jupiter Perpetuals Liquidity Provider Token (jlp)
[2025-11-23 19:20:01] Synced coin: Pepe (pepe)
[2025-11-23 19:20:01] Synced coin: Ethena (ena)
[2025-11-23 19:20:01] Synced coin: Aptos (apt)
[2025-11-23 19:20:01] Synced coin: Binance-Peg WETH (weth)
[2025-11-23 19:20:01] Synced coin: Wrapped SOL (sol)
[2025-11-23 19:20:01] Synced coin: HTX DAO (htx)
[2025-11-23 19:20:01] Synced coin: Pump.fun (pump)
[2025-11-23 19:20:01] Synced coin: KuCoin (kcs)
[2025-11-23 19:20:01] Synced coin: Ondo (ondo)
[2025-11-23 19:20:01] Synced coin: POL (ex-MATIC) (pol)
[2025-11-23 19:20:01] Synced coin: Worldcoin (wld)
[2025-11-23 19:20:01] Synced coin: PAX Gold (paxg)
[2025-11-23 19:20:01] Synced coin: USDtb (usdtb)
[2025-11-23 19:20:01] Synced coin: BFUSD (bfusd)
[2025-11-23 19:20:01] Synced coin: syrupUSDC (syrupusdc)
[2025-11-23 19:20:01] Synced coin: Binance Bridged USDC (BNB Smart Chain) (usdc)
[2025-11-23 19:20:01] Synced coin: Official Trump (trump)
[2025-11-23 19:20:01] Synced coin: Provenance Blockchain (hash)
[2025-11-23 19:20:01] Synced coin: Cosmos Hub (atom)
[2025-11-23 19:20:01] Synced coin: Algorand (algo)
[2025-11-23 19:20:01] Synced coin: Rocket Pool ETH (reth)
[2025-11-23 19:20:01] Synced coin: Filecoin (fil)
[2025-11-23 19:20:01] Synced coin: Circle USYC (usyc)
[2025-11-23 19:20:01] Synced coin: Gate (gt)
[2025-11-23 19:20:01] Synced coin: Wrapped BNB (wbnb)
[2025-11-23 19:20:01] Synced coin: Ripple USD (rlusd)
[2025-11-23 19:20:01] Synced coin: Global Dollar (usdg)
[2025-11-23 19:20:01] Synced coin: Binance Staked SOL (bnsol)
[2025-11-23 19:20:01] Synced coin: Arbitrum (arb)
[2025-11-23 19:20:01] Synced coin: VeChain (vet)
[2025-11-23 19:20:01] Synced coin: Quant (qnt)
[2025-11-23 19:20:01] Synced coin: Kaspa (kas)
[2025-11-23 19:20:01] Synced coin: Flare (flr)
[2025-11-23 19:20:01] Synced coin: Function FBTC (fbtc)
[2025-11-23 19:20:01] Synced coin: Kelp DAO Restaked ETH (rseth)
[2025-11-23 19:20:01] Synced coin: Lombard Staked BTC (lbtc)
[2025-11-23 19:20:01] Synced coin: Kinetiq Staked HYPE (khype)
[2025-11-23 19:20:01] Sync completed successfully.
[2025-11-23 19:25:04] Synced coin: Bitcoin (btc)
[2025-11-23 19:25:04] Synced coin: Ethereum (eth)
[2025-11-23 19:25:04] Synced coin: Tether (usdt)
[2025-11-23 19:25:04] Synced coin: XRP (xrp)
[2025-11-23 19:25:04] Synced coin: BNB (bnb)
[2025-11-23 19:25:04] Synced coin: USDC (usdc)
[2025-11-23 19:25:04] Synced coin: Solana (sol)
[2025-11-23 19:25:04] Synced coin: TRON (trx)
[2025-11-23 19:25:04] Synced coin: Lido Staked Ether (steth)
[2025-11-23 19:25:04] Synced coin: Dogecoin (doge)
[2025-11-23 19:25:04] Synced coin: Cardano (ada)
[2025-11-23 19:25:04] Synced coin: Figure Heloc (figr_heloc)
[2025-11-23 19:25:04] Synced coin: WhiteBIT Coin (wbt)
[2025-11-23 19:25:04] Synced coin: Wrapped stETH (wsteth)
[2025-11-23 19:25:04] Synced coin: Bitcoin Cash (bch)
[2025-11-23 19:25:04] Synced coin: Wrapped Bitcoin (wbtc)
[2025-11-23 19:25:04] Synced coin: Wrapped Beacon ETH (wbeth)
[2025-11-23 19:25:04] Synced coin: Zcash (zec)
[2025-11-23 19:25:04] Synced coin: USDS (usds)
[2025-11-23 19:25:04] Synced coin: Binance Bridged USDT (BNB Smart Chain) (bsc-usd)
[2025-11-23 19:25:04] Synced coin: LEO Token (leo)
[2025-11-23 19:25:04] Synced coin: Chainlink (link)
[2025-11-23 19:25:04] Synced coin: Hyperliquid (hype)
[2025-11-23 19:25:04] Synced coin: Stellar (xlm)
[2025-11-23 19:25:04] Synced coin: WETH (weth)
[2025-11-23 19:25:04] Synced coin: Ethena USDe (usde)
[2025-11-23 19:25:04] Synced coin: Wrapped eETH (weeth)
[2025-11-23 19:25:04] Synced coin: Monero (xmr)
[2025-11-23 19:25:04] Synced coin: Coinbase Wrapped BTC (cbbtc)
[2025-11-23 19:25:04] Synced coin: Litecoin (ltc)
[2025-11-23 19:25:04] Synced coin: Hedera (hbar)
[2025-11-23 19:25:04] Synced coin: Avalanche (avax)
[2025-11-23 19:25:04] Synced coin: Sui (sui)
[2025-11-23 19:25:04] Synced coin: Shiba Inu (shib)
[2025-11-23 19:25:04] Synced coin: Dai (dai)
[2025-11-23 19:25:04] Synced coin: Ethena Staked USDe (susde)
[2025-11-23 19:25:04] Synced coin: World Liberty Financial (wlfi)
[2025-11-23 19:25:04] Synced coin: Cronos (cro)
[2025-11-23 19:25:04] Synced coin: USDT0 (usdt0)
[2025-11-23 19:25:04] Synced coin: Uniswap (uni)
[2025-11-23 19:25:04] Synced coin: Polkadot (dot)
[2025-11-23 19:25:04] Synced coin: sUSDS (susds)
[2025-11-23 19:25:04] Synced coin: Toncoin (ton)
[2025-11-23 19:25:04] Synced coin: PayPal USD (pyusd)
[2025-11-23 19:25:04] Synced coin: MemeCore (m)
[2025-11-23 19:25:04] Synced coin: Mantle (mnt)
[2025-11-23 19:25:04] Synced coin: Bittensor (tao)
[2025-11-23 19:25:04] Synced coin: Canton (cc)
[2025-11-23 19:25:04] Synced coin: USD1 (usd1)
[2025-11-23 19:25:04] Synced coin: Currency One USD (c1usd)
[2025-11-23 19:25:04] Synced coin: Aave (aave)
[2025-11-23 19:25:04] Synced coin: Bitget Token (bgb)
[2025-11-23 19:25:04] Synced coin: NEAR Protocol (near)
[2025-11-23 19:25:04] Synced coin: BlackRock USD Institutional Digital Liquidity Fund (buidl)
[2025-11-23 19:25:04] Synced coin: Aster (aster)
[2025-11-23 19:25:04] Synced coin: Internet Computer (icp)
[2025-11-23 19:25:04] Synced coin: OKB (okb)
[2025-11-23 19:25:04] Synced coin: Falcon USD (usdf)
[2025-11-23 19:25:04] Synced coin: Ethereum Classic (etc)
[2025-11-23 19:25:04] Synced coin: Tether Gold (xaut)
[2025-11-23 19:25:04] Synced coin: Pi Network (pi)
[2025-11-23 19:25:04] Synced coin: Jito Staked SOL (jitosol)
[2025-11-23 19:25:04] Synced coin: Jupiter Perpetuals Liquidity Provider Token (jlp)
[2025-11-23 19:25:04] Synced coin: Ethena (ena)
[2025-11-23 19:25:04] Synced coin: Pepe (pepe)
[2025-11-23 19:25:04] Synced coin: Aptos (apt)
[2025-11-23 19:25:04] Synced coin: Binance-Peg WETH (weth)
[2025-11-23 19:25:04] Synced coin: Wrapped SOL (sol)
[2025-11-23 19:25:04] Synced coin: HTX DAO (htx)
[2025-11-23 19:25:04] Synced coin: Pump.fun (pump)
[2025-11-23 19:25:04] Synced coin: KuCoin (kcs)
[2025-11-23 19:25:04] Synced coin: Ondo (ondo)
[2025-11-23 19:25:04] Synced coin: POL (ex-MATIC) (pol)
[2025-11-23 19:25:04] Synced coin: Worldcoin (wld)
[2025-11-23 19:25:04] Synced coin: PAX Gold (paxg)
[2025-11-23 19:25:04] Synced coin: USDtb (usdtb)
[2025-11-23 19:25:04] Synced coin: BFUSD (bfusd)
[2025-11-23 19:25:04] Synced coin: syrupUSDC (syrupusdc)
[2025-11-23 19:25:04] Synced coin: Binance Bridged USDC (BNB Smart Chain) (usdc)
[2025-11-23 19:25:04] Synced coin: Official Trump (trump)
[2025-11-23 19:25:04] Synced coin: Provenance Blockchain (hash)
[2025-11-23 19:25:04] Synced coin: Cosmos Hub (atom)
[2025-11-23 19:25:04] Synced coin: Algorand (algo)
[2025-11-23 19:25:04] Synced coin: Rocket Pool ETH (reth)
[2025-11-23 19:25:04] Synced coin: Filecoin (fil)
[2025-11-23 19:25:04] Synced coin: Circle USYC (usyc)
[2025-11-23 19:25:04] Synced coin: Gate (gt)
[2025-11-23 19:25:04] Synced coin: Wrapped BNB (wbnb)
[2025-11-23 19:25:04] Synced coin: Ripple USD (rlusd)
[2025-11-23 19:25:04] Synced coin: Global Dollar (usdg)
[2025-11-23 19:25:04] Synced coin: Arbitrum (arb)
[2025-11-23 19:25:04] Synced coin: Binance Staked SOL (bnsol)
[2025-11-23 19:25:04] Synced coin: VeChain (vet)
[2025-11-23 19:25:04] Synced coin: Quant (qnt)
[2025-11-23 19:25:04] Synced coin: Kaspa (kas)
[2025-11-23 19:25:04] Synced coin: Flare (flr)
[2025-11-23 19:25:04] Synced coin: Function FBTC (fbtc)
[2025-11-23 19:25:04] Synced coin: Kelp DAO Restaked ETH (rseth)
[2025-11-23 19:25:04] Synced coin: Lombard Staked BTC (lbtc)
[2025-11-23 19:25:04] Synced coin: Kinetiq Staked HYPE (khype)
[2025-11-23 19:25:04] Sync completed successfully.
[2025-11-23 19:30:01] Synced coin: Bitcoin (btc)
[2025-11-23 19:30:01] Synced coin: Ethereum (eth)
[2025-11-23 19:30:01] Synced coin: Tether (usdt)
[2025-11-23 19:30:01] Synced coin: XRP (xrp)
[2025-11-23 19:30:01] Synced coin: BNB (bnb)
[2025-11-23 19:30:01] Synced coin: USDC (usdc)
[2025-11-23 19:30:01] Synced coin: Solana (sol)
[2025-11-23 19:30:01] Synced coin: TRON (trx)
[2025-11-23 19:30:01] Synced coin: Lido Staked Ether (steth)
[2025-11-23 19:30:01] Synced coin: Dogecoin (doge)
[2025-11-23 19:30:01] Synced coin: Cardano (ada)
[2025-11-23 19:30:01] Synced coin: Figure Heloc (figr_heloc)
[2025-11-23 19:30:01] Synced coin: WhiteBIT Coin (wbt)
[2025-11-23 19:30:01] Synced coin: Wrapped stETH (wsteth)
[2025-11-23 19:30:01] Synced coin: Bitcoin Cash (bch)
[2025-11-23 19:30:01] Synced coin: Wrapped Bitcoin (wbtc)
[2025-11-23 19:30:01] Synced coin: Wrapped Beacon ETH (wbeth)
[2025-11-23 19:30:01] Synced coin: Zcash (zec)
[2025-11-23 19:30:01] Synced coin: USDS (usds)
[2025-11-23 19:30:01] Synced coin: Binance Bridged USDT (BNB Smart Chain) (bsc-usd)
[2025-11-23 19:30:01] Synced coin: LEO Token (leo)
[2025-11-23 19:30:01] Synced coin: Chainlink (link)
[2025-11-23 19:30:01] Synced coin: Hyperliquid (hype)
[2025-11-23 19:30:01] Synced coin: Stellar (xlm)
[2025-11-23 19:30:01] Synced coin: WETH (weth)
[2025-11-23 19:30:01] Synced coin: Ethena USDe (usde)
[2025-11-23 19:30:01] Synced coin: Wrapped eETH (weeth)
[2025-11-23 19:30:01] Synced coin: Monero (xmr)
[2025-11-23 19:30:01] Synced coin: Coinbase Wrapped BTC (cbbtc)
[2025-11-23 19:30:01] Synced coin: Litecoin (ltc)
[2025-11-23 19:30:01] Synced coin: Hedera (hbar)
[2025-11-23 19:30:01] Synced coin: Avalanche (avax)
[2025-11-23 19:30:01] Synced coin: Sui (sui)
[2025-11-23 19:30:01] Synced coin: Shiba Inu (shib)
[2025-11-23 19:30:01] Synced coin: Dai (dai)
[2025-11-23 19:30:01] Synced coin: Ethena Staked USDe (susde)
[2025-11-23 19:30:01] Synced coin: World Liberty Financial (wlfi)
[2025-11-23 19:30:01] Synced coin: Cronos (cro)
[2025-11-23 19:30:01] Synced coin: USDT0 (usdt0)
[2025-11-23 19:30:01] Synced coin: Uniswap (uni)
[2025-11-23 19:30:01] Synced coin: Polkadot (dot)
[2025-11-23 19:30:01] Synced coin: sUSDS (susds)
[2025-11-23 19:30:01] Synced coin: Toncoin (ton)
[2025-11-23 19:30:01] Synced coin: PayPal USD (pyusd)
[2025-11-23 19:30:01] Synced coin: MemeCore (m)
[2025-11-23 19:30:01] Synced coin: Mantle (mnt)
[2025-11-23 19:30:01] Synced coin: Bittensor (tao)
[2025-11-23 19:30:01] Synced coin: Canton (cc)
[2025-11-23 19:30:01] Synced coin: USD1 (usd1)
[2025-11-23 19:30:01] Synced coin: Currency One USD (c1usd)
[2025-11-23 19:30:01] Synced coin: Aave (aave)
[2025-11-23 19:30:01] Synced coin: Bitget Token (bgb)
[2025-11-23 19:30:01] Synced coin: NEAR Protocol (near)
[2025-11-23 19:30:01] Synced coin: BlackRock USD Institutional Digital Liquidity Fund (buidl)
[2025-11-23 19:30:01] Synced coin: Aster (aster)
[2025-11-23 19:30:01] Synced coin: Internet Computer (icp)
[2025-11-23 19:30:01] Synced coin: OKB (okb)
[2025-11-23 19:30:01] Synced coin: Falcon USD (usdf)
[2025-11-23 19:30:01] Synced coin: Ethereum Classic (etc)
[2025-11-23 19:30:01] Synced coin: Tether Gold (xaut)
[2025-11-23 19:30:01] Synced coin: Pi Network (pi)
[2025-11-23 19:30:01] Synced coin: Jito Staked SOL (jitosol)
[2025-11-23 19:30:01] Synced coin: Jupiter Perpetuals Liquidity Provider Token (jlp)
[2025-11-23 19:30:01] Synced coin: Ethena (ena)
[2025-11-23 19:30:01] Synced coin: Pepe (pepe)
[2025-11-23 19:30:01] Synced coin: Aptos (apt)
[2025-11-23 19:30:01] Synced coin: Binance-Peg WETH (weth)
[2025-11-23 19:30:01] Synced coin: Wrapped SOL (sol)
[2025-11-23 19:30:01] Synced coin: HTX DAO (htx)
[2025-11-23 19:30:01] Synced coin: Pump.fun (pump)
[2025-11-23 19:30:01] Synced coin: KuCoin (kcs)
[2025-11-23 19:30:01] Synced coin: Ondo (ondo)
[2025-11-23 19:30:01] Synced coin: POL (ex-MATIC) (pol)
[2025-11-23 19:30:01] Synced coin: Worldcoin (wld)
[2025-11-23 19:30:01] Synced coin: PAX Gold (paxg)
[2025-11-23 19:30:01] Synced coin: USDtb (usdtb)
[2025-11-23 19:30:01] Synced coin: BFUSD (bfusd)
[2025-11-23 19:30:01] Synced coin: syrupUSDC (syrupusdc)
[2025-11-23 19:30:01] Synced coin: Binance Bridged USDC (BNB Smart Chain) (usdc)
[2025-11-23 19:30:01] Synced coin: Official Trump (trump)
[2025-11-23 19:30:01] Synced coin: Provenance Blockchain (hash)
[2025-11-23 19:30:01] Synced coin: Cosmos Hub (atom)
[2025-11-23 19:30:01] Synced coin: Algorand (algo)
[2025-11-23 19:30:01] Synced coin: Rocket Pool ETH (reth)
[2025-11-23 19:30:01] Synced coin: Filecoin (fil)
[2025-11-23 19:30:01] Synced coin: Circle USYC (usyc)
[2025-11-23 19:30:01] Synced coin: Gate (gt)
[2025-11-23 19:30:01] Synced coin: Wrapped BNB (wbnb)
[2025-11-23 19:30:01] Synced coin: Ripple USD (rlusd)
[2025-11-23 19:30:01] Synced coin: Global Dollar (usdg)
[2025-11-23 19:30:01] Synced coin: Arbitrum (arb)
[2025-11-23 19:30:01] Synced coin: Binance Staked SOL (bnsol)
[2025-11-23 19:30:01] Synced coin: VeChain (vet)
[2025-11-23 19:30:01] Synced coin: Quant (qnt)
[2025-11-23 19:30:01] Synced coin: Kaspa (kas)
[2025-11-23 19:30:01] Synced coin: Flare (flr)
[2025-11-23 19:30:01] Synced coin: Function FBTC (fbtc)
[2025-11-23 19:30:01] Synced coin: Kelp DAO Restaked ETH (rseth)
[2025-11-23 19:30:01] Synced coin: Lombard Staked BTC (lbtc)
[2025-11-23 19:30:01] Synced coin: Kinetiq Staked HYPE (khype)
[2025-11-23 19:30:01] Sync completed successfully.
[2025-11-23 19:35:05] Synced coin: Bitcoin (btc)
[2025-11-23 19:35:05] Synced coin: Ethereum (eth)
[2025-11-23 19:35:05] Synced coin: Tether (usdt)
[2025-11-23 19:35:05] Synced coin: XRP (xrp)
[2025-11-23 19:35:05] Synced coin: BNB (bnb)
[2025-11-23 19:35:05] Synced coin: USDC (usdc)
[2025-11-23 19:35:05] Synced coin: Solana (sol)
[2025-11-23 19:35:05] Synced coin: TRON (trx)
[2025-11-23 19:35:05] Synced coin: Lido Staked Ether (steth)
[2025-11-23 19:35:05] Synced coin: Dogecoin (doge)
[2025-11-23 19:35:05] Synced coin: Cardano (ada)
[2025-11-23 19:35:05] Synced coin: Figure Heloc (figr_heloc)
[2025-11-23 19:35:05] Synced coin: WhiteBIT Coin (wbt)
[2025-11-23 19:35:05] Synced coin: Wrapped stETH (wsteth)
[2025-11-23 19:35:05] Synced coin: Bitcoin Cash (bch)
[2025-11-23 19:35:05] Synced coin: Wrapped Bitcoin (wbtc)
[2025-11-23 19:35:05] Synced coin: Wrapped Beacon ETH (wbeth)
[2025-11-23 19:35:05] Synced coin: Zcash (zec)
[2025-11-23 19:35:05] Synced coin: USDS (usds)
[2025-11-23 19:35:05] Synced coin: Binance Bridged USDT (BNB Smart Chain) (bsc-usd)
[2025-11-23 19:35:05] Synced coin: Chainlink (link)
[2025-11-23 19:35:05] Synced coin: LEO Token (leo)
[2025-11-23 19:35:05] Synced coin: Hyperliquid (hype)
[2025-11-23 19:35:05] Synced coin: Stellar (xlm)
[2025-11-23 19:35:05] Synced coin: WETH (weth)
[2025-11-23 19:35:05] Synced coin: Ethena USDe (usde)
[2025-11-23 19:35:05] Synced coin: Wrapped eETH (weeth)
[2025-11-23 19:35:05] Synced coin: Monero (xmr)
[2025-11-23 19:35:05] Synced coin: Coinbase Wrapped BTC (cbbtc)
[2025-11-23 19:35:05] Synced coin: Litecoin (ltc)
[2025-11-23 19:35:05] Synced coin: Hedera (hbar)
[2025-11-23 19:35:05] Synced coin: Avalanche (avax)
[2025-11-23 19:35:05] Synced coin: Sui (sui)
[2025-11-23 19:35:05] Synced coin: Shiba Inu (shib)
[2025-11-23 19:35:05] Synced coin: Dai (dai)
[2025-11-23 19:35:05] Synced coin: Ethena Staked USDe (susde)
[2025-11-23 19:35:05] Synced coin: World Liberty Financial (wlfi)
[2025-11-23 19:35:05] Synced coin: Cronos (cro)
[2025-11-23 19:35:05] Synced coin: USDT0 (usdt0)
[2025-11-23 19:35:05] Synced coin: Uniswap (uni)
[2025-11-23 19:35:05] Synced coin: Polkadot (dot)
[2025-11-23 19:35:05] Synced coin: sUSDS (susds)
[2025-11-23 19:35:05] Synced coin: Toncoin (ton)
[2025-11-23 19:35:05] Synced coin: PayPal USD (pyusd)
[2025-11-23 19:35:05] Synced coin: MemeCore (m)
[2025-11-23 19:35:05] Synced coin: Mantle (mnt)
[2025-11-23 19:35:05] Synced coin: Bittensor (tao)
[2025-11-23 19:35:05] Synced coin: Canton (cc)
[2025-11-23 19:35:05] Synced coin: USD1 (usd1)
[2025-11-23 19:35:05] Synced coin: Currency One USD (c1usd)
[2025-11-23 19:35:05] Synced coin: Aave (aave)
[2025-11-23 19:35:05] Synced coin: Bitget Token (bgb)
[2025-11-23 19:35:05] Synced coin: NEAR Protocol (near)
[2025-11-23 19:35:05] Synced coin: BlackRock USD Institutional Digital Liquidity Fund (buidl)
[2025-11-23 19:35:05] Synced coin: Aster (aster)
[2025-11-23 19:35:05] Synced coin: Internet Computer (icp)
[2025-11-23 19:35:05] Synced coin: OKB (okb)
[2025-11-23 19:35:05] Synced coin: Falcon USD (usdf)
[2025-11-23 19:35:05] Synced coin: Ethereum Classic (etc)
[2025-11-23 19:35:05] Synced coin: Tether Gold (xaut)
[2025-11-23 19:35:05] Synced coin: Pi Network (pi)
[2025-11-23 19:35:05] Synced coin: Jito Staked SOL (jitosol)
[2025-11-23 19:35:05] Synced coin: Jupiter Perpetuals Liquidity Provider Token (jlp)
[2025-11-23 19:35:05] Synced coin: Ethena (ena)
[2025-11-23 19:35:05] Synced coin: Pepe (pepe)
[2025-11-23 19:35:05] Synced coin: Aptos (apt)
[2025-11-23 19:35:05] Synced coin: Binance-Peg WETH (weth)
[2025-11-23 19:35:05] Synced coin: Wrapped SOL (sol)
[2025-11-23 19:35:05] Synced coin: HTX DAO (htx)
[2025-11-23 19:35:05] Synced coin: Pump.fun (pump)
[2025-11-23 19:35:05] Synced coin: KuCoin (kcs)
[2025-11-23 19:35:05] Synced coin: Ondo (ondo)
[2025-11-23 19:35:05] Synced coin: POL (ex-MATIC) (pol)
[2025-11-23 19:35:05] Synced coin: Worldcoin (wld)
[2025-11-23 19:35:05] Synced coin: PAX Gold (paxg)
[2025-11-23 19:35:05] Synced coin: USDtb (usdtb)
[2025-11-23 19:35:05] Synced coin: BFUSD (bfusd)
[2025-11-23 19:35:05] Synced coin: syrupUSDC (syrupusdc)
[2025-11-23 19:35:05] Synced coin: Binance Bridged USDC (BNB Smart Chain) (usdc)
[2025-11-23 19:35:05] Synced coin: Official Trump (trump)
[2025-11-23 19:35:05] Synced coin: Provenance Blockchain (hash)
[2025-11-23 19:35:05] Synced coin: Algorand (algo)
[2025-11-23 19:35:05] Synced coin: Cosmos Hub (atom)
[2025-11-23 19:35:05] Synced coin: Rocket Pool ETH (reth)
[2025-11-23 19:35:05] Synced coin: Filecoin (fil)
[2025-11-23 19:35:05] Synced coin: Circle USYC (usyc)
[2025-11-23 19:35:05] Synced coin: Gate (gt)
[2025-11-23 19:35:05] Synced coin: Wrapped BNB (wbnb)
[2025-11-23 19:35:05] Synced coin: Ripple USD (rlusd)
[2025-11-23 19:35:05] Synced coin: Global Dollar (usdg)
[2025-11-23 19:35:05] Synced coin: Arbitrum (arb)
[2025-11-23 19:35:05] Synced coin: Binance Staked SOL (bnsol)
[2025-11-23 19:35:05] Synced coin: Quant (qnt)
[2025-11-23 19:35:05] Synced coin: VeChain (vet)
[2025-11-23 19:35:05] Synced coin: Kaspa (kas)
[2025-11-23 19:35:05] Synced coin: Flare (flr)
[2025-11-23 19:35:05] Synced coin: Function FBTC (fbtc)
[2025-11-23 19:35:05] Synced coin: Kelp DAO Restaked ETH (rseth)
[2025-11-23 19:35:05] Synced coin: Kinetiq Staked HYPE (khype)
[2025-11-23 19:35:05] Synced coin: Lombard Staked BTC (lbtc)
[2025-11-23 19:35:05] Sync completed successfully.
[2025-11-23 19:40:02] Synced coin: Bitcoin (btc)
[2025-11-23 19:40:02] Synced coin: Ethereum (eth)
[2025-11-23 19:40:02] Synced coin: Tether (usdt)
[2025-11-23 19:40:02] Synced coin: XRP (xrp)
[2025-11-23 19:40:02] Synced coin: BNB (bnb)
[2025-11-23 19:40:02] Synced coin: USDC (usdc)
[2025-11-23 19:40:02] Synced coin: Solana (sol)
[2025-11-23 19:40:02] Synced coin: TRON (trx)
[2025-11-23 19:40:02] Synced coin: Lido Staked Ether (steth)
[2025-11-23 19:40:02] Synced coin: Dogecoin (doge)
[2025-11-23 19:40:02] Synced coin: Cardano (ada)
[2025-11-23 19:40:02] Synced coin: Figure Heloc (figr_heloc)
[2025-11-23 19:40:02] Synced coin: WhiteBIT Coin (wbt)
[2025-11-23 19:40:02] Synced coin: Wrapped stETH (wsteth)
[2025-11-23 19:40:02] Synced coin: Bitcoin Cash (bch)
[2025-11-23 19:40:02] Synced coin: Wrapped Bitcoin (wbtc)
[2025-11-23 19:40:02] Synced coin: Wrapped Beacon ETH (wbeth)
[2025-11-23 19:40:02] Synced coin: Zcash (zec)
[2025-11-23 19:40:02] Synced coin: USDS (usds)
[2025-11-23 19:40:02] Synced coin: Binance Bridged USDT (BNB Smart Chain) (bsc-usd)
[2025-11-23 19:40:02] Synced coin: Chainlink (link)
[2025-11-23 19:40:02] Synced coin: LEO Token (leo)
[2025-11-23 19:40:02] Synced coin: Hyperliquid (hype)
[2025-11-23 19:40:02] Synced coin: Stellar (xlm)
[2025-11-23 19:40:02] Synced coin: WETH (weth)
[2025-11-23 19:40:02] Synced coin: Ethena USDe (usde)
[2025-11-23 19:40:02] Synced coin: Monero (xmr)
[2025-11-23 19:40:02] Synced coin: Wrapped eETH (weeth)
[2025-11-23 19:40:02] Synced coin: Coinbase Wrapped BTC (cbbtc)
[2025-11-23 19:40:02] Synced coin: Litecoin (ltc)
[2025-11-23 19:40:02] Synced coin: Hedera (hbar)
[2025-11-23 19:40:02] Synced coin: Avalanche (avax)
[2025-11-23 19:40:02] Synced coin: Sui (sui)
[2025-11-23 19:40:02] Synced coin: Shiba Inu (shib)
[2025-11-23 19:40:02] Synced coin: Dai (dai)
[2025-11-23 19:40:02] Synced coin: Ethena Staked USDe (susde)
[2025-11-23 19:40:02] Synced coin: World Liberty Financial (wlfi)
[2025-11-23 19:40:02] Synced coin: Cronos (cro)
[2025-11-23 19:40:02] Synced coin: USDT0 (usdt0)
[2025-11-23 19:40:02] Synced coin: Uniswap (uni)
[2025-11-23 19:40:02] Synced coin: Polkadot (dot)
[2025-11-23 19:40:02] Synced coin: sUSDS (susds)
[2025-11-23 19:40:02] Synced coin: Toncoin (ton)
[2025-11-23 19:40:02] Synced coin: PayPal USD (pyusd)
[2025-11-23 19:40:02] Synced coin: MemeCore (m)
[2025-11-23 19:40:02] Synced coin: Mantle (mnt)
[2025-11-23 19:40:02] Synced coin: Bittensor (tao)
[2025-11-23 19:40:02] Synced coin: Canton (cc)
[2025-11-23 19:40:02] Synced coin: USD1 (usd1)
[2025-11-23 19:40:02] Synced coin: Currency One USD (c1usd)
[2025-11-23 19:40:02] Synced coin: Aave (aave)
[2025-11-23 19:40:02] Synced coin: Bitget Token (bgb)
[2025-11-23 19:40:02] Synced coin: NEAR Protocol (near)
[2025-11-23 19:40:02] Synced coin: BlackRock USD Institutional Digital Liquidity Fund (buidl)
[2025-11-23 19:40:02] Synced coin: Aster (aster)
[2025-11-23 19:40:02] Synced coin: Internet Computer (icp)
[2025-11-23 19:40:02] Synced coin: OKB (okb)
[2025-11-23 19:40:02] Synced coin: Falcon USD (usdf)
[2025-11-23 19:40:02] Synced coin: Ethereum Classic (etc)
[2025-11-23 19:40:02] Synced coin: Tether Gold (xaut)
[2025-11-23 19:40:02] Synced coin: Pi Network (pi)
[2025-11-23 19:40:02] Synced coin: Jito Staked SOL (jitosol)
[2025-11-23 19:40:02] Synced coin: Jupiter Perpetuals Liquidity Provider Token (jlp)
[2025-11-23 19:40:02] Synced coin: Ethena (ena)
[2025-11-23 19:40:02] Synced coin: Pepe (pepe)
[2025-11-23 19:40:02] Synced coin: Aptos (apt)
[2025-11-23 19:40:02] Synced coin: Binance-Peg WETH (weth)
[2025-11-23 19:40:02] Synced coin: Wrapped SOL (sol)
[2025-11-23 19:40:02] Synced coin: HTX DAO (htx)
[2025-11-23 19:40:02] Synced coin: Pump.fun (pump)
[2025-11-23 19:40:02] Synced coin: Ondo (ondo)
[2025-11-23 19:40:02] Synced coin: KuCoin (kcs)
[2025-11-23 19:40:02] Synced coin: POL (ex-MATIC) (pol)
[2025-11-23 19:40:02] Synced coin: Worldcoin (wld)
[2025-11-23 19:40:02] Synced coin: PAX Gold (paxg)
[2025-11-23 19:40:02] Synced coin: USDtb (usdtb)
[2025-11-23 19:40:02] Synced coin: BFUSD (bfusd)
[2025-11-23 19:40:02] Synced coin: syrupUSDC (syrupusdc)
[2025-11-23 19:40:02] Synced coin: Provenance Blockchain (hash)
[2025-11-23 19:40:02] Synced coin: Binance Bridged USDC (BNB Smart Chain) (usdc)
[2025-11-23 19:40:02] Synced coin: Official Trump (trump)
[2025-11-23 19:40:02] Synced coin: Algorand (algo)
[2025-11-23 19:40:02] Synced coin: Cosmos Hub (atom)
[2025-11-23 19:40:02] Synced coin: Rocket Pool ETH (reth)
[2025-11-23 19:40:02] Synced coin: Filecoin (fil)
[2025-11-23 19:40:02] Synced coin: Circle USYC (usyc)
[2025-11-23 19:40:02] Synced coin: Gate (gt)
[2025-11-23 19:40:02] Synced coin: Wrapped BNB (wbnb)
[2025-11-23 19:40:02] Synced coin: Ripple USD (rlusd)
[2025-11-23 19:40:02] Synced coin: Global Dollar (usdg)
[2025-11-23 19:40:02] Synced coin: Arbitrum (arb)
[2025-11-23 19:40:02] Synced coin: Binance Staked SOL (bnsol)
[2025-11-23 19:40:02] Synced coin: VeChain (vet)
[2025-11-23 19:40:02] Synced coin: Quant (qnt)
[2025-11-23 19:40:02] Synced coin: Kaspa (kas)
[2025-11-23 19:40:02] Synced coin: Flare (flr)
[2025-11-23 19:40:02] Synced coin: Function FBTC (fbtc)
[2025-11-23 19:40:02] Synced coin: Kelp DAO Restaked ETH (rseth)
[2025-11-23 19:40:02] Synced coin: Kinetiq Staked HYPE (khype)
[2025-11-23 19:40:02] Synced coin: Lombard Staked BTC (lbtc)
[2025-11-23 19:40:02] Sync completed successfully.
[2025-11-23 19:45:02] Synced coin: Bitcoin (btc)
[2025-11-23 19:45:02] Synced coin: Ethereum (eth)
[2025-11-23 19:45:02] Synced coin: Tether (usdt)
[2025-11-23 19:45:02] Synced coin: XRP (xrp)
[2025-11-23 19:45:02] Synced coin: BNB (bnb)
[2025-11-23 19:45:02] Synced coin: USDC (usdc)
[2025-11-23 19:45:02] Synced coin: Solana (sol)
[2025-11-23 19:45:02] Synced coin: TRON (trx)
[2025-11-23 19:45:02] Synced coin: Lido Staked Ether (steth)
[2025-11-23 19:45:02] Synced coin: Dogecoin (doge)
[2025-11-23 19:45:02] Synced coin: Cardano (ada)
[2025-11-23 19:45:02] Synced coin: Figure Heloc (figr_heloc)
[2025-11-23 19:45:02] Synced coin: WhiteBIT Coin (wbt)
[2025-11-23 19:45:02] Synced coin: Wrapped stETH (wsteth)
[2025-11-23 19:45:02] Synced coin: Bitcoin Cash (bch)
[2025-11-23 19:45:02] Synced coin: Wrapped Bitcoin (wbtc)
[2025-11-23 19:45:02] Synced coin: Wrapped Beacon ETH (wbeth)
[2025-11-23 19:45:02] Synced coin: Zcash (zec)
[2025-11-23 19:45:02] Synced coin: USDS (usds)
[2025-11-23 19:45:02] Synced coin: Binance Bridged USDT (BNB Smart Chain) (bsc-usd)
[2025-11-23 19:45:02] Synced coin: Chainlink (link)
[2025-11-23 19:45:02] Synced coin: LEO Token (leo)
[2025-11-23 19:45:02] Synced coin: Hyperliquid (hype)
[2025-11-23 19:45:02] Synced coin: Stellar (xlm)
[2025-11-23 19:45:02] Synced coin: WETH (weth)
[2025-11-23 19:45:02] Synced coin: Ethena USDe (usde)
[2025-11-23 19:45:02] Synced coin: Monero (xmr)
[2025-11-23 19:45:02] Synced coin: Wrapped eETH (weeth)
[2025-11-23 19:45:02] Synced coin: Coinbase Wrapped BTC (cbbtc)
[2025-11-23 19:45:02] Synced coin: Litecoin (ltc)
[2025-11-23 19:45:02] Synced coin: Hedera (hbar)
[2025-11-23 19:45:02] Synced coin: Avalanche (avax)
[2025-11-23 19:45:02] Synced coin: Sui (sui)
[2025-11-23 19:45:02] Synced coin: Shiba Inu (shib)
[2025-11-23 19:45:02] Synced coin: Dai (dai)
[2025-11-23 19:45:02] Synced coin: Ethena Staked USDe (susde)
[2025-11-23 19:45:02] Synced coin: World Liberty Financial (wlfi)
[2025-11-23 19:45:02] Synced coin: Cronos (cro)
[2025-11-23 19:45:02] Synced coin: USDT0 (usdt0)
[2025-11-23 19:45:02] Synced coin: Uniswap (uni)
[2025-11-23 19:45:02] Synced coin: Polkadot (dot)
[2025-11-23 19:45:02] Synced coin: sUSDS (susds)
[2025-11-23 19:45:02] Synced coin: Toncoin (ton)
[2025-11-23 19:45:02] Synced coin: PayPal USD (pyusd)
[2025-11-23 19:45:02] Synced coin: MemeCore (m)
[2025-11-23 19:45:02] Synced coin: Mantle (mnt)
[2025-11-23 19:45:02] Synced coin: Bittensor (tao)
[2025-11-23 19:45:02] Synced coin: Canton (cc)
[2025-11-23 19:45:02] Synced coin: USD1 (usd1)
[2025-11-23 19:45:02] Synced coin: Currency One USD (c1usd)
[2025-11-23 19:45:02] Synced coin: Aave (aave)
[2025-11-23 19:45:02] Synced coin: Bitget Token (bgb)
[2025-11-23 19:45:02] Synced coin: NEAR Protocol (near)
[2025-11-23 19:45:02] Synced coin: BlackRock USD Institutional Digital Liquidity Fund (buidl)
[2025-11-23 19:45:02] Synced coin: Aster (aster)
[2025-11-23 19:45:02] Synced coin: Internet Computer (icp)
[2025-11-23 19:45:02] Synced coin: OKB (okb)
[2025-11-23 19:45:02] Synced coin: Falcon USD (usdf)
[2025-11-23 19:45:02] Synced coin: Tether Gold (xaut)
[2025-11-23 19:45:02] Synced coin: Ethereum Classic (etc)
[2025-11-23 19:45:02] Synced coin: Pi Network (pi)
[2025-11-23 19:45:02] Synced coin: Jito Staked SOL (jitosol)
[2025-11-23 19:45:02] Synced coin: Jupiter Perpetuals Liquidity Provider Token (jlp)
[2025-11-23 19:45:02] Synced coin: Ethena (ena)
[2025-11-23 19:45:02] Synced coin: Pepe (pepe)
[2025-11-23 19:45:02] Synced coin: Aptos (apt)
[2025-11-23 19:45:02] Synced coin: Binance-Peg WETH (weth)
[2025-11-23 19:45:02] Synced coin: Wrapped SOL (sol)
[2025-11-23 19:45:02] Synced coin: HTX DAO (htx)
[2025-11-23 19:45:02] Synced coin: Pump.fun (pump)
[2025-11-23 19:45:02] Synced coin: Ondo (ondo)
[2025-11-23 19:45:02] Synced coin: KuCoin (kcs)
[2025-11-23 19:45:02] Synced coin: POL (ex-MATIC) (pol)
[2025-11-23 19:45:02] Synced coin: Worldcoin (wld)
[2025-11-23 19:45:02] Synced coin: PAX Gold (paxg)
[2025-11-23 19:45:02] Synced coin: USDtb (usdtb)
[2025-11-23 19:45:02] Synced coin: BFUSD (bfusd)
[2025-11-23 19:45:02] Synced coin: syrupUSDC (syrupusdc)
[2025-11-23 19:45:02] Synced coin: Provenance Blockchain (hash)
[2025-11-23 19:45:02] Synced coin: Binance Bridged USDC (BNB Smart Chain) (usdc)
[2025-11-23 19:45:02] Synced coin: Official Trump (trump)
[2025-11-23 19:45:02] Synced coin: Algorand (algo)
[2025-11-23 19:45:02] Synced coin: Cosmos Hub (atom)
[2025-11-23 19:45:02] Synced coin: Rocket Pool ETH (reth)
[2025-11-23 19:45:02] Synced coin: Filecoin (fil)
[2025-11-23 19:45:02] Synced coin: Circle USYC (usyc)
[2025-11-23 19:45:02] Synced coin: Gate (gt)
[2025-11-23 19:45:02] Synced coin: Wrapped BNB (wbnb)
[2025-11-23 19:45:02] Synced coin: Ripple USD (rlusd)
[2025-11-23 19:45:02] Synced coin: Global Dollar (usdg)
[2025-11-23 19:45:02] Synced coin: Arbitrum (arb)
[2025-11-23 19:45:02] Synced coin: Binance Staked SOL (bnsol)
[2025-11-23 19:45:02] Synced coin: VeChain (vet)
[2025-11-23 19:45:02] Synced coin: Quant (qnt)
[2025-11-23 19:45:02] Synced coin: Kaspa (kas)
[2025-11-23 19:45:02] Synced coin: Flare (flr)
[2025-11-23 19:45:02] Synced coin: Function FBTC (fbtc)
[2025-11-23 19:45:02] Synced coin: Kinetiq Staked HYPE (khype)
[2025-11-23 19:45:02] Synced coin: Kelp DAO Restaked ETH (rseth)
[2025-11-23 19:45:02] Synced coin: Lombard Staked BTC (lbtc)
[2025-11-23 19:45:02] Sync completed successfully.
[2025-11-23 19:50:02] Synced coin: Bitcoin (btc)
[2025-11-23 19:50:02] Synced coin: Ethereum (eth)
[2025-11-23 19:50:02] Synced coin: Tether (usdt)
[2025-11-23 19:50:02] Synced coin: XRP (xrp)
[2025-11-23 19:50:02] Synced coin: BNB (bnb)
[2025-11-23 19:50:02] Synced coin: USDC (usdc)
[2025-11-23 19:50:02] Synced coin: Solana (sol)
[2025-11-23 19:50:02] Synced coin: TRON (trx)
[2025-11-23 19:50:02] Synced coin: Lido Staked Ether (steth)
[2025-11-23 19:50:02] Synced coin: Dogecoin (doge)
[2025-11-23 19:50:02] Synced coin: Cardano (ada)
[2025-11-23 19:50:02] Synced coin: Figure Heloc (figr_heloc)
[2025-11-23 19:50:02] Synced coin: WhiteBIT Coin (wbt)
[2025-11-23 19:50:02] Synced coin: Wrapped stETH (wsteth)
[2025-11-23 19:50:02] Synced coin: Bitcoin Cash (bch)
[2025-11-23 19:50:02] Synced coin: Wrapped Bitcoin (wbtc)
[2025-11-23 19:50:02] Synced coin: Wrapped Beacon ETH (wbeth)
[2025-11-23 19:50:02] Synced coin: Zcash (zec)
[2025-11-23 19:50:02] Synced coin: USDS (usds)
[2025-11-23 19:50:02] Synced coin: Binance Bridged USDT (BNB Smart Chain) (bsc-usd)
[2025-11-23 19:50:02] Synced coin: Chainlink (link)
[2025-11-23 19:50:02] Synced coin: LEO Token (leo)
[2025-11-23 19:50:02] Synced coin: Hyperliquid (hype)
[2025-11-23 19:50:02] Synced coin: Stellar (xlm)
[2025-11-23 19:50:02] Synced coin: WETH (weth)
[2025-11-23 19:50:02] Synced coin: Ethena USDe (usde)
[2025-11-23 19:50:02] Synced coin: Monero (xmr)
[2025-11-23 19:50:02] Synced coin: Wrapped eETH (weeth)
[2025-11-23 19:50:02] Synced coin: Coinbase Wrapped BTC (cbbtc)
[2025-11-23 19:50:02] Synced coin: Litecoin (ltc)
[2025-11-23 19:50:02] Synced coin: Hedera (hbar)
[2025-11-23 19:50:02] Synced coin: Avalanche (avax)
[2025-11-23 19:50:02] Synced coin: Sui (sui)
[2025-11-23 19:50:02] Synced coin: Shiba Inu (shib)
[2025-11-23 19:50:02] Synced coin: Dai (dai)
[2025-11-23 19:50:02] Synced coin: Ethena Staked USDe (susde)
[2025-11-23 19:50:02] Synced coin: World Liberty Financial (wlfi)
[2025-11-23 19:50:02] Synced coin: Cronos (cro)
[2025-11-23 19:50:02] Synced coin: USDT0 (usdt0)
[2025-11-23 19:50:02] Synced coin: Uniswap (uni)
[2025-11-23 19:50:02] Synced coin: Polkadot (dot)
[2025-11-23 19:50:02] Synced coin: sUSDS (susds)
[2025-11-23 19:50:02] Synced coin: Toncoin (ton)
[2025-11-23 19:50:02] Synced coin: PayPal USD (pyusd)
[2025-11-23 19:50:02] Synced coin: MemeCore (m)
[2025-11-23 19:50:02] Synced coin: Mantle (mnt)
[2025-11-23 19:50:02] Synced coin: Bittensor (tao)
[2025-11-23 19:50:02] Synced coin: Canton (cc)
[2025-11-23 19:50:02] Synced coin: USD1 (usd1)
[2025-11-23 19:50:02] Synced coin: Currency One USD (c1usd)
[2025-11-23 19:50:02] Synced coin: Aave (aave)
[2025-11-23 19:50:02] Synced coin: Bitget Token (bgb)
[2025-11-23 19:50:02] Synced coin: NEAR Protocol (near)
[2025-11-23 19:50:02] Synced coin: BlackRock USD Institutional Digital Liquidity Fund (buidl)
[2025-11-23 19:50:02] Synced coin: Aster (aster)
[2025-11-23 19:50:02] Synced coin: Internet Computer (icp)
[2025-11-23 19:50:02] Synced coin: OKB (okb)
[2025-11-23 19:50:02] Synced coin: Falcon USD (usdf)
[2025-11-23 19:50:02] Synced coin: Ethereum Classic (etc)
[2025-11-23 19:50:02] Synced coin: Tether Gold (xaut)
[2025-11-23 19:50:02] Synced coin: Pi Network (pi)
[2025-11-23 19:50:02] Synced coin: Jito Staked SOL (jitosol)
[2025-11-23 19:50:02] Synced coin: Jupiter Perpetuals Liquidity Provider Token (jlp)
[2025-11-23 19:50:02] Synced coin: Ethena (ena)
[2025-11-23 19:50:02] Synced coin: Pepe (pepe)
[2025-11-23 19:50:02] Synced coin: Aptos (apt)
[2025-11-23 19:50:02] Synced coin: Binance-Peg WETH (weth)
[2025-11-23 19:50:02] Synced coin: Wrapped SOL (sol)
[2025-11-23 19:50:02] Synced coin: HTX DAO (htx)
[2025-11-23 19:50:02] Synced coin: Pump.fun (pump)
[2025-11-23 19:50:02] Synced coin: Ondo (ondo)
[2025-11-23 19:50:02] Synced coin: KuCoin (kcs)
[2025-11-23 19:50:02] Synced coin: POL (ex-MATIC) (pol)
[2025-11-23 19:50:02] Synced coin: Worldcoin (wld)
[2025-11-23 19:50:02] Synced coin: PAX Gold (paxg)
[2025-11-23 19:50:02] Synced coin: USDtb (usdtb)
[2025-11-23 19:50:02] Synced coin: BFUSD (bfusd)
[2025-11-23 19:50:02] Synced coin: syrupUSDC (syrupusdc)
[2025-11-23 19:50:02] Synced coin: Provenance Blockchain (hash)
[2025-11-23 19:50:02] Synced coin: Binance Bridged USDC (BNB Smart Chain) (usdc)
[2025-11-23 19:50:02] Synced coin: Official Trump (trump)
[2025-11-23 19:50:02] Synced coin: Algorand (algo)
[2025-11-23 19:50:02] Synced coin: Cosmos Hub (atom)
[2025-11-23 19:50:02] Synced coin: Rocket Pool ETH (reth)
[2025-11-23 19:50:02] Synced coin: Filecoin (fil)
[2025-11-23 19:50:02] Synced coin: Circle USYC (usyc)
[2025-11-23 19:50:02] Synced coin: Gate (gt)
[2025-11-23 19:50:02] Synced coin: Wrapped BNB (wbnb)
[2025-11-23 19:50:02] Synced coin: Global Dollar (usdg)
[2025-11-23 19:50:02] Synced coin: Ripple USD (rlusd)
[2025-11-23 19:50:02] Synced coin: Arbitrum (arb)
[2025-11-23 19:50:02] Synced coin: Binance Staked SOL (bnsol)
[2025-11-23 19:50:02] Synced coin: VeChain (vet)
[2025-11-23 19:50:02] Synced coin: Quant (qnt)
[2025-11-23 19:50:02] Synced coin: Kaspa (kas)
[2025-11-23 19:50:02] Synced coin: Flare (flr)
[2025-11-23 19:50:02] Synced coin: Function FBTC (fbtc)
[2025-11-23 19:50:02] Synced coin: Kelp DAO Restaked ETH (rseth)
[2025-11-23 19:50:02] Synced coin: Kinetiq Staked HYPE (khype)
[2025-11-23 19:50:02] Synced coin: Lombard Staked BTC (lbtc)
[2025-11-23 19:50:02] Sync completed successfully.
[2025-11-23 19:55:01] Synced coin: Bitcoin (btc)
[2025-11-23 19:55:01] Synced coin: Ethereum (eth)
[2025-11-23 19:55:01] Synced coin: Tether (usdt)
[2025-11-23 19:55:01] Synced coin: XRP (xrp)
[2025-11-23 19:55:01] Synced coin: BNB (bnb)
[2025-11-23 19:55:01] Synced coin: USDC (usdc)
[2025-11-23 19:55:01] Synced coin: Solana (sol)
[2025-11-23 19:55:01] Synced coin: TRON (trx)
[2025-11-23 19:55:01] Synced coin: Lido Staked Ether (steth)
[2025-11-23 19:55:01] Synced coin: Dogecoin (doge)
[2025-11-23 19:55:01] Synced coin: Cardano (ada)
[2025-11-23 19:55:01] Synced coin: Figure Heloc (figr_heloc)
[2025-11-23 19:55:01] Synced coin: WhiteBIT Coin (wbt)
[2025-11-23 19:55:01] Synced coin: Wrapped stETH (wsteth)
[2025-11-23 19:55:01] Synced coin: Bitcoin Cash (bch)
[2025-11-23 19:55:01] Synced coin: Wrapped Bitcoin (wbtc)
[2025-11-23 19:55:01] Synced coin: Wrapped Beacon ETH (wbeth)
[2025-11-23 19:55:01] Synced coin: Zcash (zec)
[2025-11-23 19:55:01] Synced coin: USDS (usds)
[2025-11-23 19:55:01] Synced coin: Binance Bridged USDT (BNB Smart Chain) (bsc-usd)
[2025-11-23 19:55:01] Synced coin: Chainlink (link)
[2025-11-23 19:55:01] Synced coin: LEO Token (leo)
[2025-11-23 19:55:01] Synced coin: Hyperliquid (hype)
[2025-11-23 19:55:01] Synced coin: Stellar (xlm)
[2025-11-23 19:55:01] Synced coin: WETH (weth)
[2025-11-23 19:55:01] Synced coin: Ethena USDe (usde)
[2025-11-23 19:55:01] Synced coin: Monero (xmr)
[2025-11-23 19:55:01] Synced coin: Wrapped eETH (weeth)
[2025-11-23 19:55:01] Synced coin: Coinbase Wrapped BTC (cbbtc)
[2025-11-23 19:55:01] Synced coin: Litecoin (ltc)
[2025-11-23 19:55:01] Synced coin: Hedera (hbar)
[2025-11-23 19:55:01] Synced coin: Avalanche (avax)
[2025-11-23 19:55:01] Synced coin: Sui (sui)
[2025-11-23 19:55:01] Synced coin: Shiba Inu (shib)
[2025-11-23 19:55:01] Synced coin: Dai (dai)
[2025-11-23 19:55:01] Synced coin: Ethena Staked USDe (susde)
[2025-11-23 19:55:01] Synced coin: World Liberty Financial (wlfi)
[2025-11-23 19:55:01] Synced coin: Cronos (cro)
[2025-11-23 19:55:01] Synced coin: USDT0 (usdt0)
[2025-11-23 19:55:01] Synced coin: Uniswap (uni)
[2025-11-23 19:55:01] Synced coin: Polkadot (dot)
[2025-11-23 19:55:01] Synced coin: sUSDS (susds)
[2025-11-23 19:55:01] Synced coin: Toncoin (ton)
[2025-11-23 19:55:01] Synced coin: PayPal USD (pyusd)
[2025-11-23 19:55:01] Synced coin: MemeCore (m)
[2025-11-23 19:55:01] Synced coin: Mantle (mnt)
[2025-11-23 19:55:01] Synced coin: Bittensor (tao)
[2025-11-23 19:55:01] Synced coin: USD1 (usd1)
[2025-11-23 19:55:01] Synced coin: Canton (cc)
[2025-11-23 19:55:01] Synced coin: Currency One USD (c1usd)
[2025-11-23 19:55:01] Synced coin: Aave (aave)
[2025-11-23 19:55:01] Synced coin: Bitget Token (bgb)
[2025-11-23 19:55:01] Synced coin: NEAR Protocol (near)
[2025-11-23 19:55:01] Synced coin: BlackRock USD Institutional Digital Liquidity Fund (buidl)
[2025-11-23 19:55:01] Synced coin: Aster (aster)
[2025-11-23 19:55:01] Synced coin: Internet Computer (icp)
[2025-11-23 19:55:01] Synced coin: OKB (okb)
[2025-11-23 19:55:01] Synced coin: Falcon USD (usdf)
[2025-11-23 19:55:01] Synced coin: Ethereum Classic (etc)
[2025-11-23 19:55:01] Synced coin: Tether Gold (xaut)
[2025-11-23 19:55:01] Synced coin: Pi Network (pi)
[2025-11-23 19:55:01] Synced coin: Jito Staked SOL (jitosol)
[2025-11-23 19:55:01] Synced coin: Jupiter Perpetuals Liquidity Provider Token (jlp)
[2025-11-23 19:55:01] Synced coin: Ethena (ena)
[2025-11-23 19:55:01] Synced coin: Pepe (pepe)
[2025-11-23 19:55:01] Synced coin: Aptos (apt)
[2025-11-23 19:55:01] Synced coin: Binance-Peg WETH (weth)
[2025-11-23 19:55:01] Synced coin: Wrapped SOL (sol)
[2025-11-23 19:55:01] Synced coin: HTX DAO (htx)
[2025-11-23 19:55:01] Synced coin: Pump.fun (pump)
[2025-11-23 19:55:01] Synced coin: KuCoin (kcs)
[2025-11-23 19:55:01] Synced coin: Ondo (ondo)
[2025-11-23 19:55:01] Synced coin: POL (ex-MATIC) (pol)
[2025-11-23 19:55:01] Synced coin: Worldcoin (wld)
[2025-11-23 19:55:01] Synced coin: PAX Gold (paxg)
[2025-11-23 19:55:01] Synced coin: USDtb (usdtb)
[2025-11-23 19:55:01] Synced coin: BFUSD (bfusd)
[2025-11-23 19:55:01] Synced coin: syrupUSDC (syrupusdc)
[2025-11-23 19:55:01] Synced coin: Provenance Blockchain (hash)
[2025-11-23 19:55:01] Synced coin: Binance Bridged USDC (BNB Smart Chain) (usdc)
[2025-11-23 19:55:01] Synced coin: Official Trump (trump)
[2025-11-23 19:55:01] Synced coin: Algorand (algo)
[2025-11-23 19:55:01] Synced coin: Cosmos Hub (atom)
[2025-11-23 19:55:01] Synced coin: Rocket Pool ETH (reth)
[2025-11-23 19:55:01] Synced coin: Filecoin (fil)
[2025-11-23 19:55:01] Synced coin: Circle USYC (usyc)
[2025-11-23 19:55:01] Synced coin: Gate (gt)
[2025-11-23 19:55:01] Synced coin: Wrapped BNB (wbnb)
[2025-11-23 19:55:01] Synced coin: Global Dollar (usdg)
[2025-11-23 19:55:01] Synced coin: Ripple USD (rlusd)
[2025-11-23 19:55:01] Synced coin: Arbitrum (arb)
[2025-11-23 19:55:01] Synced coin: Binance Staked SOL (bnsol)
[2025-11-23 19:55:01] Synced coin: VeChain (vet)
[2025-11-23 19:55:01] Synced coin: Quant (qnt)
[2025-11-23 19:55:01] Synced coin: Kaspa (kas)
[2025-11-23 19:55:01] Synced coin: Flare (flr)
[2025-11-23 19:55:01] Synced coin: Function FBTC (fbtc)
[2025-11-23 19:55:01] Synced coin: Kelp DAO Restaked ETH (rseth)
[2025-11-23 19:55:01] Synced coin: Kinetiq Staked HYPE (khype)
[2025-11-23 19:55:01] Synced coin: Lombard Staked BTC (lbtc)
[2025-11-23 19:55:01] Sync completed successfully.
[2025-11-23 20:00:02] Synced coin: Bitcoin (btc)
[2025-11-23 20:00:02] Synced coin: Ethereum (eth)
[2025-11-23 20:00:02] Synced coin: Tether (usdt)
[2025-11-23 20:00:02] Synced coin: XRP (xrp)
[2025-11-23 20:00:02] Synced coin: BNB (bnb)
[2025-11-23 20:00:02] Synced coin: USDC (usdc)
[2025-11-23 20:00:02] Synced coin: Solana (sol)
[2025-11-23 20:00:02] Synced coin: TRON (trx)
[2025-11-23 20:00:02] Synced coin: Lido Staked Ether (steth)
[2025-11-23 20:00:02] Synced coin: Dogecoin (doge)
[2025-11-23 20:00:02] Synced coin: Cardano (ada)
[2025-11-23 20:00:02] Synced coin: Figure Heloc (figr_heloc)
[2025-11-23 20:00:02] Synced coin: WhiteBIT Coin (wbt)
[2025-11-23 20:00:02] Synced coin: Wrapped stETH (wsteth)
[2025-11-23 20:00:02] Synced coin: Bitcoin Cash (bch)
[2025-11-23 20:00:02] Synced coin: Wrapped Bitcoin (wbtc)
[2025-11-23 20:00:02] Synced coin: Wrapped Beacon ETH (wbeth)
[2025-11-23 20:00:02] Synced coin: Zcash (zec)
[2025-11-23 20:00:02] Synced coin: USDS (usds)
[2025-11-23 20:00:02] Synced coin: Binance Bridged USDT (BNB Smart Chain) (bsc-usd)
[2025-11-23 20:00:02] Synced coin: Chainlink (link)
[2025-11-23 20:00:02] Synced coin: LEO Token (leo)
[2025-11-23 20:00:02] Synced coin: Hyperliquid (hype)
[2025-11-23 20:00:02] Synced coin: Stellar (xlm)
[2025-11-23 20:00:02] Synced coin: WETH (weth)
[2025-11-23 20:00:02] Synced coin: Ethena USDe (usde)
[2025-11-23 20:00:02] Synced coin: Monero (xmr)
[2025-11-23 20:00:02] Synced coin: Wrapped eETH (weeth)
[2025-11-23 20:00:02] Synced coin: Coinbase Wrapped BTC (cbbtc)
[2025-11-23 20:00:02] Synced coin: Litecoin (ltc)
[2025-11-23 20:00:02] Synced coin: Hedera (hbar)
[2025-11-23 20:00:02] Synced coin: Avalanche (avax)
[2025-11-23 20:00:02] Synced coin: Sui (sui)
[2025-11-23 20:00:02] Synced coin: Shiba Inu (shib)
[2025-11-23 20:00:02] Synced coin: Dai (dai)
[2025-11-23 20:00:02] Synced coin: Ethena Staked USDe (susde)
[2025-11-23 20:00:02] Synced coin: World Liberty Financial (wlfi)
[2025-11-23 20:00:02] Synced coin: Cronos (cro)
[2025-11-23 20:00:02] Synced coin: USDT0 (usdt0)
[2025-11-23 20:00:02] Synced coin: Uniswap (uni)
[2025-11-23 20:00:02] Synced coin: Polkadot (dot)
[2025-11-23 20:00:02] Synced coin: sUSDS (susds)
[2025-11-23 20:00:02] Synced coin: Toncoin (ton)
[2025-11-23 20:00:02] Synced coin: PayPal USD (pyusd)
[2025-11-23 20:00:02] Synced coin: MemeCore (m)
[2025-11-23 20:00:02] Synced coin: Mantle (mnt)
[2025-11-23 20:00:02] Synced coin: Bittensor (tao)
[2025-11-23 20:00:02] Synced coin: USD1 (usd1)
[2025-11-23 20:00:02] Synced coin: Canton (cc)
[2025-11-23 20:00:02] Synced coin: Currency One USD (c1usd)
[2025-11-23 20:00:02] Synced coin: Aave (aave)
[2025-11-23 20:00:02] Synced coin: Bitget Token (bgb)
[2025-11-23 20:00:02] Synced coin: NEAR Protocol (near)
[2025-11-23 20:00:02] Synced coin: BlackRock USD Institutional Digital Liquidity Fund (buidl)
[2025-11-23 20:00:03] Synced coin: Aster (aster)
[2025-11-23 20:00:03] Synced coin: OKB (okb)
[2025-11-23 20:00:03] Synced coin: Internet Computer (icp)
[2025-11-23 20:00:03] Synced coin: Falcon USD (usdf)
[2025-11-23 20:00:03] Synced coin: Ethereum Classic (etc)
[2025-11-23 20:00:03] Synced coin: Tether Gold (xaut)
[2025-11-23 20:00:03] Synced coin: Pi Network (pi)
[2025-11-23 20:00:03] Synced coin: Jito Staked SOL (jitosol)
[2025-11-23 20:00:03] Synced coin: Jupiter Perpetuals Liquidity Provider Token (jlp)
[2025-11-23 20:00:03] Synced coin: Ethena (ena)
[2025-11-23 20:00:03] Synced coin: Pepe (pepe)
[2025-11-23 20:00:03] Synced coin: Aptos (apt)
[2025-11-23 20:00:03] Synced coin: Binance-Peg WETH (weth)
[2025-11-23 20:00:03] Synced coin: Wrapped SOL (sol)
[2025-11-23 20:00:03] Synced coin: HTX DAO (htx)
[2025-11-23 20:00:03] Synced coin: Pump.fun (pump)
[2025-11-23 20:00:03] Synced coin: KuCoin (kcs)
[2025-11-23 20:00:03] Synced coin: Ondo (ondo)
[2025-11-23 20:00:03] Synced coin: POL (ex-MATIC) (pol)
[2025-11-23 20:00:03] Synced coin: Worldcoin (wld)
[2025-11-23 20:00:03] Synced coin: PAX Gold (paxg)
[2025-11-23 20:00:03] Synced coin: USDtb (usdtb)
[2025-11-23 20:00:03] Synced coin: BFUSD (bfusd)
[2025-11-23 20:00:03] Synced coin: syrupUSDC (syrupusdc)
[2025-11-23 20:00:03] Synced coin: Provenance Blockchain (hash)
[2025-11-23 20:00:03] Synced coin: Binance Bridged USDC (BNB Smart Chain) (usdc)
[2025-11-23 20:00:03] Synced coin: Official Trump (trump)
[2025-11-23 20:00:03] Synced coin: Algorand (algo)
[2025-11-23 20:00:03] Synced coin: Rocket Pool ETH (reth)
[2025-11-23 20:00:03] Synced coin: Cosmos Hub (atom)
[2025-11-23 20:00:03] Synced coin: Filecoin (fil)
[2025-11-23 20:00:03] Synced coin: Circle USYC (usyc)
[2025-11-23 20:00:03] Synced coin: Gate (gt)
[2025-11-23 20:00:03] Synced coin: Wrapped BNB (wbnb)
[2025-11-23 20:00:03] Synced coin: Ripple USD (rlusd)
[2025-11-23 20:00:03] Synced coin: Global Dollar (usdg)
[2025-11-23 20:00:03] Synced coin: Arbitrum (arb)
[2025-11-23 20:00:03] Synced coin: Binance Staked SOL (bnsol)
[2025-11-23 20:00:03] Synced coin: VeChain (vet)
[2025-11-23 20:00:03] Synced coin: Quant (qnt)
[2025-11-23 20:00:03] Synced coin: Kaspa (kas)
[2025-11-23 20:00:03] Synced coin: Flare (flr)
[2025-11-23 20:00:03] Synced coin: Function FBTC (fbtc)
[2025-11-23 20:00:03] Synced coin: Kelp DAO Restaked ETH (rseth)
[2025-11-23 20:00:03] Synced coin: Lombard Staked BTC (lbtc)
[2025-11-23 20:00:03] Synced coin: Kinetiq Staked HYPE (khype)
[2025-11-23 20:00:03] Sync completed successfully.
[2025-11-23 20:05:01] Synced coin: Bitcoin (btc)
[2025-11-23 20:05:01] Synced coin: Ethereum (eth)
[2025-11-23 20:05:01] Synced coin: Tether (usdt)
[2025-11-23 20:05:01] Synced coin: XRP (xrp)
[2025-11-23 20:05:01] Synced coin: BNB (bnb)
[2025-11-23 20:05:01] Synced coin: USDC (usdc)
[2025-11-23 20:05:01] Synced coin: Solana (sol)
[2025-11-23 20:05:01] Synced coin: TRON (trx)
[2025-11-23 20:05:01] Synced coin: Lido Staked Ether (steth)
[2025-11-23 20:05:01] Synced coin: Dogecoin (doge)
[2025-11-23 20:05:01] Synced coin: Cardano (ada)
[2025-11-23 20:05:01] Synced coin: Figure Heloc (figr_heloc)
[2025-11-23 20:05:01] Synced coin: WhiteBIT Coin (wbt)
[2025-11-23 20:05:01] Synced coin: Wrapped stETH (wsteth)
[2025-11-23 20:05:01] Synced coin: Bitcoin Cash (bch)
[2025-11-23 20:05:01] Synced coin: Wrapped Bitcoin (wbtc)
[2025-11-23 20:05:01] Synced coin: Wrapped Beacon ETH (wbeth)
[2025-11-23 20:05:01] Synced coin: Zcash (zec)
[2025-11-23 20:05:01] Synced coin: USDS (usds)
[2025-11-23 20:05:01] Synced coin: Binance Bridged USDT (BNB Smart Chain) (bsc-usd)
[2025-11-23 20:05:01] Synced coin: Chainlink (link)
[2025-11-23 20:05:01] Synced coin: LEO Token (leo)
[2025-11-23 20:05:01] Synced coin: Hyperliquid (hype)
[2025-11-23 20:05:01] Synced coin: Stellar (xlm)
[2025-11-23 20:05:01] Synced coin: WETH (weth)
[2025-11-23 20:05:01] Synced coin: Ethena USDe (usde)
[2025-11-23 20:05:01] Synced coin: Monero (xmr)
[2025-11-23 20:05:01] Synced coin: Wrapped eETH (weeth)
[2025-11-23 20:05:01] Synced coin: Coinbase Wrapped BTC (cbbtc)
[2025-11-23 20:05:01] Synced coin: Litecoin (ltc)
[2025-11-23 20:05:01] Synced coin: Hedera (hbar)
[2025-11-23 20:05:01] Synced coin: Avalanche (avax)
[2025-11-23 20:05:01] Synced coin: Sui (sui)
[2025-11-23 20:05:01] Synced coin: Shiba Inu (shib)
[2025-11-23 20:05:01] Synced coin: Dai (dai)
[2025-11-23 20:05:01] Synced coin: Ethena Staked USDe (susde)
[2025-11-23 20:05:01] Synced coin: World Liberty Financial (wlfi)
[2025-11-23 20:05:01] Synced coin: Cronos (cro)
[2025-11-23 20:05:01] Synced coin: USDT0 (usdt0)
[2025-11-23 20:05:01] Synced coin: Uniswap (uni)
[2025-11-23 20:05:01] Synced coin: Polkadot (dot)
[2025-11-23 20:05:01] Synced coin: sUSDS (susds)
[2025-11-23 20:05:01] Synced coin: Toncoin (ton)
[2025-11-23 20:05:01] Synced coin: PayPal USD (pyusd)
[2025-11-23 20:05:01] Synced coin: MemeCore (m)
[2025-11-23 20:05:01] Synced coin: Mantle (mnt)
[2025-11-23 20:05:01] Synced coin: Bittensor (tao)
[2025-11-23 20:05:01] Synced coin: USD1 (usd1)
[2025-11-23 20:05:01] Synced coin: Canton (cc)
[2025-11-23 20:05:01] Synced coin: Currency One USD (c1usd)
[2025-11-23 20:05:01] Synced coin: Aave (aave)
[2025-11-23 20:05:01] Synced coin: Bitget Token (bgb)
[2025-11-23 20:05:01] Synced coin: NEAR Protocol (near)
[2025-11-23 20:05:01] Synced coin: BlackRock USD Institutional Digital Liquidity Fund (buidl)
[2025-11-23 20:05:01] Synced coin: Aster (aster)
[2025-11-23 20:05:01] Synced coin: OKB (okb)
[2025-11-23 20:05:01] Synced coin: Internet Computer (icp)
[2025-11-23 20:05:01] Synced coin: Falcon USD (usdf)
[2025-11-23 20:05:01] Synced coin: Ethereum Classic (etc)
[2025-11-23 20:05:01] Synced coin: Tether Gold (xaut)
[2025-11-23 20:05:01] Synced coin: Pi Network (pi)
[2025-11-23 20:05:01] Synced coin: Jito Staked SOL (jitosol)
[2025-11-23 20:05:01] Synced coin: Jupiter Perpetuals Liquidity Provider Token (jlp)
[2025-11-23 20:05:01] Synced coin: Ethena (ena)
[2025-11-23 20:05:01] Synced coin: Pepe (pepe)
[2025-11-23 20:05:01] Synced coin: Aptos (apt)
[2025-11-23 20:05:01] Synced coin: Binance-Peg WETH (weth)
[2025-11-23 20:05:01] Synced coin: Wrapped SOL (sol)
[2025-11-23 20:05:01] Synced coin: HTX DAO (htx)
[2025-11-23 20:05:01] Synced coin: Pump.fun (pump)
[2025-11-23 20:05:01] Synced coin: KuCoin (kcs)
[2025-11-23 20:05:01] Synced coin: Ondo (ondo)
[2025-11-23 20:05:01] Synced coin: POL (ex-MATIC) (pol)
[2025-11-23 20:05:01] Synced coin: Worldcoin (wld)
[2025-11-23 20:05:01] Synced coin: PAX Gold (paxg)
[2025-11-23 20:05:01] Synced coin: USDtb (usdtb)
[2025-11-23 20:05:01] Synced coin: BFUSD (bfusd)
[2025-11-23 20:05:01] Synced coin: syrupUSDC (syrupusdc)
[2025-11-23 20:05:01] Synced coin: Binance Bridged USDC (BNB Smart Chain) (usdc)
[2025-11-23 20:05:01] Synced coin: Provenance Blockchain (hash)
[2025-11-23 20:05:01] Synced coin: Official Trump (trump)
[2025-11-23 20:05:01] Synced coin: Algorand (algo)
[2025-11-23 20:05:01] Synced coin: Rocket Pool ETH (reth)
[2025-11-23 20:05:01] Synced coin: Cosmos Hub (atom)
[2025-11-23 20:05:01] Synced coin: Filecoin (fil)
[2025-11-23 20:05:01] Synced coin: Circle USYC (usyc)
[2025-11-23 20:05:01] Synced coin: Gate (gt)
[2025-11-23 20:05:01] Synced coin: Wrapped BNB (wbnb)
[2025-11-23 20:05:01] Synced coin: Ripple USD (rlusd)
[2025-11-23 20:05:01] Synced coin: Global Dollar (usdg)
[2025-11-23 20:05:01] Synced coin: Arbitrum (arb)
[2025-11-23 20:05:01] Synced coin: Binance Staked SOL (bnsol)
[2025-11-23 20:05:01] Synced coin: VeChain (vet)
[2025-11-23 20:05:01] Synced coin: Quant (qnt)
[2025-11-23 20:05:01] Synced coin: Kaspa (kas)
[2025-11-23 20:05:01] Synced coin: Flare (flr)
[2025-11-23 20:05:01] Synced coin: Function FBTC (fbtc)
[2025-11-23 20:05:01] Synced coin: Kelp DAO Restaked ETH (rseth)
[2025-11-23 20:05:01] Synced coin: Lombard Staked BTC (lbtc)
[2025-11-23 20:05:01] Synced coin: Kinetiq Staked HYPE (khype)
[2025-11-23 20:05:01] Sync completed successfully.
[2025-11-23 20:10:04] Synced coin: Bitcoin (btc)
[2025-11-23 20:10:04] Synced coin: Ethereum (eth)
[2025-11-23 20:10:04] Synced coin: Tether (usdt)
[2025-11-23 20:10:04] Synced coin: XRP (xrp)
[2025-11-23 20:10:04] Synced coin: BNB (bnb)
[2025-11-23 20:10:04] Synced coin: USDC (usdc)
[2025-11-23 20:10:04] Synced coin: Solana (sol)
[2025-11-23 20:10:04] Synced coin: TRON (trx)
[2025-11-23 20:10:04] Synced coin: Lido Staked Ether (steth)
[2025-11-23 20:10:04] Synced coin: Dogecoin (doge)
[2025-11-23 20:10:04] Synced coin: Cardano (ada)
[2025-11-23 20:10:04] Synced coin: Figure Heloc (figr_heloc)
[2025-11-23 20:10:04] Synced coin: WhiteBIT Coin (wbt)
[2025-11-23 20:10:04] Synced coin: Wrapped stETH (wsteth)
[2025-11-23 20:10:04] Synced coin: Bitcoin Cash (bch)
[2025-11-23 20:10:04] Synced coin: Wrapped Bitcoin (wbtc)
[2025-11-23 20:10:04] Synced coin: Wrapped Beacon ETH (wbeth)
[2025-11-23 20:10:04] Synced coin: Zcash (zec)
[2025-11-23 20:10:04] Synced coin: USDS (usds)
[2025-11-23 20:10:04] Synced coin: Binance Bridged USDT (BNB Smart Chain) (bsc-usd)
[2025-11-23 20:10:04] Synced coin: Chainlink (link)
[2025-11-23 20:10:04] Synced coin: LEO Token (leo)
[2025-11-23 20:10:04] Synced coin: Hyperliquid (hype)
[2025-11-23 20:10:04] Synced coin: Stellar (xlm)
[2025-11-23 20:10:04] Synced coin: WETH (weth)
[2025-11-23 20:10:04] Synced coin: Ethena USDe (usde)
[2025-11-23 20:10:04] Synced coin: Monero (xmr)
[2025-11-23 20:10:04] Synced coin: Wrapped eETH (weeth)
[2025-11-23 20:10:04] Synced coin: Coinbase Wrapped BTC (cbbtc)
[2025-11-23 20:10:04] Synced coin: Litecoin (ltc)
[2025-11-23 20:10:04] Synced coin: Hedera (hbar)
[2025-11-23 20:10:04] Synced coin: Avalanche (avax)
[2025-11-23 20:10:04] Synced coin: Sui (sui)
[2025-11-23 20:10:04] Synced coin: Shiba Inu (shib)
[2025-11-23 20:10:04] Synced coin: Dai (dai)
[2025-11-23 20:10:04] Synced coin: Ethena Staked USDe (susde)
[2025-11-23 20:10:04] Synced coin: World Liberty Financial (wlfi)
[2025-11-23 20:10:04] Synced coin: Cronos (cro)
[2025-11-23 20:10:04] Synced coin: USDT0 (usdt0)
[2025-11-23 20:10:04] Synced coin: Uniswap (uni)
[2025-11-23 20:10:04] Synced coin: Polkadot (dot)
[2025-11-23 20:10:04] Synced coin: sUSDS (susds)
[2025-11-23 20:10:04] Synced coin: Toncoin (ton)
[2025-11-23 20:10:04] Synced coin: PayPal USD (pyusd)
[2025-11-23 20:10:04] Synced coin: MemeCore (m)
[2025-11-23 20:10:04] Synced coin: Mantle (mnt)
[2025-11-23 20:10:04] Synced coin: Bittensor (tao)
[2025-11-23 20:10:04] Synced coin: USD1 (usd1)
[2025-11-23 20:10:04] Synced coin: Canton (cc)
[2025-11-23 20:10:04] Synced coin: Currency One USD (c1usd)
[2025-11-23 20:10:04] Synced coin: Aave (aave)
[2025-11-23 20:10:04] Synced coin: Bitget Token (bgb)
[2025-11-23 20:10:04] Synced coin: NEAR Protocol (near)
[2025-11-23 20:10:04] Synced coin: BlackRock USD Institutional Digital Liquidity Fund (buidl)
[2025-11-23 20:10:04] Synced coin: Aster (aster)
[2025-11-23 20:10:04] Synced coin: Internet Computer (icp)
[2025-11-23 20:10:04] Synced coin: OKB (okb)
[2025-11-23 20:10:04] Synced coin: Falcon USD (usdf)
[2025-11-23 20:10:04] Synced coin: Tether Gold (xaut)
[2025-11-23 20:10:04] Synced coin: Ethereum Classic (etc)
[2025-11-23 20:10:04] Synced coin: Pi Network (pi)
[2025-11-23 20:10:04] Synced coin: Jito Staked SOL (jitosol)
[2025-11-23 20:10:04] Synced coin: Jupiter Perpetuals Liquidity Provider Token (jlp)
[2025-11-23 20:10:04] Synced coin: Ethena (ena)
[2025-11-23 20:10:04] Synced coin: Pepe (pepe)
[2025-11-23 20:10:04] Synced coin: Aptos (apt)
[2025-11-23 20:10:04] Synced coin: Binance-Peg WETH (weth)
[2025-11-23 20:10:04] Synced coin: Wrapped SOL (sol)
[2025-11-23 20:10:04] Synced coin: HTX DAO (htx)
[2025-11-23 20:10:04] Synced coin: Pump.fun (pump)
[2025-11-23 20:10:04] Synced coin: KuCoin (kcs)
[2025-11-23 20:10:04] Synced coin: Ondo (ondo)
[2025-11-23 20:10:04] Synced coin: POL (ex-MATIC) (pol)
[2025-11-23 20:10:04] Synced coin: Worldcoin (wld)
[2025-11-23 20:10:04] Synced coin: PAX Gold (paxg)
[2025-11-23 20:10:04] Synced coin: USDtb (usdtb)
[2025-11-23 20:10:04] Synced coin: BFUSD (bfusd)
[2025-11-23 20:10:04] Synced coin: syrupUSDC (syrupusdc)
[2025-11-23 20:10:04] Synced coin: Binance Bridged USDC (BNB Smart Chain) (usdc)
[2025-11-23 20:10:04] Synced coin: Provenance Blockchain (hash)
[2025-11-23 20:10:04] Synced coin: Official Trump (trump)
[2025-11-23 20:10:04] Synced coin: Algorand (algo)
[2025-11-23 20:10:04] Synced coin: Rocket Pool ETH (reth)
[2025-11-23 20:10:04] Synced coin: Cosmos Hub (atom)
[2025-11-23 20:10:04] Synced coin: Filecoin (fil)
[2025-11-23 20:10:04] Synced coin: Circle USYC (usyc)
[2025-11-23 20:10:04] Synced coin: Gate (gt)
[2025-11-23 20:10:04] Synced coin: Wrapped BNB (wbnb)
[2025-11-23 20:10:04] Synced coin: Global Dollar (usdg)
[2025-11-23 20:10:04] Synced coin: Ripple USD (rlusd)
[2025-11-23 20:10:04] Synced coin: Arbitrum (arb)
[2025-11-23 20:10:04] Synced coin: Binance Staked SOL (bnsol)
[2025-11-23 20:10:04] Synced coin: VeChain (vet)
[2025-11-23 20:10:04] Synced coin: Quant (qnt)
[2025-11-23 20:10:04] Synced coin: Kaspa (kas)
[2025-11-23 20:10:04] Synced coin: Flare (flr)
[2025-11-23 20:10:04] Synced coin: Function FBTC (fbtc)
[2025-11-23 20:10:04] Synced coin: Kelp DAO Restaked ETH (rseth)
[2025-11-23 20:10:04] Synced coin: Lombard Staked BTC (lbtc)
[2025-11-23 20:10:04] Synced coin: Kinetiq Staked HYPE (khype)
[2025-11-23 20:10:04] Sync completed successfully.
[2025-11-23 20:15:02] Synced coin: Bitcoin (btc)
[2025-11-23 20:15:02] Synced coin: Ethereum (eth)
[2025-11-23 20:15:02] Synced coin: Tether (usdt)
[2025-11-23 20:15:02] Synced coin: XRP (xrp)
[2025-11-23 20:15:02] Synced coin: BNB (bnb)
[2025-11-23 20:15:02] Synced coin: USDC (usdc)
[2025-11-23 20:15:02] Synced coin: Solana (sol)
[2025-11-23 20:15:02] Synced coin: TRON (trx)
[2025-11-23 20:15:02] Synced coin: Lido Staked Ether (steth)
[2025-11-23 20:15:02] Synced coin: Dogecoin (doge)
[2025-11-23 20:15:02] Synced coin: Cardano (ada)
[2025-11-23 20:15:02] Synced coin: Figure Heloc (figr_heloc)
[2025-11-23 20:15:02] Synced coin: WhiteBIT Coin (wbt)
[2025-11-23 20:15:02] Synced coin: Wrapped stETH (wsteth)
[2025-11-23 20:15:02] Synced coin: Bitcoin Cash (bch)
[2025-11-23 20:15:02] Synced coin: Wrapped Bitcoin (wbtc)
[2025-11-23 20:15:02] Synced coin: Wrapped Beacon ETH (wbeth)
[2025-11-23 20:15:02] Synced coin: Zcash (zec)
[2025-11-23 20:15:02] Synced coin: USDS (usds)
[2025-11-23 20:15:02] Synced coin: Binance Bridged USDT (BNB Smart Chain) (bsc-usd)
[2025-11-23 20:15:02] Synced coin: Chainlink (link)
[2025-11-23 20:15:02] Synced coin: LEO Token (leo)
[2025-11-23 20:15:02] Synced coin: Hyperliquid (hype)
[2025-11-23 20:15:02] Synced coin: Stellar (xlm)
[2025-11-23 20:15:02] Synced coin: WETH (weth)
[2025-11-23 20:15:02] Synced coin: Ethena USDe (usde)
[2025-11-23 20:15:02] Synced coin: Monero (xmr)
[2025-11-23 20:15:02] Synced coin: Wrapped eETH (weeth)
[2025-11-23 20:15:02] Synced coin: Coinbase Wrapped BTC (cbbtc)
[2025-11-23 20:15:02] Synced coin: Litecoin (ltc)
[2025-11-23 20:15:02] Synced coin: Hedera (hbar)
[2025-11-23 20:15:02] Synced coin: Avalanche (avax)
[2025-11-23 20:15:02] Synced coin: Sui (sui)
[2025-11-23 20:15:02] Synced coin: Shiba Inu (shib)
[2025-11-23 20:15:02] Synced coin: Dai (dai)
[2025-11-23 20:15:02] Synced coin: Ethena Staked USDe (susde)
[2025-11-23 20:15:02] Synced coin: World Liberty Financial (wlfi)
[2025-11-23 20:15:02] Synced coin: Cronos (cro)
[2025-11-23 20:15:02] Synced coin: USDT0 (usdt0)
[2025-11-23 20:15:02] Synced coin: Uniswap (uni)
[2025-11-23 20:15:02] Synced coin: Polkadot (dot)
[2025-11-23 20:15:02] Synced coin: sUSDS (susds)
[2025-11-23 20:15:02] Synced coin: Toncoin (ton)
[2025-11-23 20:15:02] Synced coin: PayPal USD (pyusd)
[2025-11-23 20:15:02] Synced coin: MemeCore (m)
[2025-11-23 20:15:02] Synced coin: Mantle (mnt)
[2025-11-23 20:15:02] Synced coin: Bittensor (tao)
[2025-11-23 20:15:02] Synced coin: USD1 (usd1)
[2025-11-23 20:15:02] Synced coin: Canton (cc)
[2025-11-23 20:15:02] Synced coin: Currency One USD (c1usd)
[2025-11-23 20:15:02] Synced coin: Aave (aave)
[2025-11-23 20:15:02] Synced coin: Bitget Token (bgb)
[2025-11-23 20:15:02] Synced coin: NEAR Protocol (near)
[2025-11-23 20:15:02] Synced coin: BlackRock USD Institutional Digital Liquidity Fund (buidl)
[2025-11-23 20:15:02] Synced coin: Aster (aster)
[2025-11-23 20:15:02] Synced coin: Internet Computer (icp)
[2025-11-23 20:15:02] Synced coin: OKB (okb)
[2025-11-23 20:15:02] Synced coin: Falcon USD (usdf)
[2025-11-23 20:15:02] Synced coin: Tether Gold (xaut)
[2025-11-23 20:15:02] Synced coin: Ethereum Classic (etc)
[2025-11-23 20:15:02] Synced coin: Pi Network (pi)
[2025-11-23 20:15:02] Synced coin: Jito Staked SOL (jitosol)
[2025-11-23 20:15:02] Synced coin: Jupiter Perpetuals Liquidity Provider Token (jlp)
[2025-11-23 20:15:02] Synced coin: Ethena (ena)
[2025-11-23 20:15:02] Synced coin: Pepe (pepe)
[2025-11-23 20:15:02] Synced coin: Aptos (apt)
[2025-11-23 20:15:02] Synced coin: Binance-Peg WETH (weth)
[2025-11-23 20:15:02] Synced coin: Wrapped SOL (sol)
[2025-11-23 20:15:02] Synced coin: HTX DAO (htx)
[2025-11-23 20:15:02] Synced coin: Pump.fun (pump)
[2025-11-23 20:15:02] Synced coin: KuCoin (kcs)
[2025-11-23 20:15:02] Synced coin: Ondo (ondo)
[2025-11-23 20:15:02] Synced coin: POL (ex-MATIC) (pol)
[2025-11-23 20:15:02] Synced coin: Worldcoin (wld)
[2025-11-23 20:15:02] Synced coin: PAX Gold (paxg)
[2025-11-23 20:15:02] Synced coin: USDtb (usdtb)
[2025-11-23 20:15:02] Synced coin: BFUSD (bfusd)
[2025-11-23 20:15:02] Synced coin: syrupUSDC (syrupusdc)
[2025-11-23 20:15:02] Synced coin: Binance Bridged USDC (BNB Smart Chain) (usdc)
[2025-11-23 20:15:02] Synced coin: Provenance Blockchain (hash)
[2025-11-23 20:15:02] Synced coin: Official Trump (trump)
[2025-11-23 20:15:02] Synced coin: Algorand (algo)
[2025-11-23 20:15:02] Synced coin: Rocket Pool ETH (reth)
[2025-11-23 20:15:02] Synced coin: Cosmos Hub (atom)
[2025-11-23 20:15:02] Synced coin: Filecoin (fil)
[2025-11-23 20:15:02] Synced coin: Circle USYC (usyc)
[2025-11-23 20:15:02] Synced coin: Gate (gt)
[2025-11-23 20:15:02] Synced coin: Wrapped BNB (wbnb)
[2025-11-23 20:15:02] Synced coin: Global Dollar (usdg)
[2025-11-23 20:15:02] Synced coin: Ripple USD (rlusd)
[2025-11-23 20:15:02] Synced coin: Arbitrum (arb)
[2025-11-23 20:15:02] Synced coin: Binance Staked SOL (bnsol)
[2025-11-23 20:15:02] Synced coin: VeChain (vet)
[2025-11-23 20:15:02] Synced coin: Quant (qnt)
[2025-11-23 20:15:02] Synced coin: Kaspa (kas)
[2025-11-23 20:15:02] Synced coin: Flare (flr)
[2025-11-23 20:15:02] Synced coin: Function FBTC (fbtc)
[2025-11-23 20:15:02] Synced coin: Kelp DAO Restaked ETH (rseth)
[2025-11-23 20:15:02] Synced coin: Lombard Staked BTC (lbtc)
[2025-11-23 20:15:02] Synced coin: Kinetiq Staked HYPE (khype)
[2025-11-23 20:15:02] Sync completed successfully.
[2025-11-23 20:20:01] Synced coin: Bitcoin (btc)
[2025-11-23 20:20:01] Synced coin: Ethereum (eth)
[2025-11-23 20:20:01] Synced coin: Tether (usdt)
[2025-11-23 20:20:01] Synced coin: XRP (xrp)
[2025-11-23 20:20:01] Synced coin: BNB (bnb)
[2025-11-23 20:20:01] Synced coin: USDC (usdc)
[2025-11-23 20:20:01] Synced coin: Solana (sol)
[2025-11-23 20:20:01] Synced coin: TRON (trx)
[2025-11-23 20:20:01] Synced coin: Lido Staked Ether (steth)
[2025-11-23 20:20:01] Synced coin: Dogecoin (doge)
[2025-11-23 20:20:01] Synced coin: Cardano (ada)
[2025-11-23 20:20:01] Synced coin: Figure Heloc (figr_heloc)
[2025-11-23 20:20:01] Synced coin: WhiteBIT Coin (wbt)
[2025-11-23 20:20:01] Synced coin: Wrapped stETH (wsteth)
[2025-11-23 20:20:01] Synced coin: Bitcoin Cash (bch)
[2025-11-23 20:20:01] Synced coin: Wrapped Bitcoin (wbtc)
[2025-11-23 20:20:01] Synced coin: Wrapped Beacon ETH (wbeth)
[2025-11-23 20:20:01] Synced coin: Zcash (zec)
[2025-11-23 20:20:01] Synced coin: USDS (usds)
[2025-11-23 20:20:01] Synced coin: Binance Bridged USDT (BNB Smart Chain) (bsc-usd)
[2025-11-23 20:20:01] Synced coin: Chainlink (link)
[2025-11-23 20:20:01] Synced coin: LEO Token (leo)
[2025-11-23 20:20:01] Synced coin: Hyperliquid (hype)
[2025-11-23 20:20:01] Synced coin: Stellar (xlm)
[2025-11-23 20:20:01] Synced coin: WETH (weth)
[2025-11-23 20:20:01] Synced coin: Ethena USDe (usde)
[2025-11-23 20:20:01] Synced coin: Monero (xmr)
[2025-11-23 20:20:01] Synced coin: Wrapped eETH (weeth)
[2025-11-23 20:20:01] Synced coin: Coinbase Wrapped BTC (cbbtc)
[2025-11-23 20:20:01] Synced coin: Litecoin (ltc)
[2025-11-23 20:20:01] Synced coin: Hedera (hbar)
[2025-11-23 20:20:01] Synced coin: Avalanche (avax)
[2025-11-23 20:20:01] Synced coin: Sui (sui)
[2025-11-23 20:20:01] Synced coin: Shiba Inu (shib)
[2025-11-23 20:20:01] Synced coin: Dai (dai)
[2025-11-23 20:20:01] Synced coin: Ethena Staked USDe (susde)
[2025-11-23 20:20:01] Synced coin: World Liberty Financial (wlfi)
[2025-11-23 20:20:01] Synced coin: Cronos (cro)
[2025-11-23 20:20:01] Synced coin: USDT0 (usdt0)
[2025-11-23 20:20:01] Synced coin: Uniswap (uni)
[2025-11-23 20:20:01] Synced coin: Polkadot (dot)
[2025-11-23 20:20:01] Synced coin: sUSDS (susds)
[2025-11-23 20:20:01] Synced coin: Toncoin (ton)
[2025-11-23 20:20:01] Synced coin: PayPal USD (pyusd)
[2025-11-23 20:20:01] Synced coin: MemeCore (m)
[2025-11-23 20:20:01] Synced coin: Mantle (mnt)
[2025-11-23 20:20:01] Synced coin: Bittensor (tao)
[2025-11-23 20:20:01] Synced coin: USD1 (usd1)
[2025-11-23 20:20:01] Synced coin: Canton (cc)
[2025-11-23 20:20:01] Synced coin: Currency One USD (c1usd)
[2025-11-23 20:20:01] Synced coin: Aave (aave)
[2025-11-23 20:20:01] Synced coin: Bitget Token (bgb)
[2025-11-23 20:20:01] Synced coin: NEAR Protocol (near)
[2025-11-23 20:20:01] Synced coin: BlackRock USD Institutional Digital Liquidity Fund (buidl)
[2025-11-23 20:20:01] Synced coin: Aster (aster)
[2025-11-23 20:20:01] Synced coin: Internet Computer (icp)
[2025-11-23 20:20:01] Synced coin: OKB (okb)
[2025-11-23 20:20:01] Synced coin: Falcon USD (usdf)
[2025-11-23 20:20:01] Synced coin: Ethereum Classic (etc)
[2025-11-23 20:20:01] Synced coin: Tether Gold (xaut)
[2025-11-23 20:20:01] Synced coin: Pi Network (pi)
[2025-11-23 20:20:01] Synced coin: Jito Staked SOL (jitosol)
[2025-11-23 20:20:01] Synced coin: Jupiter Perpetuals Liquidity Provider Token (jlp)
[2025-11-23 20:20:01] Synced coin: Ethena (ena)
[2025-11-23 20:20:01] Synced coin: Pepe (pepe)
[2025-11-23 20:20:01] Synced coin: Aptos (apt)
[2025-11-23 20:20:01] Synced coin: Binance-Peg WETH (weth)
[2025-11-23 20:20:01] Synced coin: Wrapped SOL (sol)
[2025-11-23 20:20:01] Synced coin: HTX DAO (htx)
[2025-11-23 20:20:01] Synced coin: Pump.fun (pump)
[2025-11-23 20:20:01] Synced coin: KuCoin (kcs)
[2025-11-23 20:20:01] Synced coin: Ondo (ondo)
[2025-11-23 20:20:01] Synced coin: POL (ex-MATIC) (pol)
[2025-11-23 20:20:01] Synced coin: Worldcoin (wld)
[2025-11-23 20:20:01] Synced coin: PAX Gold (paxg)
[2025-11-23 20:20:01] Synced coin: USDtb (usdtb)
[2025-11-23 20:20:01] Synced coin: BFUSD (bfusd)
[2025-11-23 20:20:01] Synced coin: syrupUSDC (syrupusdc)
[2025-11-23 20:20:01] Synced coin: Binance Bridged USDC (BNB Smart Chain) (usdc)
[2025-11-23 20:20:01] Synced coin: Provenance Blockchain (hash)
[2025-11-23 20:20:01] Synced coin: Official Trump (trump)
[2025-11-23 20:20:01] Synced coin: Algorand (algo)
[2025-11-23 20:20:01] Synced coin: Rocket Pool ETH (reth)
[2025-11-23 20:20:01] Synced coin: Cosmos Hub (atom)
[2025-11-23 20:20:01] Synced coin: Filecoin (fil)
[2025-11-23 20:20:01] Synced coin: Circle USYC (usyc)
[2025-11-23 20:20:01] Synced coin: Gate (gt)
[2025-11-23 20:20:01] Synced coin: Wrapped BNB (wbnb)
[2025-11-23 20:20:01] Synced coin: Global Dollar (usdg)
[2025-11-23 20:20:01] Synced coin: Ripple USD (rlusd)
[2025-11-23 20:20:01] Synced coin: Arbitrum (arb)
[2025-11-23 20:20:01] Synced coin: Binance Staked SOL (bnsol)
[2025-11-23 20:20:01] Synced coin: VeChain (vet)
[2025-11-23 20:20:01] Synced coin: Quant (qnt)
[2025-11-23 20:20:01] Synced coin: Kaspa (kas)
[2025-11-23 20:20:01] Synced coin: Flare (flr)
[2025-11-23 20:20:01] Synced coin: Function FBTC (fbtc)
[2025-11-23 20:20:01] Synced coin: Kelp DAO Restaked ETH (rseth)
[2025-11-23 20:20:01] Synced coin: Lombard Staked BTC (lbtc)
[2025-11-23 20:20:01] Synced coin: Kinetiq Staked HYPE (khype)
[2025-11-23 20:20:01] Sync completed successfully.
[2025-11-23 20:25:03] Synced coin: Bitcoin (btc)
[2025-11-23 20:25:03] Synced coin: Ethereum (eth)
[2025-11-23 20:25:03] Synced coin: Tether (usdt)
[2025-11-23 20:25:03] Synced coin: XRP (xrp)
[2025-11-23 20:25:03] Synced coin: BNB (bnb)
[2025-11-23 20:25:03] Synced coin: USDC (usdc)
[2025-11-23 20:25:03] Synced coin: Solana (sol)
[2025-11-23 20:25:03] Synced coin: TRON (trx)
[2025-11-23 20:25:03] Synced coin: Lido Staked Ether (steth)
[2025-11-23 20:25:03] Synced coin: Dogecoin (doge)
[2025-11-23 20:25:03] Synced coin: Cardano (ada)
[2025-11-23 20:25:03] Synced coin: Figure Heloc (figr_heloc)
[2025-11-23 20:25:03] Synced coin: WhiteBIT Coin (wbt)
[2025-11-23 20:25:03] Synced coin: Wrapped stETH (wsteth)
[2025-11-23 20:25:03] Synced coin: Bitcoin Cash (bch)
[2025-11-23 20:25:03] Synced coin: Wrapped Bitcoin (wbtc)
[2025-11-23 20:25:03] Synced coin: Wrapped Beacon ETH (wbeth)
[2025-11-23 20:25:03] Synced coin: Zcash (zec)
[2025-11-23 20:25:03] Synced coin: USDS (usds)
[2025-11-23 20:25:03] Synced coin: Binance Bridged USDT (BNB Smart Chain) (bsc-usd)
[2025-11-23 20:25:03] Synced coin: Chainlink (link)
[2025-11-23 20:25:03] Synced coin: LEO Token (leo)
[2025-11-23 20:25:03] Synced coin: Hyperliquid (hype)
[2025-11-23 20:25:03] Synced coin: Stellar (xlm)
[2025-11-23 20:25:03] Synced coin: WETH (weth)
[2025-11-23 20:25:03] Synced coin: Ethena USDe (usde)
[2025-11-23 20:25:03] Synced coin: Monero (xmr)
[2025-11-23 20:25:03] Synced coin: Wrapped eETH (weeth)
[2025-11-23 20:25:03] Synced coin: Coinbase Wrapped BTC (cbbtc)
[2025-11-23 20:25:03] Synced coin: Litecoin (ltc)
[2025-11-23 20:25:03] Synced coin: Hedera (hbar)
[2025-11-23 20:25:03] Synced coin: Avalanche (avax)
[2025-11-23 20:25:03] Synced coin: Sui (sui)
[2025-11-23 20:25:03] Synced coin: Shiba Inu (shib)
[2025-11-23 20:25:03] Synced coin: Dai (dai)
[2025-11-23 20:25:03] Synced coin: Ethena Staked USDe (susde)
[2025-11-23 20:25:03] Synced coin: World Liberty Financial (wlfi)
[2025-11-23 20:25:03] Synced coin: Cronos (cro)
[2025-11-23 20:25:03] Synced coin: USDT0 (usdt0)
[2025-11-23 20:25:03] Synced coin: Uniswap (uni)
[2025-11-23 20:25:03] Synced coin: Polkadot (dot)
[2025-11-23 20:25:03] Synced coin: sUSDS (susds)
[2025-11-23 20:25:03] Synced coin: Toncoin (ton)
[2025-11-23 20:25:03] Synced coin: PayPal USD (pyusd)
[2025-11-23 20:25:03] Synced coin: MemeCore (m)
[2025-11-23 20:25:03] Synced coin: Mantle (mnt)
[2025-11-23 20:25:03] Synced coin: Bittensor (tao)
[2025-11-23 20:25:03] Synced coin: USD1 (usd1)
[2025-11-23 20:25:03] Synced coin: Canton (cc)
[2025-11-23 20:25:03] Synced coin: Currency One USD (c1usd)
[2025-11-23 20:25:03] Synced coin: Aave (aave)
[2025-11-23 20:25:03] Synced coin: Bitget Token (bgb)
[2025-11-23 20:25:03] Synced coin: NEAR Protocol (near)
[2025-11-23 20:25:03] Synced coin: BlackRock USD Institutional Digital Liquidity Fund (buidl)
[2025-11-23 20:25:03] Synced coin: Aster (aster)
[2025-11-23 20:25:03] Synced coin: Internet Computer (icp)
[2025-11-23 20:25:03] Synced coin: OKB (okb)
[2025-11-23 20:25:03] Synced coin: Falcon USD (usdf)
[2025-11-23 20:25:03] Synced coin: Ethereum Classic (etc)
[2025-11-23 20:25:03] Synced coin: Tether Gold (xaut)
[2025-11-23 20:25:03] Synced coin: Pi Network (pi)
[2025-11-23 20:25:03] Synced coin: Jito Staked SOL (jitosol)
[2025-11-23 20:25:03] Synced coin: Jupiter Perpetuals Liquidity Provider Token (jlp)
[2025-11-23 20:25:03] Synced coin: Ethena (ena)
[2025-11-23 20:25:03] Synced coin: Pepe (pepe)
[2025-11-23 20:25:03] Synced coin: Aptos (apt)
[2025-11-23 20:25:03] Synced coin: Binance-Peg WETH (weth)
[2025-11-23 20:25:03] Synced coin: Wrapped SOL (sol)
[2025-11-23 20:25:03] Synced coin: HTX DAO (htx)
[2025-11-23 20:25:03] Synced coin: Pump.fun (pump)
[2025-11-23 20:25:03] Synced coin: KuCoin (kcs)
[2025-11-23 20:25:03] Synced coin: Ondo (ondo)
[2025-11-23 20:25:03] Synced coin: POL (ex-MATIC) (pol)
[2025-11-23 20:25:03] Synced coin: Worldcoin (wld)
[2025-11-23 20:25:03] Synced coin: PAX Gold (paxg)
[2025-11-23 20:25:03] Synced coin: USDtb (usdtb)
[2025-11-23 20:25:03] Synced coin: BFUSD (bfusd)
[2025-11-23 20:25:03] Synced coin: syrupUSDC (syrupusdc)
[2025-11-23 20:25:03] Synced coin: Binance Bridged USDC (BNB Smart Chain) (usdc)
[2025-11-23 20:25:03] Synced coin: Official Trump (trump)
[2025-11-23 20:25:03] Synced coin: Provenance Blockchain (hash)
[2025-11-23 20:25:03] Synced coin: Algorand (algo)
[2025-11-23 20:25:03] Synced coin: Cosmos Hub (atom)
[2025-11-23 20:25:03] Synced coin: Rocket Pool ETH (reth)
[2025-11-23 20:25:03] Synced coin: Filecoin (fil)
[2025-11-23 20:25:03] Synced coin: Circle USYC (usyc)
[2025-11-23 20:25:03] Synced coin: Gate (gt)
[2025-11-23 20:25:03] Synced coin: Wrapped BNB (wbnb)
[2025-11-23 20:25:03] Synced coin: Global Dollar (usdg)
[2025-11-23 20:25:03] Synced coin: Ripple USD (rlusd)
[2025-11-23 20:25:03] Synced coin: Arbitrum (arb)
[2025-11-23 20:25:03] Synced coin: Binance Staked SOL (bnsol)
[2025-11-23 20:25:03] Synced coin: VeChain (vet)
[2025-11-23 20:25:03] Synced coin: Quant (qnt)
[2025-11-23 20:25:03] Synced coin: Kaspa (kas)
[2025-11-23 20:25:03] Synced coin: Flare (flr)
[2025-11-23 20:25:03] Synced coin: Function FBTC (fbtc)
[2025-11-23 20:25:03] Synced coin: Kelp DAO Restaked ETH (rseth)
[2025-11-23 20:25:03] Synced coin: Lombard Staked BTC (lbtc)
[2025-11-23 20:25:03] Synced coin: Kinetiq Staked HYPE (khype)
[2025-11-23 20:25:03] Sync completed successfully.
[2025-11-23 20:30:03] Synced coin: Bitcoin (btc)
[2025-11-23 20:30:03] Synced coin: Ethereum (eth)
[2025-11-23 20:30:03] Synced coin: Tether (usdt)
[2025-11-23 20:30:03] Synced coin: XRP (xrp)
[2025-11-23 20:30:03] Synced coin: BNB (bnb)
[2025-11-23 20:30:03] Synced coin: USDC (usdc)
[2025-11-23 20:30:03] Synced coin: Solana (sol)
[2025-11-23 20:30:03] Synced coin: TRON (trx)
[2025-11-23 20:30:03] Synced coin: Lido Staked Ether (steth)
[2025-11-23 20:30:03] Synced coin: Dogecoin (doge)
[2025-11-23 20:30:03] Synced coin: Cardano (ada)
[2025-11-23 20:30:03] Synced coin: Figure Heloc (figr_heloc)
[2025-11-23 20:30:03] Synced coin: WhiteBIT Coin (wbt)
[2025-11-23 20:30:03] Synced coin: Wrapped stETH (wsteth)
[2025-11-23 20:30:03] Synced coin: Bitcoin Cash (bch)
[2025-11-23 20:30:03] Synced coin: Wrapped Bitcoin (wbtc)
[2025-11-23 20:30:03] Synced coin: Wrapped Beacon ETH (wbeth)
[2025-11-23 20:30:03] Synced coin: Zcash (zec)
[2025-11-23 20:30:03] Synced coin: USDS (usds)
[2025-11-23 20:30:03] Synced coin: Binance Bridged USDT (BNB Smart Chain) (bsc-usd)
[2025-11-23 20:30:03] Synced coin: Chainlink (link)
[2025-11-23 20:30:03] Synced coin: LEO Token (leo)
[2025-11-23 20:30:03] Synced coin: Hyperliquid (hype)
[2025-11-23 20:30:03] Synced coin: Stellar (xlm)
[2025-11-23 20:30:03] Synced coin: WETH (weth)
[2025-11-23 20:30:03] Synced coin: Ethena USDe (usde)
[2025-11-23 20:30:03] Synced coin: Monero (xmr)
[2025-11-23 20:30:03] Synced coin: Wrapped eETH (weeth)
[2025-11-23 20:30:03] Synced coin: Coinbase Wrapped BTC (cbbtc)
[2025-11-23 20:30:03] Synced coin: Litecoin (ltc)
[2025-11-23 20:30:03] Synced coin: Hedera (hbar)
[2025-11-23 20:30:03] Synced coin: Avalanche (avax)
[2025-11-23 20:30:03] Synced coin: Sui (sui)
[2025-11-23 20:30:03] Synced coin: Shiba Inu (shib)
[2025-11-23 20:30:03] Synced coin: Dai (dai)
[2025-11-23 20:30:03] Synced coin: Ethena Staked USDe (susde)
[2025-11-23 20:30:03] Synced coin: World Liberty Financial (wlfi)
[2025-11-23 20:30:03] Synced coin: Cronos (cro)
[2025-11-23 20:30:03] Synced coin: USDT0 (usdt0)
[2025-11-23 20:30:03] Synced coin: Uniswap (uni)
[2025-11-23 20:30:03] Synced coin: Polkadot (dot)
[2025-11-23 20:30:03] Synced coin: sUSDS (susds)
[2025-11-23 20:30:03] Synced coin: Toncoin (ton)
[2025-11-23 20:30:03] Synced coin: PayPal USD (pyusd)
[2025-11-23 20:30:03] Synced coin: Mantle (mnt)
[2025-11-23 20:30:03] Synced coin: MemeCore (m)
[2025-11-23 20:30:03] Synced coin: Bittensor (tao)
[2025-11-23 20:30:03] Synced coin: USD1 (usd1)
[2025-11-23 20:30:03] Synced coin: Canton (cc)
[2025-11-23 20:30:03] Synced coin: Currency One USD (c1usd)
[2025-11-23 20:30:03] Synced coin: Aave (aave)
[2025-11-23 20:30:03] Synced coin: Bitget Token (bgb)
[2025-11-23 20:30:03] Synced coin: NEAR Protocol (near)
[2025-11-23 20:30:03] Synced coin: BlackRock USD Institutional Digital Liquidity Fund (buidl)
[2025-11-23 20:30:03] Synced coin: Aster (aster)
[2025-11-23 20:30:03] Synced coin: OKB (okb)
[2025-11-23 20:30:03] Synced coin: Internet Computer (icp)
[2025-11-23 20:30:03] Synced coin: Falcon USD (usdf)
[2025-11-23 20:30:03] Synced coin: Ethereum Classic (etc)
[2025-11-23 20:30:03] Synced coin: Tether Gold (xaut)
[2025-11-23 20:30:03] Synced coin: Pi Network (pi)
[2025-11-23 20:30:03] Synced coin: Jito Staked SOL (jitosol)
[2025-11-23 20:30:03] Synced coin: Jupiter Perpetuals Liquidity Provider Token (jlp)
[2025-11-23 20:30:03] Synced coin: Ethena (ena)
[2025-11-23 20:30:03] Synced coin: Pepe (pepe)
[2025-11-23 20:30:03] Synced coin: Aptos (apt)
[2025-11-23 20:30:03] Synced coin: Binance-Peg WETH (weth)
[2025-11-23 20:30:03] Synced coin: Wrapped SOL (sol)
[2025-11-23 20:30:03] Synced coin: HTX DAO (htx)
[2025-11-23 20:30:03] Synced coin: Pump.fun (pump)
[2025-11-23 20:30:03] Synced coin: KuCoin (kcs)
[2025-11-23 20:30:03] Synced coin: Ondo (ondo)
[2025-11-23 20:30:03] Synced coin: POL (ex-MATIC) (pol)
[2025-11-23 20:30:03] Synced coin: Worldcoin (wld)
[2025-11-23 20:30:03] Synced coin: PAX Gold (paxg)
[2025-11-23 20:30:03] Synced coin: USDtb (usdtb)
[2025-11-23 20:30:03] Synced coin: BFUSD (bfusd)
[2025-11-23 20:30:03] Synced coin: syrupUSDC (syrupusdc)
[2025-11-23 20:30:03] Synced coin: Binance Bridged USDC (BNB Smart Chain) (usdc)
[2025-11-23 20:30:03] Synced coin: Official Trump (trump)
[2025-11-23 20:30:03] Synced coin: Provenance Blockchain (hash)
[2025-11-23 20:30:03] Synced coin: Algorand (algo)
[2025-11-23 20:30:03] Synced coin: Rocket Pool ETH (reth)
[2025-11-23 20:30:03] Synced coin: Cosmos Hub (atom)
[2025-11-23 20:30:03] Synced coin: Filecoin (fil)
[2025-11-23 20:30:03] Synced coin: Circle USYC (usyc)
[2025-11-23 20:30:03] Synced coin: Gate (gt)
[2025-11-23 20:30:03] Synced coin: Wrapped BNB (wbnb)
[2025-11-23 20:30:03] Synced coin: Ripple USD (rlusd)
[2025-11-23 20:30:03] Synced coin: Global Dollar (usdg)
[2025-11-23 20:30:03] Synced coin: Arbitrum (arb)
[2025-11-23 20:30:03] Synced coin: Binance Staked SOL (bnsol)
[2025-11-23 20:30:03] Synced coin: VeChain (vet)
[2025-11-23 20:30:03] Synced coin: Quant (qnt)
[2025-11-23 20:30:03] Synced coin: Kaspa (kas)
[2025-11-23 20:30:03] Synced coin: Flare (flr)
[2025-11-23 20:30:03] Synced coin: Function FBTC (fbtc)
[2025-11-23 20:30:03] Synced coin: Kelp DAO Restaked ETH (rseth)
[2025-11-23 20:30:03] Synced coin: Lombard Staked BTC (lbtc)
[2025-11-23 20:30:03] Synced coin: Sky (sky)
[2025-11-23 20:30:03] Sync completed successfully.
[2025-11-23 20:35:01] Synced coin: Bitcoin (btc)
[2025-11-23 20:35:01] Synced coin: Ethereum (eth)
[2025-11-23 20:35:01] Synced coin: Tether (usdt)
[2025-11-23 20:35:01] Synced coin: XRP (xrp)
[2025-11-23 20:35:01] Synced coin: BNB (bnb)
[2025-11-23 20:35:01] Synced coin: USDC (usdc)
[2025-11-23 20:35:01] Synced coin: Solana (sol)
[2025-11-23 20:35:01] Synced coin: TRON (trx)
[2025-11-23 20:35:01] Synced coin: Lido Staked Ether (steth)
[2025-11-23 20:35:01] Synced coin: Dogecoin (doge)
[2025-11-23 20:35:01] Synced coin: Cardano (ada)
[2025-11-23 20:35:01] Synced coin: Figure Heloc (figr_heloc)
[2025-11-23 20:35:01] Synced coin: WhiteBIT Coin (wbt)
[2025-11-23 20:35:01] Synced coin: Wrapped stETH (wsteth)
[2025-11-23 20:35:01] Synced coin: Bitcoin Cash (bch)
[2025-11-23 20:35:01] Synced coin: Wrapped Bitcoin (wbtc)
[2025-11-23 20:35:01] Synced coin: Wrapped Beacon ETH (wbeth)
[2025-11-23 20:35:01] Synced coin: Zcash (zec)
[2025-11-23 20:35:01] Synced coin: USDS (usds)
[2025-11-23 20:35:01] Synced coin: Binance Bridged USDT (BNB Smart Chain) (bsc-usd)
[2025-11-23 20:35:01] Synced coin: Chainlink (link)
[2025-11-23 20:35:01] Synced coin: LEO Token (leo)
[2025-11-23 20:35:01] Synced coin: Hyperliquid (hype)
[2025-11-23 20:35:01] Synced coin: Stellar (xlm)
[2025-11-23 20:35:01] Synced coin: WETH (weth)
[2025-11-23 20:35:01] Synced coin: Ethena USDe (usde)
[2025-11-23 20:35:01] Synced coin: Monero (xmr)
[2025-11-23 20:35:01] Synced coin: Wrapped eETH (weeth)
[2025-11-23 20:35:01] Synced coin: Coinbase Wrapped BTC (cbbtc)
[2025-11-23 20:35:01] Synced coin: Litecoin (ltc)
[2025-11-23 20:35:01] Synced coin: Hedera (hbar)
[2025-11-23 20:35:01] Synced coin: Avalanche (avax)
[2025-11-23 20:35:01] Synced coin: Sui (sui)
[2025-11-23 20:35:01] Synced coin: Shiba Inu (shib)
[2025-11-23 20:35:01] Synced coin: Dai (dai)
[2025-11-23 20:35:01] Synced coin: Ethena Staked USDe (susde)
[2025-11-23 20:35:01] Synced coin: World Liberty Financial (wlfi)
[2025-11-23 20:35:01] Synced coin: Cronos (cro)
[2025-11-23 20:35:01] Synced coin: USDT0 (usdt0)
[2025-11-23 20:35:01] Synced coin: Uniswap (uni)
[2025-11-23 20:35:01] Synced coin: Polkadot (dot)
[2025-11-23 20:35:01] Synced coin: sUSDS (susds)
[2025-11-23 20:35:01] Synced coin: Toncoin (ton)
[2025-11-23 20:35:01] Synced coin: PayPal USD (pyusd)
[2025-11-23 20:35:01] Synced coin: Mantle (mnt)
[2025-11-23 20:35:01] Synced coin: MemeCore (m)
[2025-11-23 20:35:01] Synced coin: Bittensor (tao)
[2025-11-23 20:35:01] Synced coin: USD1 (usd1)
[2025-11-23 20:35:01] Synced coin: Canton (cc)
[2025-11-23 20:35:01] Synced coin: Currency One USD (c1usd)
[2025-11-23 20:35:01] Synced coin: Aave (aave)
[2025-11-23 20:35:01] Synced coin: Bitget Token (bgb)
[2025-11-23 20:35:01] Synced coin: NEAR Protocol (near)
[2025-11-23 20:35:01] Synced coin: BlackRock USD Institutional Digital Liquidity Fund (buidl)
[2025-11-23 20:35:01] Synced coin: Aster (aster)
[2025-11-23 20:35:01] Synced coin: OKB (okb)
[2025-11-23 20:35:01] Synced coin: Internet Computer (icp)
[2025-11-23 20:35:01] Synced coin: Falcon USD (usdf)
[2025-11-23 20:35:01] Synced coin: Tether Gold (xaut)
[2025-11-23 20:35:01] Synced coin: Ethereum Classic (etc)
[2025-11-23 20:35:01] Synced coin: Pi Network (pi)
[2025-11-23 20:35:01] Synced coin: Jito Staked SOL (jitosol)
[2025-11-23 20:35:01] Synced coin: Jupiter Perpetuals Liquidity Provider Token (jlp)
[2025-11-23 20:35:01] Synced coin: Ethena (ena)
[2025-11-23 20:35:01] Synced coin: Pepe (pepe)
[2025-11-23 20:35:01] Synced coin: Aptos (apt)
[2025-11-23 20:35:01] Synced coin: Binance-Peg WETH (weth)
[2025-11-23 20:35:01] Synced coin: Wrapped SOL (sol)
[2025-11-23 20:35:01] Synced coin: HTX DAO (htx)
[2025-11-23 20:35:01] Synced coin: Pump.fun (pump)
[2025-11-23 20:35:01] Synced coin: KuCoin (kcs)
[2025-11-23 20:35:01] Synced coin: Ondo (ondo)
[2025-11-23 20:35:01] Synced coin: POL (ex-MATIC) (pol)
[2025-11-23 20:35:01] Synced coin: Worldcoin (wld)
[2025-11-23 20:35:01] Synced coin: PAX Gold (paxg)
[2025-11-23 20:35:01] Synced coin: USDtb (usdtb)
[2025-11-23 20:35:01] Synced coin: BFUSD (bfusd)
[2025-11-23 20:35:01] Synced coin: syrupUSDC (syrupusdc)
[2025-11-23 20:35:01] Synced coin: Binance Bridged USDC (BNB Smart Chain) (usdc)
[2025-11-23 20:35:01] Synced coin: Official Trump (trump)
[2025-11-23 20:35:01] Synced coin: Provenance Blockchain (hash)
[2025-11-23 20:35:01] Synced coin: Algorand (algo)
[2025-11-23 20:35:01] Synced coin: Rocket Pool ETH (reth)
[2025-11-23 20:35:01] Synced coin: Cosmos Hub (atom)
[2025-11-23 20:35:01] Synced coin: Filecoin (fil)
[2025-11-23 20:35:01] Synced coin: Circle USYC (usyc)
[2025-11-23 20:35:01] Synced coin: Gate (gt)
[2025-11-23 20:35:01] Synced coin: Wrapped BNB (wbnb)
[2025-11-23 20:35:01] Synced coin: Ripple USD (rlusd)
[2025-11-23 20:35:01] Synced coin: Global Dollar (usdg)
[2025-11-23 20:35:01] Synced coin: Arbitrum (arb)
[2025-11-23 20:35:01] Synced coin: Binance Staked SOL (bnsol)
[2025-11-23 20:35:01] Synced coin: VeChain (vet)
[2025-11-23 20:35:01] Synced coin: Quant (qnt)
[2025-11-23 20:35:01] Synced coin: Kaspa (kas)
[2025-11-23 20:35:01] Synced coin: Flare (flr)
[2025-11-23 20:35:01] Synced coin: Function FBTC (fbtc)
[2025-11-23 20:35:01] Synced coin: Kelp DAO Restaked ETH (rseth)
[2025-11-23 20:35:01] Synced coin: Lombard Staked BTC (lbtc)
[2025-11-23 20:35:01] Synced coin: Sky (sky)
[2025-11-23 20:35:01] Sync completed successfully.
[2025-11-23 20:40:03] Synced coin: Bitcoin (btc)
[2025-11-23 20:40:03] Synced coin: Ethereum (eth)
[2025-11-23 20:40:03] Synced coin: Tether (usdt)
[2025-11-23 20:40:03] Synced coin: XRP (xrp)
[2025-11-23 20:40:03] Synced coin: BNB (bnb)
[2025-11-23 20:40:03] Synced coin: USDC (usdc)
[2025-11-23 20:40:03] Synced coin: Solana (sol)
[2025-11-23 20:40:03] Synced coin: TRON (trx)
[2025-11-23 20:40:03] Synced coin: Lido Staked Ether (steth)
[2025-11-23 20:40:03] Synced coin: Dogecoin (doge)
[2025-11-23 20:40:03] Synced coin: Cardano (ada)
[2025-11-23 20:40:03] Synced coin: Figure Heloc (figr_heloc)
[2025-11-23 20:40:03] Synced coin: WhiteBIT Coin (wbt)
[2025-11-23 20:40:03] Synced coin: Wrapped stETH (wsteth)
[2025-11-23 20:40:03] Synced coin: Bitcoin Cash (bch)
[2025-11-23 20:40:03] Synced coin: Wrapped Bitcoin (wbtc)
[2025-11-23 20:40:03] Synced coin: Wrapped Beacon ETH (wbeth)
[2025-11-23 20:40:03] Synced coin: Zcash (zec)
[2025-11-23 20:40:03] Synced coin: USDS (usds)
[2025-11-23 20:40:03] Synced coin: Binance Bridged USDT (BNB Smart Chain) (bsc-usd)
[2025-11-23 20:40:03] Synced coin: Chainlink (link)
[2025-11-23 20:40:03] Synced coin: LEO Token (leo)
[2025-11-23 20:40:03] Synced coin: Hyperliquid (hype)
[2025-11-23 20:40:03] Synced coin: Stellar (xlm)
[2025-11-23 20:40:03] Synced coin: WETH (weth)
[2025-11-23 20:40:03] Synced coin: Monero (xmr)
[2025-11-23 20:40:03] Synced coin: Ethena USDe (usde)
[2025-11-23 20:40:03] Synced coin: Wrapped eETH (weeth)
[2025-11-23 20:40:03] Synced coin: Coinbase Wrapped BTC (cbbtc)
[2025-11-23 20:40:03] Synced coin: Litecoin (ltc)
[2025-11-23 20:40:03] Synced coin: Hedera (hbar)
[2025-11-23 20:40:03] Synced coin: Avalanche (avax)
[2025-11-23 20:40:03] Synced coin: Sui (sui)
[2025-11-23 20:40:03] Synced coin: Shiba Inu (shib)
[2025-11-23 20:40:03] Synced coin: Dai (dai)
[2025-11-23 20:40:03] Synced coin: Ethena Staked USDe (susde)
[2025-11-23 20:40:03] Synced coin: World Liberty Financial (wlfi)
[2025-11-23 20:40:03] Synced coin: Cronos (cro)
[2025-11-23 20:40:03] Synced coin: USDT0 (usdt0)
[2025-11-23 20:40:03] Synced coin: Uniswap (uni)
[2025-11-23 20:40:03] Synced coin: Polkadot (dot)
[2025-11-23 20:40:03] Synced coin: sUSDS (susds)
[2025-11-23 20:40:03] Synced coin: Toncoin (ton)
[2025-11-23 20:40:03] Synced coin: PayPal USD (pyusd)
[2025-11-23 20:40:03] Synced coin: Mantle (mnt)
[2025-11-23 20:40:03] Synced coin: MemeCore (m)
[2025-11-23 20:40:03] Synced coin: Bittensor (tao)
[2025-11-23 20:40:03] Synced coin: USD1 (usd1)
[2025-11-23 20:40:03] Synced coin: Canton (cc)
[2025-11-23 20:40:03] Synced coin: Currency One USD (c1usd)
[2025-11-23 20:40:03] Synced coin: Aave (aave)
[2025-11-23 20:40:03] Synced coin: Bitget Token (bgb)
[2025-11-23 20:40:03] Synced coin: NEAR Protocol (near)
[2025-11-23 20:40:03] Synced coin: BlackRock USD Institutional Digital Liquidity Fund (buidl)
[2025-11-23 20:40:03] Synced coin: Aster (aster)
[2025-11-23 20:40:03] Synced coin: Internet Computer (icp)
[2025-11-23 20:40:03] Synced coin: OKB (okb)
[2025-11-23 20:40:03] Synced coin: Falcon USD (usdf)
[2025-11-23 20:40:03] Synced coin: Tether Gold (xaut)
[2025-11-23 20:40:03] Synced coin: Ethereum Classic (etc)
[2025-11-23 20:40:03] Synced coin: Pi Network (pi)
[2025-11-23 20:40:03] Synced coin: Jito Staked SOL (jitosol)
[2025-11-23 20:40:03] Synced coin: Jupiter Perpetuals Liquidity Provider Token (jlp)
[2025-11-23 20:40:03] Synced coin: Ethena (ena)
[2025-11-23 20:40:03] Synced coin: Pepe (pepe)
[2025-11-23 20:40:03] Synced coin: Aptos (apt)
[2025-11-23 20:40:03] Synced coin: Binance-Peg WETH (weth)
[2025-11-23 20:40:03] Synced coin: Wrapped SOL (sol)
[2025-11-23 20:40:03] Synced coin: Provenance Blockchain (hash)
[2025-11-23 20:40:03] Synced coin: HTX DAO (htx)
[2025-11-23 20:40:03] Synced coin: Pump.fun (pump)
[2025-11-23 20:40:03] Synced coin: KuCoin (kcs)
[2025-11-23 20:40:03] Synced coin: Ondo (ondo)
[2025-11-23 20:40:03] Synced coin: POL (ex-MATIC) (pol)
[2025-11-23 20:40:03] Synced coin: Worldcoin (wld)
[2025-11-23 20:40:03] Synced coin: PAX Gold (paxg)
[2025-11-23 20:40:03] Synced coin: USDtb (usdtb)
[2025-11-23 20:40:03] Synced coin: BFUSD (bfusd)
[2025-11-23 20:40:03] Synced coin: syrupUSDC (syrupusdc)
[2025-11-23 20:40:03] Synced coin: Binance Bridged USDC (BNB Smart Chain) (usdc)
[2025-11-23 20:40:03] Synced coin: Official Trump (trump)
[2025-11-23 20:40:03] Synced coin: Algorand (algo)
[2025-11-23 20:40:03] Synced coin: Rocket Pool ETH (reth)
[2025-11-23 20:40:03] Synced coin: Cosmos Hub (atom)
[2025-11-23 20:40:03] Synced coin: Filecoin (fil)
[2025-11-23 20:40:03] Synced coin: Circle USYC (usyc)
[2025-11-23 20:40:03] Synced coin: Gate (gt)
[2025-11-23 20:40:03] Synced coin: Wrapped BNB (wbnb)
[2025-11-23 20:40:03] Synced coin: Global Dollar (usdg)
[2025-11-23 20:40:03] Synced coin: Ripple USD (rlusd)
[2025-11-23 20:40:03] Synced coin: Arbitrum (arb)
[2025-11-23 20:40:03] Synced coin: Binance Staked SOL (bnsol)
[2025-11-23 20:40:03] Synced coin: VeChain (vet)
[2025-11-23 20:40:03] Synced coin: Quant (qnt)
[2025-11-23 20:40:03] Synced coin: Kaspa (kas)
[2025-11-23 20:40:03] Synced coin: Flare (flr)
[2025-11-23 20:40:03] Synced coin: Function FBTC (fbtc)
[2025-11-23 20:40:03] Synced coin: Kelp DAO Restaked ETH (rseth)
[2025-11-23 20:40:03] Synced coin: Lombard Staked BTC (lbtc)
[2025-11-23 20:40:03] Synced coin: Sky (sky)
[2025-11-23 20:40:03] Sync completed successfully.
[2025-11-23 20:45:01] Synced coin: Bitcoin (btc)
[2025-11-23 20:45:01] Synced coin: Ethereum (eth)
[2025-11-23 20:45:01] Synced coin: Tether (usdt)
[2025-11-23 20:45:01] Synced coin: XRP (xrp)
[2025-11-23 20:45:01] Synced coin: BNB (bnb)
[2025-11-23 20:45:01] Synced coin: USDC (usdc)
[2025-11-23 20:45:01] Synced coin: Solana (sol)
[2025-11-23 20:45:01] Synced coin: TRON (trx)
[2025-11-23 20:45:01] Synced coin: Lido Staked Ether (steth)
[2025-11-23 20:45:01] Synced coin: Dogecoin (doge)
[2025-11-23 20:45:01] Synced coin: Cardano (ada)
[2025-11-23 20:45:01] Synced coin: Figure Heloc (figr_heloc)
[2025-11-23 20:45:01] Synced coin: WhiteBIT Coin (wbt)
[2025-11-23 20:45:01] Synced coin: Wrapped stETH (wsteth)
[2025-11-23 20:45:01] Synced coin: Bitcoin Cash (bch)
[2025-11-23 20:45:01] Synced coin: Wrapped Bitcoin (wbtc)
[2025-11-23 20:45:01] Synced coin: Wrapped Beacon ETH (wbeth)
[2025-11-23 20:45:01] Synced coin: Zcash (zec)
[2025-11-23 20:45:01] Synced coin: USDS (usds)
[2025-11-23 20:45:01] Synced coin: Binance Bridged USDT (BNB Smart Chain) (bsc-usd)
[2025-11-23 20:45:01] Synced coin: Chainlink (link)
[2025-11-23 20:45:01] Synced coin: LEO Token (leo)
[2025-11-23 20:45:01] Synced coin: Hyperliquid (hype)
[2025-11-23 20:45:01] Synced coin: Stellar (xlm)
[2025-11-23 20:45:01] Synced coin: WETH (weth)
[2025-11-23 20:45:01] Synced coin: Monero (xmr)
[2025-11-23 20:45:01] Synced coin: Ethena USDe (usde)
[2025-11-23 20:45:01] Synced coin: Wrapped eETH (weeth)
[2025-11-23 20:45:01] Synced coin: Coinbase Wrapped BTC (cbbtc)
[2025-11-23 20:45:01] Synced coin: Litecoin (ltc)
[2025-11-23 20:45:01] Synced coin: Hedera (hbar)
[2025-11-23 20:45:01] Synced coin: Avalanche (avax)
[2025-11-23 20:45:01] Synced coin: Sui (sui)
[2025-11-23 20:45:01] Synced coin: Shiba Inu (shib)
[2025-11-23 20:45:01] Synced coin: Dai (dai)
[2025-11-23 20:45:01] Synced coin: Ethena Staked USDe (susde)
[2025-11-23 20:45:01] Synced coin: World Liberty Financial (wlfi)
[2025-11-23 20:45:01] Synced coin: Cronos (cro)
[2025-11-23 20:45:01] Synced coin: USDT0 (usdt0)
[2025-11-23 20:45:01] Synced coin: Uniswap (uni)
[2025-11-23 20:45:01] Synced coin: sUSDS (susds)
[2025-11-23 20:45:01] Synced coin: Polkadot (dot)
[2025-11-23 20:45:01] Synced coin: Toncoin (ton)
[2025-11-23 20:45:01] Synced coin: PayPal USD (pyusd)
[2025-11-23 20:45:01] Synced coin: Mantle (mnt)
[2025-11-23 20:45:01] Synced coin: MemeCore (m)
[2025-11-23 20:45:01] Synced coin: Bittensor (tao)
[2025-11-23 20:45:01] Synced coin: Canton (cc)
[2025-11-23 20:45:01] Synced coin: USD1 (usd1)
[2025-11-23 20:45:01] Synced coin: Currency One USD (c1usd)
[2025-11-23 20:45:01] Synced coin: Aave (aave)
[2025-11-23 20:45:01] Synced coin: Bitget Token (bgb)
[2025-11-23 20:45:01] Synced coin: NEAR Protocol (near)
[2025-11-23 20:45:01] Synced coin: BlackRock USD Institutional Digital Liquidity Fund (buidl)
[2025-11-23 20:45:01] Synced coin: Aster (aster)
[2025-11-23 20:45:01] Synced coin: OKB (okb)
[2025-11-23 20:45:01] Synced coin: Internet Computer (icp)
[2025-11-23 20:45:01] Synced coin: Falcon USD (usdf)
[2025-11-23 20:45:01] Synced coin: Tether Gold (xaut)
[2025-11-23 20:45:01] Synced coin: Ethereum Classic (etc)
[2025-11-23 20:45:01] Synced coin: Pi Network (pi)
[2025-11-23 20:45:01] Synced coin: Jito Staked SOL (jitosol)
[2025-11-23 20:45:01] Synced coin: Jupiter Perpetuals Liquidity Provider Token (jlp)
[2025-11-23 20:45:01] Synced coin: Ethena (ena)
[2025-11-23 20:45:01] Synced coin: Pepe (pepe)
[2025-11-23 20:45:01] Synced coin: Aptos (apt)
[2025-11-23 20:45:01] Synced coin: Binance-Peg WETH (weth)
[2025-11-23 20:45:01] Synced coin: Wrapped SOL (sol)
[2025-11-23 20:45:01] Synced coin: Provenance Blockchain (hash)
[2025-11-23 20:45:01] Synced coin: HTX DAO (htx)
[2025-11-23 20:45:01] Synced coin: Pump.fun (pump)
[2025-11-23 20:45:01] Synced coin: KuCoin (kcs)
[2025-11-23 20:45:01] Synced coin: Ondo (ondo)
[2025-11-23 20:45:01] Synced coin: POL (ex-MATIC) (pol)
[2025-11-23 20:45:01] Synced coin: Worldcoin (wld)
[2025-11-23 20:45:01] Synced coin: PAX Gold (paxg)
[2025-11-23 20:45:01] Synced coin: USDtb (usdtb)
[2025-11-23 20:45:01] Synced coin: BFUSD (bfusd)
[2025-11-23 20:45:01] Synced coin: syrupUSDC (syrupusdc)
[2025-11-23 20:45:01] Synced coin: Binance Bridged USDC (BNB Smart Chain) (usdc)
[2025-11-23 20:45:01] Synced coin: Official Trump (trump)
[2025-11-23 20:45:01] Synced coin: Algorand (algo)
[2025-11-23 20:45:01] Synced coin: Rocket Pool ETH (reth)
[2025-11-23 20:45:01] Synced coin: Cosmos Hub (atom)
[2025-11-23 20:45:01] Synced coin: Filecoin (fil)
[2025-11-23 20:45:01] Synced coin: Circle USYC (usyc)
[2025-11-23 20:45:01] Synced coin: Gate (gt)
[2025-11-23 20:45:01] Synced coin: Wrapped BNB (wbnb)
[2025-11-23 20:45:01] Synced coin: Global Dollar (usdg)
[2025-11-23 20:45:01] Synced coin: Ripple USD (rlusd)
[2025-11-23 20:45:01] Synced coin: Binance Staked SOL (bnsol)
[2025-11-23 20:45:01] Synced coin: Arbitrum (arb)
[2025-11-23 20:45:01] Synced coin: VeChain (vet)
[2025-11-23 20:45:01] Synced coin: Quant (qnt)
[2025-11-23 20:45:01] Synced coin: Kaspa (kas)
[2025-11-23 20:45:01] Synced coin: Flare (flr)
[2025-11-23 20:45:01] Synced coin: Function FBTC (fbtc)
[2025-11-23 20:45:01] Synced coin: Kelp DAO Restaked ETH (rseth)
[2025-11-23 20:45:01] Synced coin: Lombard Staked BTC (lbtc)
[2025-11-23 20:45:01] Synced coin: Kinetiq Staked HYPE (khype)
[2025-11-23 20:45:01] Sync completed successfully.
[2025-11-23 20:50:03] Synced coin: Bitcoin (btc)
[2025-11-23 20:50:03] Synced coin: Ethereum (eth)
[2025-11-23 20:50:03] Synced coin: Tether (usdt)
[2025-11-23 20:50:03] Synced coin: XRP (xrp)
[2025-11-23 20:50:03] Synced coin: BNB (bnb)
[2025-11-23 20:50:03] Synced coin: USDC (usdc)
[2025-11-23 20:50:03] Synced coin: Solana (sol)
[2025-11-23 20:50:03] Synced coin: TRON (trx)
[2025-11-23 20:50:03] Synced coin: Lido Staked Ether (steth)
[2025-11-23 20:50:03] Synced coin: Dogecoin (doge)
[2025-11-23 20:50:03] Synced coin: Cardano (ada)
[2025-11-23 20:50:03] Synced coin: Figure Heloc (figr_heloc)
[2025-11-23 20:50:03] Synced coin: WhiteBIT Coin (wbt)
[2025-11-23 20:50:03] Synced coin: Wrapped stETH (wsteth)
[2025-11-23 20:50:03] Synced coin: Bitcoin Cash (bch)
[2025-11-23 20:50:03] Synced coin: Wrapped Bitcoin (wbtc)
[2025-11-23 20:50:03] Synced coin: Wrapped Beacon ETH (wbeth)
[2025-11-23 20:50:03] Synced coin: Zcash (zec)
[2025-11-23 20:50:03] Synced coin: USDS (usds)
[2025-11-23 20:50:03] Synced coin: Binance Bridged USDT (BNB Smart Chain) (bsc-usd)
[2025-11-23 20:50:03] Synced coin: Chainlink (link)
[2025-11-23 20:50:03] Synced coin: LEO Token (leo)
[2025-11-23 20:50:03] Synced coin: Hyperliquid (hype)
[2025-11-23 20:50:03] Synced coin: Stellar (xlm)
[2025-11-23 20:50:03] Synced coin: WETH (weth)
[2025-11-23 20:50:03] Synced coin: Ethena USDe (usde)
[2025-11-23 20:50:03] Synced coin: Monero (xmr)
[2025-11-23 20:50:03] Synced coin: Wrapped eETH (weeth)
[2025-11-23 20:50:03] Synced coin: Coinbase Wrapped BTC (cbbtc)
[2025-11-23 20:50:03] Synced coin: Litecoin (ltc)
[2025-11-23 20:50:03] Synced coin: Hedera (hbar)
[2025-11-23 20:50:03] Synced coin: Avalanche (avax)
[2025-11-23 20:50:03] Synced coin: Sui (sui)
[2025-11-23 20:50:03] Synced coin: Shiba Inu (shib)
[2025-11-23 20:50:03] Synced coin: Dai (dai)
[2025-11-23 20:50:03] Synced coin: Ethena Staked USDe (susde)
[2025-11-23 20:50:03] Synced coin: World Liberty Financial (wlfi)
[2025-11-23 20:50:03] Synced coin: Cronos (cro)
[2025-11-23 20:50:03] Synced coin: USDT0 (usdt0)
[2025-11-23 20:50:03] Synced coin: Uniswap (uni)
[2025-11-23 20:50:03] Synced coin: sUSDS (susds)
[2025-11-23 20:50:03] Synced coin: Polkadot (dot)
[2025-11-23 20:50:03] Synced coin: Toncoin (ton)
[2025-11-23 20:50:03] Synced coin: PayPal USD (pyusd)
[2025-11-23 20:50:03] Synced coin: Mantle (mnt)
[2025-11-23 20:50:03] Synced coin: MemeCore (m)
[2025-11-23 20:50:03] Synced coin: Bittensor (tao)
[2025-11-23 20:50:03] Synced coin: Canton (cc)
[2025-11-23 20:50:03] Synced coin: USD1 (usd1)
[2025-11-23 20:50:03] Synced coin: Currency One USD (c1usd)
[2025-11-23 20:50:03] Synced coin: Aave (aave)
[2025-11-23 20:50:03] Synced coin: Bitget Token (bgb)
[2025-11-23 20:50:03] Synced coin: NEAR Protocol (near)
[2025-11-23 20:50:03] Synced coin: BlackRock USD Institutional Digital Liquidity Fund (buidl)
[2025-11-23 20:50:03] Synced coin: Aster (aster)
[2025-11-23 20:50:03] Synced coin: OKB (okb)
[2025-11-23 20:50:03] Synced coin: Internet Computer (icp)
[2025-11-23 20:50:03] Synced coin: Falcon USD (usdf)
[2025-11-23 20:50:03] Synced coin: Ethereum Classic (etc)
[2025-11-23 20:50:03] Synced coin: Tether Gold (xaut)
[2025-11-23 20:50:03] Synced coin: Pi Network (pi)
[2025-11-23 20:50:03] Synced coin: Jito Staked SOL (jitosol)
[2025-11-23 20:50:03] Synced coin: Jupiter Perpetuals Liquidity Provider Token (jlp)
[2025-11-23 20:50:03] Synced coin: Ethena (ena)
[2025-11-23 20:50:03] Synced coin: Pepe (pepe)
[2025-11-23 20:50:03] Synced coin: Aptos (apt)
[2025-11-23 20:50:03] Synced coin: Binance-Peg WETH (weth)
[2025-11-23 20:50:03] Synced coin: Wrapped SOL (sol)
[2025-11-23 20:50:03] Synced coin: HTX DAO (htx)
[2025-11-23 20:50:03] Synced coin: Pump.fun (pump)
[2025-11-23 20:50:03] Synced coin: KuCoin (kcs)
[2025-11-23 20:50:03] Synced coin: Ondo (ondo)
[2025-11-23 20:50:03] Synced coin: POL (ex-MATIC) (pol)
[2025-11-23 20:50:03] Synced coin: Worldcoin (wld)
[2025-11-23 20:50:03] Synced coin: PAX Gold (paxg)
[2025-11-23 20:50:03] Synced coin: Provenance Blockchain (hash)
[2025-11-23 20:50:03] Synced coin: USDtb (usdtb)
[2025-11-23 20:50:03] Synced coin: BFUSD (bfusd)
[2025-11-23 20:50:03] Synced coin: syrupUSDC (syrupusdc)
[2025-11-23 20:50:03] Synced coin: Binance Bridged USDC (BNB Smart Chain) (usdc)
[2025-11-23 20:50:03] Synced coin: Official Trump (trump)
[2025-11-23 20:50:03] Synced coin: Algorand (algo)
[2025-11-23 20:50:03] Synced coin: Rocket Pool ETH (reth)
[2025-11-23 20:50:03] Synced coin: Cosmos Hub (atom)
[2025-11-23 20:50:03] Synced coin: Filecoin (fil)
[2025-11-23 20:50:03] Synced coin: Circle USYC (usyc)
[2025-11-23 20:50:03] Synced coin: Gate (gt)
[2025-11-23 20:50:03] Synced coin: Wrapped BNB (wbnb)
[2025-11-23 20:50:03] Synced coin: Global Dollar (usdg)
[2025-11-23 20:50:03] Synced coin: Ripple USD (rlusd)
[2025-11-23 20:50:03] Synced coin: Arbitrum (arb)
[2025-11-23 20:50:03] Synced coin: Binance Staked SOL (bnsol)
[2025-11-23 20:50:03] Synced coin: VeChain (vet)
[2025-11-23 20:50:03] Synced coin: Quant (qnt)
[2025-11-23 20:50:03] Synced coin: Kaspa (kas)
[2025-11-23 20:50:03] Synced coin: Flare (flr)
[2025-11-23 20:50:03] Synced coin: Function FBTC (fbtc)
[2025-11-23 20:50:03] Synced coin: Kelp DAO Restaked ETH (rseth)
[2025-11-23 20:50:03] Synced coin: Lombard Staked BTC (lbtc)
[2025-11-23 20:50:03] Synced coin: Kinetiq Staked HYPE (khype)
[2025-11-23 20:50:03] Sync completed successfully.
[2025-11-23 20:55:01] Synced coin: Bitcoin (btc)
[2025-11-23 20:55:01] Synced coin: Ethereum (eth)
[2025-11-23 20:55:01] Synced coin: Tether (usdt)
[2025-11-23 20:55:01] Synced coin: XRP (xrp)
[2025-11-23 20:55:01] Synced coin: BNB (bnb)
[2025-11-23 20:55:01] Synced coin: USDC (usdc)
[2025-11-23 20:55:01] Synced coin: Solana (sol)
[2025-11-23 20:55:01] Synced coin: TRON (trx)
[2025-11-23 20:55:01] Synced coin: Lido Staked Ether (steth)
[2025-11-23 20:55:01] Synced coin: Dogecoin (doge)
[2025-11-23 20:55:01] Synced coin: Cardano (ada)
[2025-11-23 20:55:01] Synced coin: Figure Heloc (figr_heloc)
[2025-11-23 20:55:01] Synced coin: WhiteBIT Coin (wbt)
[2025-11-23 20:55:01] Synced coin: Wrapped stETH (wsteth)
[2025-11-23 20:55:01] Synced coin: Bitcoin Cash (bch)
[2025-11-23 20:55:01] Synced coin: Wrapped Bitcoin (wbtc)
[2025-11-23 20:55:01] Synced coin: Wrapped Beacon ETH (wbeth)
[2025-11-23 20:55:01] Synced coin: Zcash (zec)
[2025-11-23 20:55:01] Synced coin: USDS (usds)
[2025-11-23 20:55:01] Synced coin: Binance Bridged USDT (BNB Smart Chain) (bsc-usd)
[2025-11-23 20:55:01] Synced coin: Chainlink (link)
[2025-11-23 20:55:01] Synced coin: LEO Token (leo)
[2025-11-23 20:55:01] Synced coin: Hyperliquid (hype)
[2025-11-23 20:55:01] Synced coin: Stellar (xlm)
[2025-11-23 20:55:01] Synced coin: WETH (weth)
[2025-11-23 20:55:01] Synced coin: Ethena USDe (usde)
[2025-11-23 20:55:01] Synced coin: Monero (xmr)
[2025-11-23 20:55:01] Synced coin: Wrapped eETH (weeth)
[2025-11-23 20:55:01] Synced coin: Coinbase Wrapped BTC (cbbtc)
[2025-11-23 20:55:01] Synced coin: Litecoin (ltc)
[2025-11-23 20:55:01] Synced coin: Hedera (hbar)
[2025-11-23 20:55:01] Synced coin: Avalanche (avax)
[2025-11-23 20:55:01] Synced coin: Sui (sui)
[2025-11-23 20:55:01] Synced coin: Shiba Inu (shib)
[2025-11-23 20:55:01] Synced coin: Dai (dai)
[2025-11-23 20:55:01] Synced coin: Ethena Staked USDe (susde)
[2025-11-23 20:55:01] Synced coin: World Liberty Financial (wlfi)
[2025-11-23 20:55:01] Synced coin: Cronos (cro)
[2025-11-23 20:55:01] Synced coin: USDT0 (usdt0)
[2025-11-23 20:55:01] Synced coin: Uniswap (uni)
[2025-11-23 20:55:01] Synced coin: sUSDS (susds)
[2025-11-23 20:55:01] Synced coin: Polkadot (dot)
[2025-11-23 20:55:01] Synced coin: Toncoin (ton)
[2025-11-23 20:55:01] Synced coin: PayPal USD (pyusd)
[2025-11-23 20:55:01] Synced coin: Mantle (mnt)
[2025-11-23 20:55:01] Synced coin: MemeCore (m)
[2025-11-23 20:55:01] Synced coin: Bittensor (tao)
[2025-11-23 20:55:01] Synced coin: Canton (cc)
[2025-11-23 20:55:01] Synced coin: USD1 (usd1)
[2025-11-23 20:55:01] Synced coin: Currency One USD (c1usd)
[2025-11-23 20:55:01] Synced coin: Aave (aave)
[2025-11-23 20:55:01] Synced coin: Bitget Token (bgb)
[2025-11-23 20:55:01] Synced coin: NEAR Protocol (near)
[2025-11-23 20:55:01] Synced coin: BlackRock USD Institutional Digital Liquidity Fund (buidl)
[2025-11-23 20:55:01] Synced coin: Aster (aster)
[2025-11-23 20:55:01] Synced coin: Internet Computer (icp)
[2025-11-23 20:55:01] Synced coin: OKB (okb)
[2025-11-23 20:55:01] Synced coin: Falcon USD (usdf)
[2025-11-23 20:55:01] Synced coin: Ethereum Classic (etc)
[2025-11-23 20:55:01] Synced coin: Tether Gold (xaut)
[2025-11-23 20:55:01] Synced coin: Pi Network (pi)
[2025-11-23 20:55:01] Synced coin: Jito Staked SOL (jitosol)
[2025-11-23 20:55:01] Synced coin: Jupiter Perpetuals Liquidity Provider Token (jlp)
[2025-11-23 20:55:01] Synced coin: Ethena (ena)
[2025-11-23 20:55:01] Synced coin: Pepe (pepe)
[2025-11-23 20:55:01] Synced coin: Aptos (apt)
[2025-11-23 20:55:01] Synced coin: Binance-Peg WETH (weth)
[2025-11-23 20:55:01] Synced coin: Wrapped SOL (sol)
[2025-11-23 20:55:01] Synced coin: HTX DAO (htx)
[2025-11-23 20:55:01] Synced coin: Pump.fun (pump)
[2025-11-23 20:55:01] Synced coin: KuCoin (kcs)
[2025-11-23 20:55:01] Synced coin: Ondo (ondo)
[2025-11-23 20:55:01] Synced coin: POL (ex-MATIC) (pol)
[2025-11-23 20:55:01] Synced coin: Worldcoin (wld)
[2025-11-23 20:55:01] Synced coin: PAX Gold (paxg)
[2025-11-23 20:55:01] Synced coin: Provenance Blockchain (hash)
[2025-11-23 20:55:01] Synced coin: USDtb (usdtb)
[2025-11-23 20:55:01] Synced coin: BFUSD (bfusd)
[2025-11-23 20:55:01] Synced coin: syrupUSDC (syrupusdc)
[2025-11-23 20:55:01] Synced coin: Binance Bridged USDC (BNB Smart Chain) (usdc)
[2025-11-23 20:55:01] Synced coin: Official Trump (trump)
[2025-11-23 20:55:01] Synced coin: Algorand (algo)
[2025-11-23 20:55:01] Synced coin: Rocket Pool ETH (reth)
[2025-11-23 20:55:01] Synced coin: Cosmos Hub (atom)
[2025-11-23 20:55:01] Synced coin: Filecoin (fil)
[2025-11-23 20:55:01] Synced coin: Circle USYC (usyc)
[2025-11-23 20:55:01] Synced coin: Gate (gt)
[2025-11-23 20:55:01] Synced coin: Wrapped BNB (wbnb)
[2025-11-23 20:55:01] Synced coin: Global Dollar (usdg)
[2025-11-23 20:55:01] Synced coin: Ripple USD (rlusd)
[2025-11-23 20:55:01] Synced coin: Arbitrum (arb)
[2025-11-23 20:55:01] Synced coin: Binance Staked SOL (bnsol)
[2025-11-23 20:55:01] Synced coin: VeChain (vet)
[2025-11-23 20:55:01] Synced coin: Quant (qnt)
[2025-11-23 20:55:01] Synced coin: Kaspa (kas)
[2025-11-23 20:55:01] Synced coin: Flare (flr)
[2025-11-23 20:55:01] Synced coin: Function FBTC (fbtc)
[2025-11-23 20:55:01] Synced coin: Kelp DAO Restaked ETH (rseth)
[2025-11-23 20:55:01] Synced coin: Lombard Staked BTC (lbtc)
[2025-11-23 20:55:01] Synced coin: Kinetiq Staked HYPE (khype)
[2025-11-23 20:55:01] Sync completed successfully.
[2025-11-23 21:00:03] Synced coin: Bitcoin (btc)
[2025-11-23 21:00:03] Synced coin: Ethereum (eth)
[2025-11-23 21:00:03] Synced coin: Tether (usdt)
[2025-11-23 21:00:03] Synced coin: XRP (xrp)
[2025-11-23 21:00:03] Synced coin: BNB (bnb)
[2025-11-23 21:00:03] Synced coin: USDC (usdc)
[2025-11-23 21:00:03] Synced coin: Solana (sol)
[2025-11-23 21:00:03] Synced coin: TRON (trx)
[2025-11-23 21:00:03] Synced coin: Lido Staked Ether (steth)
[2025-11-23 21:00:03] Synced coin: Dogecoin (doge)
[2025-11-23 21:00:03] Synced coin: Cardano (ada)
[2025-11-23 21:00:03] Synced coin: Figure Heloc (figr_heloc)
[2025-11-23 21:00:03] Synced coin: WhiteBIT Coin (wbt)
[2025-11-23 21:00:03] Synced coin: Wrapped stETH (wsteth)
[2025-11-23 21:00:03] Synced coin: Bitcoin Cash (bch)
[2025-11-23 21:00:03] Synced coin: Wrapped Bitcoin (wbtc)
[2025-11-23 21:00:03] Synced coin: Wrapped Beacon ETH (wbeth)
[2025-11-23 21:00:03] Synced coin: Zcash (zec)
[2025-11-23 21:00:03] Synced coin: USDS (usds)
[2025-11-23 21:00:03] Synced coin: Binance Bridged USDT (BNB Smart Chain) (bsc-usd)
[2025-11-23 21:00:03] Synced coin: Chainlink (link)
[2025-11-23 21:00:03] Synced coin: LEO Token (leo)
[2025-11-23 21:00:03] Synced coin: Hyperliquid (hype)
[2025-11-23 21:00:03] Synced coin: Stellar (xlm)
[2025-11-23 21:00:03] Synced coin: WETH (weth)
[2025-11-23 21:00:03] Synced coin: Ethena USDe (usde)
[2025-11-23 21:00:03] Synced coin: Monero (xmr)
[2025-11-23 21:00:03] Synced coin: Wrapped eETH (weeth)
[2025-11-23 21:00:03] Synced coin: Coinbase Wrapped BTC (cbbtc)
[2025-11-23 21:00:03] Synced coin: Litecoin (ltc)
[2025-11-23 21:00:03] Synced coin: Hedera (hbar)
[2025-11-23 21:00:03] Synced coin: Avalanche (avax)
[2025-11-23 21:00:03] Synced coin: Sui (sui)
[2025-11-23 21:00:03] Synced coin: Shiba Inu (shib)
[2025-11-23 21:00:03] Synced coin: Dai (dai)
[2025-11-23 21:00:03] Synced coin: Ethena Staked USDe (susde)
[2025-11-23 21:00:03] Synced coin: World Liberty Financial (wlfi)
[2025-11-23 21:00:03] Synced coin: Cronos (cro)
[2025-11-23 21:00:03] Synced coin: USDT0 (usdt0)
[2025-11-23 21:00:03] Synced coin: Uniswap (uni)
[2025-11-23 21:00:03] Synced coin: sUSDS (susds)
[2025-11-23 21:00:03] Synced coin: Polkadot (dot)
[2025-11-23 21:00:03] Synced coin: Toncoin (ton)
[2025-11-23 21:00:03] Synced coin: PayPal USD (pyusd)
[2025-11-23 21:00:03] Synced coin: Mantle (mnt)
[2025-11-23 21:00:03] Synced coin: MemeCore (m)
[2025-11-23 21:00:03] Synced coin: Bittensor (tao)
[2025-11-23 21:00:03] Synced coin: Canton (cc)
[2025-11-23 21:00:03] Synced coin: USD1 (usd1)
[2025-11-23 21:00:03] Synced coin: Currency One USD (c1usd)
[2025-11-23 21:00:03] Synced coin: Aave (aave)
[2025-11-23 21:00:03] Synced coin: Bitget Token (bgb)
[2025-11-23 21:00:03] Synced coin: NEAR Protocol (near)
[2025-11-23 21:00:03] Synced coin: BlackRock USD Institutional Digital Liquidity Fund (buidl)
[2025-11-23 21:00:03] Synced coin: Aster (aster)
[2025-11-23 21:00:03] Synced coin: Internet Computer (icp)
[2025-11-23 21:00:03] Synced coin: OKB (okb)
[2025-11-23 21:00:03] Synced coin: Falcon USD (usdf)
[2025-11-23 21:00:03] Synced coin: Ethereum Classic (etc)
[2025-11-23 21:00:03] Synced coin: Tether Gold (xaut)
[2025-11-23 21:00:03] Synced coin: Pi Network (pi)
[2025-11-23 21:00:03] Synced coin: Jito Staked SOL (jitosol)
[2025-11-23 21:00:03] Synced coin: Jupiter Perpetuals Liquidity Provider Token (jlp)
[2025-11-23 21:00:03] Synced coin: Ethena (ena)
[2025-11-23 21:00:03] Synced coin: Pepe (pepe)
[2025-11-23 21:00:03] Synced coin: Aptos (apt)
[2025-11-23 21:00:03] Synced coin: Binance-Peg WETH (weth)
[2025-11-23 21:00:03] Synced coin: Wrapped SOL (sol)
[2025-11-23 21:00:03] Synced coin: HTX DAO (htx)
[2025-11-23 21:00:03] Synced coin: Pump.fun (pump)
[2025-11-23 21:00:03] Synced coin: KuCoin (kcs)
[2025-11-23 21:00:03] Synced coin: Ondo (ondo)
[2025-11-23 21:00:03] Synced coin: POL (ex-MATIC) (pol)
[2025-11-23 21:00:03] Synced coin: Worldcoin (wld)
[2025-11-23 21:00:03] Synced coin: PAX Gold (paxg)
[2025-11-23 21:00:03] Synced coin: Provenance Blockchain (hash)
[2025-11-23 21:00:03] Synced coin: USDtb (usdtb)
[2025-11-23 21:00:03] Synced coin: BFUSD (bfusd)
[2025-11-23 21:00:03] Synced coin: syrupUSDC (syrupusdc)
[2025-11-23 21:00:03] Synced coin: Binance Bridged USDC (BNB Smart Chain) (usdc)
[2025-11-23 21:00:03] Synced coin: Official Trump (trump)
[2025-11-23 21:00:03] Synced coin: Algorand (algo)
[2025-11-23 21:00:03] Synced coin: Rocket Pool ETH (reth)
[2025-11-23 21:00:03] Synced coin: Cosmos Hub (atom)
[2025-11-23 21:00:03] Synced coin: Filecoin (fil)
[2025-11-23 21:00:03] Synced coin: Gate (gt)
[2025-11-23 21:00:03] Synced coin: Circle USYC (usyc)
[2025-11-23 21:00:03] Synced coin: Wrapped BNB (wbnb)
[2025-11-23 21:00:03] Synced coin: Global Dollar (usdg)
[2025-11-23 21:00:03] Synced coin: Ripple USD (rlusd)
[2025-11-23 21:00:03] Synced coin: Arbitrum (arb)
[2025-11-23 21:00:03] Synced coin: Binance Staked SOL (bnsol)
[2025-11-23 21:00:03] Synced coin: VeChain (vet)
[2025-11-23 21:00:03] Synced coin: Quant (qnt)
[2025-11-23 21:00:03] Synced coin: Kaspa (kas)
[2025-11-23 21:00:03] Synced coin: Flare (flr)
[2025-11-23 21:00:03] Synced coin: Function FBTC (fbtc)
[2025-11-23 21:00:03] Synced coin: Kelp DAO Restaked ETH (rseth)
[2025-11-23 21:00:03] Synced coin: Lombard Staked BTC (lbtc)
[2025-11-23 21:00:03] Synced coin: Kinetiq Staked HYPE (khype)
[2025-11-23 21:00:03] Sync completed successfully.
[2025-11-23 21:05:02] Synced coin: Bitcoin (btc)
[2025-11-23 21:05:02] Synced coin: Ethereum (eth)
[2025-11-23 21:05:02] Synced coin: Tether (usdt)
[2025-11-23 21:05:02] Synced coin: XRP (xrp)
[2025-11-23 21:05:02] Synced coin: BNB (bnb)
[2025-11-23 21:05:02] Synced coin: USDC (usdc)
[2025-11-23 21:05:02] Synced coin: Solana (sol)
[2025-11-23 21:05:02] Synced coin: TRON (trx)
[2025-11-23 21:05:02] Synced coin: Lido Staked Ether (steth)
[2025-11-23 21:05:02] Synced coin: Dogecoin (doge)
[2025-11-23 21:05:02] Synced coin: Cardano (ada)
[2025-11-23 21:05:02] Synced coin: Figure Heloc (figr_heloc)
[2025-11-23 21:05:02] Synced coin: WhiteBIT Coin (wbt)
[2025-11-23 21:05:02] Synced coin: Wrapped stETH (wsteth)
[2025-11-23 21:05:02] Synced coin: Bitcoin Cash (bch)
[2025-11-23 21:05:02] Synced coin: Wrapped Bitcoin (wbtc)
[2025-11-23 21:05:02] Synced coin: Wrapped Beacon ETH (wbeth)
[2025-11-23 21:05:02] Synced coin: Zcash (zec)
[2025-11-23 21:05:02] Synced coin: USDS (usds)
[2025-11-23 21:05:02] Synced coin: Binance Bridged USDT (BNB Smart Chain) (bsc-usd)
[2025-11-23 21:05:02] Synced coin: Chainlink (link)
[2025-11-23 21:05:02] Synced coin: LEO Token (leo)
[2025-11-23 21:05:02] Synced coin: Hyperliquid (hype)
[2025-11-23 21:05:02] Synced coin: Stellar (xlm)
[2025-11-23 21:05:02] Synced coin: WETH (weth)
[2025-11-23 21:05:02] Synced coin: Ethena USDe (usde)
[2025-11-23 21:05:02] Synced coin: Monero (xmr)
[2025-11-23 21:05:02] Synced coin: Wrapped eETH (weeth)
[2025-11-23 21:05:02] Synced coin: Coinbase Wrapped BTC (cbbtc)
[2025-11-23 21:05:02] Synced coin: Litecoin (ltc)
[2025-11-23 21:05:02] Synced coin: Hedera (hbar)
[2025-11-23 21:05:02] Synced coin: Avalanche (avax)
[2025-11-23 21:05:02] Synced coin: Sui (sui)
[2025-11-23 21:05:02] Synced coin: Shiba Inu (shib)
[2025-11-23 21:05:02] Synced coin: Dai (dai)
[2025-11-23 21:05:02] Synced coin: Ethena Staked USDe (susde)
[2025-11-23 21:05:02] Synced coin: World Liberty Financial (wlfi)
[2025-11-23 21:05:02] Synced coin: Cronos (cro)
[2025-11-23 21:05:02] Synced coin: USDT0 (usdt0)
[2025-11-23 21:05:02] Synced coin: Uniswap (uni)
[2025-11-23 21:05:02] Synced coin: Polkadot (dot)
[2025-11-23 21:05:02] Synced coin: sUSDS (susds)
[2025-11-23 21:05:02] Synced coin: Toncoin (ton)
[2025-11-23 21:05:02] Synced coin: PayPal USD (pyusd)
[2025-11-23 21:05:02] Synced coin: Mantle (mnt)
[2025-11-23 21:05:02] Synced coin: MemeCore (m)
[2025-11-23 21:05:02] Synced coin: Bittensor (tao)
[2025-11-23 21:05:02] Synced coin: Canton (cc)
[2025-11-23 21:05:02] Synced coin: USD1 (usd1)
[2025-11-23 21:05:02] Synced coin: Currency One USD (c1usd)
[2025-11-23 21:05:02] Synced coin: Aave (aave)
[2025-11-23 21:05:02] Synced coin: Bitget Token (bgb)
[2025-11-23 21:05:02] Synced coin: NEAR Protocol (near)
[2025-11-23 21:05:02] Synced coin: BlackRock USD Institutional Digital Liquidity Fund (buidl)
[2025-11-23 21:05:02] Synced coin: Aster (aster)
[2025-11-23 21:05:02] Synced coin: Internet Computer (icp)
[2025-11-23 21:05:02] Synced coin: OKB (okb)
[2025-11-23 21:05:02] Synced coin: Falcon USD (usdf)
[2025-11-23 21:05:02] Synced coin: Ethereum Classic (etc)
[2025-11-23 21:05:02] Synced coin: Tether Gold (xaut)
[2025-11-23 21:05:02] Synced coin: Pi Network (pi)
[2025-11-23 21:05:02] Synced coin: Jito Staked SOL (jitosol)
[2025-11-23 21:05:02] Synced coin: Jupiter Perpetuals Liquidity Provider Token (jlp)
[2025-11-23 21:05:02] Synced coin: Ethena (ena)
[2025-11-23 21:05:02] Synced coin: Pepe (pepe)
[2025-11-23 21:05:02] Synced coin: Aptos (apt)
[2025-11-23 21:05:02] Synced coin: Binance-Peg WETH (weth)
[2025-11-23 21:05:02] Synced coin: Wrapped SOL (sol)
[2025-11-23 21:05:02] Synced coin: HTX DAO (htx)
[2025-11-23 21:05:02] Synced coin: Pump.fun (pump)
[2025-11-23 21:05:02] Synced coin: KuCoin (kcs)
[2025-11-23 21:05:02] Synced coin: Ondo (ondo)
[2025-11-23 21:05:02] Synced coin: Worldcoin (wld)
[2025-11-23 21:05:02] Synced coin: POL (ex-MATIC) (pol)
[2025-11-23 21:05:02] Synced coin: PAX Gold (paxg)
[2025-11-23 21:05:02] Synced coin: Provenance Blockchain (hash)
[2025-11-23 21:05:02] Synced coin: USDtb (usdtb)
[2025-11-23 21:05:02] Synced coin: BFUSD (bfusd)
[2025-11-23 21:05:02] Synced coin: syrupUSDC (syrupusdc)
[2025-11-23 21:05:02] Synced coin: Binance Bridged USDC (BNB Smart Chain) (usdc)
[2025-11-23 21:05:02] Synced coin: Official Trump (trump)
[2025-11-23 21:05:02] Synced coin: Algorand (algo)
[2025-11-23 21:05:02] Synced coin: Rocket Pool ETH (reth)
[2025-11-23 21:05:02] Synced coin: Cosmos Hub (atom)
[2025-11-23 21:05:02] Synced coin: Filecoin (fil)
[2025-11-23 21:05:02] Synced coin: Gate (gt)
[2025-11-23 21:05:02] Synced coin: Circle USYC (usyc)
[2025-11-23 21:05:02] Synced coin: Wrapped BNB (wbnb)
[2025-11-23 21:05:02] Synced coin: Global Dollar (usdg)
[2025-11-23 21:05:02] Synced coin: Ripple USD (rlusd)
[2025-11-23 21:05:02] Synced coin: Arbitrum (arb)
[2025-11-23 21:05:02] Synced coin: Binance Staked SOL (bnsol)
[2025-11-23 21:05:02] Synced coin: Quant (qnt)
[2025-11-23 21:05:02] Synced coin: VeChain (vet)
[2025-11-23 21:05:02] Synced coin: Kaspa (kas)
[2025-11-23 21:05:02] Synced coin: Flare (flr)
[2025-11-23 21:05:02] Synced coin: Function FBTC (fbtc)
[2025-11-23 21:05:02] Synced coin: Kelp DAO Restaked ETH (rseth)
[2025-11-23 21:05:02] Synced coin: Lombard Staked BTC (lbtc)
[2025-11-23 21:05:02] Synced coin: Kinetiq Staked HYPE (khype)
[2025-11-23 21:05:02] Sync completed successfully.
[2025-11-23 21:10:01] Synced coin: Bitcoin (btc)
[2025-11-23 21:10:01] Synced coin: Ethereum (eth)
[2025-11-23 21:10:01] Synced coin: Tether (usdt)
[2025-11-23 21:10:01] Synced coin: XRP (xrp)
[2025-11-23 21:10:01] Synced coin: BNB (bnb)
[2025-11-23 21:10:01] Synced coin: USDC (usdc)
[2025-11-23 21:10:01] Synced coin: Solana (sol)
[2025-11-23 21:10:01] Synced coin: TRON (trx)
[2025-11-23 21:10:01] Synced coin: Lido Staked Ether (steth)
[2025-11-23 21:10:01] Synced coin: Dogecoin (doge)
[2025-11-23 21:10:01] Synced coin: Cardano (ada)
[2025-11-23 21:10:01] Synced coin: Figure Heloc (figr_heloc)
[2025-11-23 21:10:01] Synced coin: WhiteBIT Coin (wbt)
[2025-11-23 21:10:01] Synced coin: Wrapped stETH (wsteth)
[2025-11-23 21:10:01] Synced coin: Bitcoin Cash (bch)
[2025-11-23 21:10:01] Synced coin: Wrapped Bitcoin (wbtc)
[2025-11-23 21:10:01] Synced coin: Wrapped Beacon ETH (wbeth)
[2025-11-23 21:10:01] Synced coin: Zcash (zec)
[2025-11-23 21:10:01] Synced coin: USDS (usds)
[2025-11-23 21:10:01] Synced coin: Binance Bridged USDT (BNB Smart Chain) (bsc-usd)
[2025-11-23 21:10:01] Synced coin: Chainlink (link)
[2025-11-23 21:10:01] Synced coin: LEO Token (leo)
[2025-11-23 21:10:01] Synced coin: Hyperliquid (hype)
[2025-11-23 21:10:02] Synced coin: Stellar (xlm)
[2025-11-23 21:10:02] Synced coin: WETH (weth)
[2025-11-23 21:10:02] Synced coin: Ethena USDe (usde)
[2025-11-23 21:10:02] Synced coin: Monero (xmr)
[2025-11-23 21:10:02] Synced coin: Wrapped eETH (weeth)
[2025-11-23 21:10:02] Synced coin: Coinbase Wrapped BTC (cbbtc)
[2025-11-23 21:10:02] Synced coin: Litecoin (ltc)
[2025-11-23 21:10:02] Synced coin: Hedera (hbar)
[2025-11-23 21:10:02] Synced coin: Avalanche (avax)
[2025-11-23 21:10:02] Synced coin: Sui (sui)
[2025-11-23 21:10:02] Synced coin: Shiba Inu (shib)
[2025-11-23 21:10:02] Synced coin: Dai (dai)
[2025-11-23 21:10:02] Synced coin: Ethena Staked USDe (susde)
[2025-11-23 21:10:02] Synced coin: World Liberty Financial (wlfi)
[2025-11-23 21:10:02] Synced coin: Cronos (cro)
[2025-11-23 21:10:02] Synced coin: USDT0 (usdt0)
[2025-11-23 21:10:02] Synced coin: Uniswap (uni)
[2025-11-23 21:10:02] Synced coin: Polkadot (dot)
[2025-11-23 21:10:02] Synced coin: sUSDS (susds)
[2025-11-23 21:10:02] Synced coin: Toncoin (ton)
[2025-11-23 21:10:02] Synced coin: PayPal USD (pyusd)
[2025-11-23 21:10:02] Synced coin: Mantle (mnt)
[2025-11-23 21:10:02] Synced coin: MemeCore (m)
[2025-11-23 21:10:02] Synced coin: Bittensor (tao)
[2025-11-23 21:10:02] Synced coin: Canton (cc)
[2025-11-23 21:10:02] Synced coin: USD1 (usd1)
[2025-11-23 21:10:02] Synced coin: Currency One USD (c1usd)
[2025-11-23 21:10:02] Synced coin: Aave (aave)
[2025-11-23 21:10:02] Synced coin: Bitget Token (bgb)
[2025-11-23 21:10:02] Synced coin: NEAR Protocol (near)
[2025-11-23 21:10:02] Synced coin: BlackRock USD Institutional Digital Liquidity Fund (buidl)
[2025-11-23 21:10:02] Synced coin: Aster (aster)
[2025-11-23 21:10:02] Synced coin: Internet Computer (icp)
[2025-11-23 21:10:02] Synced coin: OKB (okb)
[2025-11-23 21:10:02] Synced coin: Falcon USD (usdf)
[2025-11-23 21:10:02] Synced coin: Ethereum Classic (etc)
[2025-11-23 21:10:02] Synced coin: Tether Gold (xaut)
[2025-11-23 21:10:02] Synced coin: Pi Network (pi)
[2025-11-23 21:10:02] Synced coin: Jito Staked SOL (jitosol)
[2025-11-23 21:10:02] Synced coin: Jupiter Perpetuals Liquidity Provider Token (jlp)
[2025-11-23 21:10:02] Synced coin: Ethena (ena)
[2025-11-23 21:10:02] Synced coin: Pepe (pepe)
[2025-11-23 21:10:02] Synced coin: Aptos (apt)
[2025-11-23 21:10:02] Synced coin: Binance-Peg WETH (weth)
[2025-11-23 21:10:02] Synced coin: Wrapped SOL (sol)
[2025-11-23 21:10:02] Synced coin: HTX DAO (htx)
[2025-11-23 21:10:02] Synced coin: Pump.fun (pump)
[2025-11-23 21:10:02] Synced coin: KuCoin (kcs)
[2025-11-23 21:10:02] Synced coin: Ondo (ondo)
[2025-11-23 21:10:02] Synced coin: Worldcoin (wld)
[2025-11-23 21:10:02] Synced coin: POL (ex-MATIC) (pol)
[2025-11-23 21:10:02] Synced coin: PAX Gold (paxg)
[2025-11-23 21:10:02] Synced coin: Provenance Blockchain (hash)
[2025-11-23 21:10:02] Synced coin: USDtb (usdtb)
[2025-11-23 21:10:02] Synced coin: BFUSD (bfusd)
[2025-11-23 21:10:02] Synced coin: syrupUSDC (syrupusdc)
[2025-11-23 21:10:02] Synced coin: Binance Bridged USDC (BNB Smart Chain) (usdc)
[2025-11-23 21:10:02] Synced coin: Official Trump (trump)
[2025-11-23 21:10:02] Synced coin: Algorand (algo)
[2025-11-23 21:10:02] Synced coin: Rocket Pool ETH (reth)
[2025-11-23 21:10:02] Synced coin: Cosmos Hub (atom)
[2025-11-23 21:10:02] Synced coin: Filecoin (fil)
[2025-11-23 21:10:02] Synced coin: Gate (gt)
[2025-11-23 21:10:02] Synced coin: Circle USYC (usyc)
[2025-11-23 21:10:02] Synced coin: Wrapped BNB (wbnb)
[2025-11-23 21:10:02] Synced coin: Ripple USD (rlusd)
[2025-11-23 21:10:02] Synced coin: Global Dollar (usdg)
[2025-11-23 21:10:02] Synced coin: Binance Staked SOL (bnsol)
[2025-11-23 21:10:02] Synced coin: Arbitrum (arb)
[2025-11-23 21:10:02] Synced coin: Quant (qnt)
[2025-11-23 21:10:02] Synced coin: VeChain (vet)
[2025-11-23 21:10:02] Synced coin: Kaspa (kas)
[2025-11-23 21:10:02] Synced coin: Flare (flr)
[2025-11-23 21:10:02] Synced coin: Function FBTC (fbtc)
[2025-11-23 21:10:02] Synced coin: Kelp DAO Restaked ETH (rseth)
[2025-11-23 21:10:02] Synced coin: Lombard Staked BTC (lbtc)
[2025-11-23 21:10:02] Synced coin: Kinetiq Staked HYPE (khype)
[2025-11-23 21:10:02] Sync completed successfully.
[2025-11-23 21:15:01] Synced coin: Bitcoin (btc)
[2025-11-23 21:15:01] Synced coin: Ethereum (eth)
[2025-11-23 21:15:01] Synced coin: Tether (usdt)
[2025-11-23 21:15:01] Synced coin: XRP (xrp)
[2025-11-23 21:15:01] Synced coin: BNB (bnb)
[2025-11-23 21:15:01] Synced coin: USDC (usdc)
[2025-11-23 21:15:01] Synced coin: Solana (sol)
[2025-11-23 21:15:01] Synced coin: TRON (trx)
[2025-11-23 21:15:01] Synced coin: Lido Staked Ether (steth)
[2025-11-23 21:15:01] Synced coin: Dogecoin (doge)
[2025-11-23 21:15:01] Synced coin: Cardano (ada)
[2025-11-23 21:15:01] Synced coin: Figure Heloc (figr_heloc)
[2025-11-23 21:15:01] Synced coin: WhiteBIT Coin (wbt)
[2025-11-23 21:15:01] Synced coin: Wrapped stETH (wsteth)
[2025-11-23 21:15:01] Synced coin: Bitcoin Cash (bch)
[2025-11-23 21:15:01] Synced coin: Wrapped Bitcoin (wbtc)
[2025-11-23 21:15:01] Synced coin: Wrapped Beacon ETH (wbeth)
[2025-11-23 21:15:01] Synced coin: Zcash (zec)
[2025-11-23 21:15:01] Synced coin: USDS (usds)
[2025-11-23 21:15:01] Synced coin: Binance Bridged USDT (BNB Smart Chain) (bsc-usd)
[2025-11-23 21:15:01] Synced coin: Chainlink (link)
[2025-11-23 21:15:01] Synced coin: LEO Token (leo)
[2025-11-23 21:15:01] Synced coin: Hyperliquid (hype)
[2025-11-23 21:15:01] Synced coin: Stellar (xlm)
[2025-11-23 21:15:01] Synced coin: WETH (weth)
[2025-11-23 21:15:01] Synced coin: Ethena USDe (usde)
[2025-11-23 21:15:01] Synced coin: Monero (xmr)
[2025-11-23 21:15:01] Synced coin: Wrapped eETH (weeth)
[2025-11-23 21:15:01] Synced coin: Coinbase Wrapped BTC (cbbtc)
[2025-11-23 21:15:01] Synced coin: Litecoin (ltc)
[2025-11-23 21:15:01] Synced coin: Hedera (hbar)
[2025-11-23 21:15:01] Synced coin: Avalanche (avax)
[2025-11-23 21:15:01] Synced coin: Sui (sui)
[2025-11-23 21:15:01] Synced coin: Shiba Inu (shib)
[2025-11-23 21:15:01] Synced coin: Dai (dai)
[2025-11-23 21:15:01] Synced coin: Ethena Staked USDe (susde)
[2025-11-23 21:15:01] Synced coin: World Liberty Financial (wlfi)
[2025-11-23 21:15:01] Synced coin: Cronos (cro)
[2025-11-23 21:15:01] Synced coin: USDT0 (usdt0)
[2025-11-23 21:15:01] Synced coin: Uniswap (uni)
[2025-11-23 21:15:01] Synced coin: Polkadot (dot)
[2025-11-23 21:15:01] Synced coin: sUSDS (susds)
[2025-11-23 21:15:01] Synced coin: Toncoin (ton)
[2025-11-23 21:15:01] Synced coin: PayPal USD (pyusd)
[2025-11-23 21:15:01] Synced coin: Mantle (mnt)
[2025-11-23 21:15:01] Synced coin: MemeCore (m)
[2025-11-23 21:15:01] Synced coin: Bittensor (tao)
[2025-11-23 21:15:01] Synced coin: Canton (cc)
[2025-11-23 21:15:01] Synced coin: USD1 (usd1)
[2025-11-23 21:15:01] Synced coin: Currency One USD (c1usd)
[2025-11-23 21:15:01] Synced coin: Aave (aave)
[2025-11-23 21:15:01] Synced coin: Bitget Token (bgb)
[2025-11-23 21:15:01] Synced coin: NEAR Protocol (near)
[2025-11-23 21:15:01] Synced coin: BlackRock USD Institutional Digital Liquidity Fund (buidl)
[2025-11-23 21:15:01] Synced coin: Aster (aster)
[2025-11-23 21:15:01] Synced coin: Internet Computer (icp)
[2025-11-23 21:15:01] Synced coin: OKB (okb)
[2025-11-23 21:15:01] Synced coin: Falcon USD (usdf)
[2025-11-23 21:15:01] Synced coin: Ethereum Classic (etc)
[2025-11-23 21:15:01] Synced coin: Tether Gold (xaut)
[2025-11-23 21:15:01] Synced coin: Pi Network (pi)
[2025-11-23 21:15:01] Synced coin: Jito Staked SOL (jitosol)
[2025-11-23 21:15:01] Synced coin: Jupiter Perpetuals Liquidity Provider Token (jlp)
[2025-11-23 21:15:01] Synced coin: Ethena (ena)
[2025-11-23 21:15:01] Synced coin: Pepe (pepe)
[2025-11-23 21:15:01] Synced coin: Aptos (apt)
[2025-11-23 21:15:01] Synced coin: Binance-Peg WETH (weth)
[2025-11-23 21:15:01] Synced coin: Wrapped SOL (sol)
[2025-11-23 21:15:01] Synced coin: HTX DAO (htx)
[2025-11-23 21:15:01] Synced coin: Pump.fun (pump)
[2025-11-23 21:15:01] Synced coin: KuCoin (kcs)
[2025-11-23 21:15:01] Synced coin: Ondo (ondo)
[2025-11-23 21:15:01] Synced coin: Worldcoin (wld)
[2025-11-23 21:15:01] Synced coin: POL (ex-MATIC) (pol)
[2025-11-23 21:15:01] Synced coin: Provenance Blockchain (hash)
[2025-11-23 21:15:01] Synced coin: PAX Gold (paxg)
[2025-11-23 21:15:01] Synced coin: USDtb (usdtb)
[2025-11-23 21:15:01] Synced coin: BFUSD (bfusd)
[2025-11-23 21:15:01] Synced coin: syrupUSDC (syrupusdc)
[2025-11-23 21:15:01] Synced coin: Binance Bridged USDC (BNB Smart Chain) (usdc)
[2025-11-23 21:15:01] Synced coin: Official Trump (trump)
[2025-11-23 21:15:01] Synced coin: Algorand (algo)
[2025-11-23 21:15:01] Synced coin: Rocket Pool ETH (reth)
[2025-11-23 21:15:01] Synced coin: Cosmos Hub (atom)
[2025-11-23 21:15:01] Synced coin: Filecoin (fil)
[2025-11-23 21:15:01] Synced coin: Gate (gt)
[2025-11-23 21:15:01] Synced coin: Circle USYC (usyc)
[2025-11-23 21:15:01] Synced coin: Wrapped BNB (wbnb)
[2025-11-23 21:15:01] Synced coin: Ripple USD (rlusd)
[2025-11-23 21:15:01] Synced coin: Global Dollar (usdg)
[2025-11-23 21:15:01] Synced coin: Binance Staked SOL (bnsol)
[2025-11-23 21:15:01] Synced coin: Arbitrum (arb)
[2025-11-23 21:15:01] Synced coin: Quant (qnt)
[2025-11-23 21:15:01] Synced coin: VeChain (vet)
[2025-11-23 21:15:01] Synced coin: Kaspa (kas)
[2025-11-23 21:15:01] Synced coin: Flare (flr)
[2025-11-23 21:15:01] Synced coin: Function FBTC (fbtc)
[2025-11-23 21:15:01] Synced coin: Kelp DAO Restaked ETH (rseth)
[2025-11-23 21:15:01] Synced coin: Lombard Staked BTC (lbtc)
[2025-11-23 21:15:01] Synced coin: Kinetiq Staked HYPE (khype)
[2025-11-23 21:15:01] Sync completed successfully.
[2025-11-23 21:20:09] Synced coin: Bitcoin (btc)
[2025-11-23 21:20:09] Synced coin: Ethereum (eth)
[2025-11-23 21:20:09] Synced coin: Tether (usdt)
[2025-11-23 21:20:09] Synced coin: XRP (xrp)
[2025-11-23 21:20:09] Synced coin: BNB (bnb)
[2025-11-23 21:20:09] Synced coin: USDC (usdc)
[2025-11-23 21:20:09] Synced coin: Solana (sol)
[2025-11-23 21:20:09] Synced coin: TRON (trx)
[2025-11-23 21:20:09] Synced coin: Lido Staked Ether (steth)
[2025-11-23 21:20:09] Synced coin: Dogecoin (doge)
[2025-11-23 21:20:09] Synced coin: Cardano (ada)
[2025-11-23 21:20:10] Synced coin: Figure Heloc (figr_heloc)
[2025-11-23 21:20:10] Synced coin: WhiteBIT Coin (wbt)
[2025-11-23 21:20:10] Synced coin: Wrapped stETH (wsteth)
[2025-11-23 21:20:10] Synced coin: Bitcoin Cash (bch)
[2025-11-23 21:20:10] Synced coin: Wrapped Bitcoin (wbtc)
[2025-11-23 21:20:10] Synced coin: Wrapped Beacon ETH (wbeth)
[2025-11-23 21:20:10] Synced coin: Zcash (zec)
[2025-11-23 21:20:10] Synced coin: USDS (usds)
[2025-11-23 21:20:10] Synced coin: Binance Bridged USDT (BNB Smart Chain) (bsc-usd)
[2025-11-23 21:20:10] Synced coin: Chainlink (link)
[2025-11-23 21:20:10] Synced coin: LEO Token (leo)
[2025-11-23 21:20:10] Synced coin: Hyperliquid (hype)
[2025-11-23 21:20:10] Synced coin: Stellar (xlm)
[2025-11-23 21:20:10] Synced coin: WETH (weth)
[2025-11-23 21:20:10] Synced coin: Ethena USDe (usde)
[2025-11-23 21:20:10] Synced coin: Monero (xmr)
[2025-11-23 21:20:10] Synced coin: Wrapped eETH (weeth)
[2025-11-23 21:20:10] Synced coin: Coinbase Wrapped BTC (cbbtc)
[2025-11-23 21:20:10] Synced coin: Litecoin (ltc)
[2025-11-23 21:20:10] Synced coin: Hedera (hbar)
[2025-11-23 21:20:10] Synced coin: Avalanche (avax)
[2025-11-23 21:20:10] Synced coin: Sui (sui)
[2025-11-23 21:20:10] Synced coin: Shiba Inu (shib)
[2025-11-23 21:20:10] Synced coin: Dai (dai)
[2025-11-23 21:20:10] Synced coin: Ethena Staked USDe (susde)
[2025-11-23 21:20:10] Synced coin: World Liberty Financial (wlfi)
[2025-11-23 21:20:10] Synced coin: Cronos (cro)
[2025-11-23 21:20:10] Synced coin: USDT0 (usdt0)
[2025-11-23 21:20:10] Synced coin: Uniswap (uni)
[2025-11-23 21:20:10] Synced coin: Polkadot (dot)
[2025-11-23 21:20:10] Synced coin: sUSDS (susds)
[2025-11-23 21:20:10] Synced coin: Toncoin (ton)
[2025-11-23 21:20:10] Synced coin: PayPal USD (pyusd)
[2025-11-23 21:20:10] Synced coin: Mantle (mnt)
[2025-11-23 21:20:10] Synced coin: MemeCore (m)
[2025-11-23 21:20:10] Synced coin: Bittensor (tao)
[2025-11-23 21:20:10] Synced coin: Canton (cc)
[2025-11-23 21:20:10] Synced coin: USD1 (usd1)
[2025-11-23 21:20:10] Synced coin: Currency One USD (c1usd)
[2025-11-23 21:20:10] Synced coin: Aave (aave)
[2025-11-23 21:20:10] Synced coin: Bitget Token (bgb)
[2025-11-23 21:20:10] Synced coin: NEAR Protocol (near)
[2025-11-23 21:20:10] Synced coin: BlackRock USD Institutional Digital Liquidity Fund (buidl)
[2025-11-23 21:20:10] Synced coin: Aster (aster)
[2025-11-23 21:20:10] Synced coin: Internet Computer (icp)
[2025-11-23 21:20:10] Synced coin: OKB (okb)
[2025-11-23 21:20:10] Synced coin: Falcon USD (usdf)
[2025-11-23 21:20:10] Synced coin: Ethereum Classic (etc)
[2025-11-23 21:20:10] Synced coin: Tether Gold (xaut)
[2025-11-23 21:20:10] Synced coin: Pi Network (pi)
[2025-11-23 21:20:10] Synced coin: Jito Staked SOL (jitosol)
[2025-11-23 21:20:10] Synced coin: Jupiter Perpetuals Liquidity Provider Token (jlp)
[2025-11-23 21:20:10] Synced coin: Ethena (ena)
[2025-11-23 21:20:10] Synced coin: Pepe (pepe)
[2025-11-23 21:20:10] Synced coin: Aptos (apt)
[2025-11-23 21:20:10] Synced coin: Binance-Peg WETH (weth)
[2025-11-23 21:20:10] Synced coin: Wrapped SOL (sol)
[2025-11-23 21:20:10] Synced coin: HTX DAO (htx)
[2025-11-23 21:20:10] Synced coin: Pump.fun (pump)
[2025-11-23 21:20:10] Synced coin: KuCoin (kcs)
[2025-11-23 21:20:10] Synced coin: Ondo (ondo)
[2025-11-23 21:20:10] Synced coin: Worldcoin (wld)
[2025-11-23 21:20:10] Synced coin: POL (ex-MATIC) (pol)
[2025-11-23 21:20:10] Synced coin: Provenance Blockchain (hash)
[2025-11-23 21:20:10] Synced coin: PAX Gold (paxg)
[2025-11-23 21:20:10] Synced coin: USDtb (usdtb)
[2025-11-23 21:20:10] Synced coin: BFUSD (bfusd)
[2025-11-23 21:20:10] Synced coin: syrupUSDC (syrupusdc)
[2025-11-23 21:20:10] Synced coin: Binance Bridged USDC (BNB Smart Chain) (usdc)
[2025-11-23 21:20:10] Synced coin: Official Trump (trump)
[2025-11-23 21:20:10] Synced coin: Algorand (algo)
[2025-11-23 21:20:10] Synced coin: Rocket Pool ETH (reth)
[2025-11-23 21:20:10] Synced coin: Cosmos Hub (atom)
[2025-11-23 21:20:10] Synced coin: Filecoin (fil)
[2025-11-23 21:20:10] Synced coin: Gate (gt)
[2025-11-23 21:20:10] Synced coin: Circle USYC (usyc)
[2025-11-23 21:20:10] Synced coin: Wrapped BNB (wbnb)
[2025-11-23 21:20:10] Synced coin: Ripple USD (rlusd)
[2025-11-23 21:20:10] Synced coin: Global Dollar (usdg)
[2025-11-23 21:20:10] Synced coin: Binance Staked SOL (bnsol)
[2025-11-23 21:20:10] Synced coin: Arbitrum (arb)
[2025-11-23 21:20:10] Synced coin: Quant (qnt)
[2025-11-23 21:20:10] Synced coin: VeChain (vet)
[2025-11-23 21:20:10] Synced coin: Kaspa (kas)
[2025-11-23 21:20:10] Synced coin: Flare (flr)
[2025-11-23 21:20:10] Synced coin: Function FBTC (fbtc)
[2025-11-23 21:20:10] Synced coin: Kelp DAO Restaked ETH (rseth)
[2025-11-23 21:20:10] Synced coin: Lombard Staked BTC (lbtc)
[2025-11-23 21:20:10] Synced coin: Kinetiq Staked HYPE (khype)
[2025-11-23 21:20:10] Sync completed successfully.
[2025-11-23 21:25:03] Synced coin: Bitcoin (btc)
[2025-11-23 21:25:03] Synced coin: Ethereum (eth)
[2025-11-23 21:25:03] Synced coin: Tether (usdt)
[2025-11-23 21:25:03] Synced coin: XRP (xrp)
[2025-11-23 21:25:03] Synced coin: BNB (bnb)
[2025-11-23 21:25:03] Synced coin: USDC (usdc)
[2025-11-23 21:25:03] Synced coin: Solana (sol)
[2025-11-23 21:25:03] Synced coin: TRON (trx)
[2025-11-23 21:25:03] Synced coin: Lido Staked Ether (steth)
[2025-11-23 21:25:03] Synced coin: Dogecoin (doge)
[2025-11-23 21:25:03] Synced coin: Cardano (ada)
[2025-11-23 21:25:03] Synced coin: Figure Heloc (figr_heloc)
[2025-11-23 21:25:03] Synced coin: WhiteBIT Coin (wbt)
[2025-11-23 21:25:03] Synced coin: Wrapped stETH (wsteth)
[2025-11-23 21:25:03] Synced coin: Bitcoin Cash (bch)
[2025-11-23 21:25:03] Synced coin: Wrapped Bitcoin (wbtc)
[2025-11-23 21:25:03] Synced coin: Wrapped Beacon ETH (wbeth)
[2025-11-23 21:25:03] Synced coin: Zcash (zec)
[2025-11-23 21:25:03] Synced coin: USDS (usds)
[2025-11-23 21:25:03] Synced coin: Binance Bridged USDT (BNB Smart Chain) (bsc-usd)
[2025-11-23 21:25:03] Synced coin: LEO Token (leo)
[2025-11-23 21:25:03] Synced coin: Chainlink (link)
[2025-11-23 21:25:03] Synced coin: Hyperliquid (hype)
[2025-11-23 21:25:03] Synced coin: Stellar (xlm)
[2025-11-23 21:25:03] Synced coin: WETH (weth)
[2025-11-23 21:25:03] Synced coin: Ethena USDe (usde)
[2025-11-23 21:25:03] Synced coin: Monero (xmr)
[2025-11-23 21:25:03] Synced coin: Wrapped eETH (weeth)
[2025-11-23 21:25:03] Synced coin: Coinbase Wrapped BTC (cbbtc)
[2025-11-23 21:25:03] Synced coin: Litecoin (ltc)
[2025-11-23 21:25:03] Synced coin: Hedera (hbar)
[2025-11-23 21:25:03] Synced coin: Avalanche (avax)
[2025-11-23 21:25:03] Synced coin: Sui (sui)
[2025-11-23 21:25:03] Synced coin: Shiba Inu (shib)
[2025-11-23 21:25:03] Synced coin: Dai (dai)
[2025-11-23 21:25:03] Synced coin: Ethena Staked USDe (susde)
[2025-11-23 21:25:03] Synced coin: World Liberty Financial (wlfi)
[2025-11-23 21:25:03] Synced coin: Cronos (cro)
[2025-11-23 21:25:03] Synced coin: USDT0 (usdt0)
[2025-11-23 21:25:03] Synced coin: Uniswap (uni)
[2025-11-23 21:25:03] Synced coin: Polkadot (dot)
[2025-11-23 21:25:03] Synced coin: sUSDS (susds)
[2025-11-23 21:25:03] Synced coin: Toncoin (ton)
[2025-11-23 21:25:03] Synced coin: PayPal USD (pyusd)
[2025-11-23 21:25:03] Synced coin: Mantle (mnt)
[2025-11-23 21:25:03] Synced coin: MemeCore (m)
[2025-11-23 21:25:03] Synced coin: Bittensor (tao)
[2025-11-23 21:25:03] Synced coin: Canton (cc)
[2025-11-23 21:25:03] Synced coin: USD1 (usd1)
[2025-11-23 21:25:03] Synced coin: Currency One USD (c1usd)
[2025-11-23 21:25:03] Synced coin: Aave (aave)
[2025-11-23 21:25:03] Synced coin: Bitget Token (bgb)
[2025-11-23 21:25:03] Synced coin: NEAR Protocol (near)
[2025-11-23 21:25:03] Synced coin: BlackRock USD Institutional Digital Liquidity Fund (buidl)
[2025-11-23 21:25:03] Synced coin: Internet Computer (icp)
[2025-11-23 21:25:03] Synced coin: Aster (aster)
[2025-11-23 21:25:03] Synced coin: OKB (okb)
[2025-11-23 21:25:03] Synced coin: Falcon USD (usdf)
[2025-11-23 21:25:03] Synced coin: Ethereum Classic (etc)
[2025-11-23 21:25:03] Synced coin: Tether Gold (xaut)
[2025-11-23 21:25:03] Synced coin: Pi Network (pi)
[2025-11-23 21:25:03] Synced coin: Jito Staked SOL (jitosol)
[2025-11-23 21:25:03] Synced coin: Jupiter Perpetuals Liquidity Provider Token (jlp)
[2025-11-23 21:25:03] Synced coin: Ethena (ena)
[2025-11-23 21:25:03] Synced coin: Pepe (pepe)
[2025-11-23 21:25:03] Synced coin: Aptos (apt)
[2025-11-23 21:25:03] Synced coin: Binance-Peg WETH (weth)
[2025-11-23 21:25:03] Synced coin: Wrapped SOL (sol)
[2025-11-23 21:25:03] Synced coin: HTX DAO (htx)
[2025-11-23 21:25:03] Synced coin: Pump.fun (pump)
[2025-11-23 21:25:03] Synced coin: KuCoin (kcs)
[2025-11-23 21:25:03] Synced coin: Ondo (ondo)
[2025-11-23 21:25:03] Synced coin: POL (ex-MATIC) (pol)
[2025-11-23 21:25:03] Synced coin: Worldcoin (wld)
[2025-11-23 21:25:03] Synced coin: Provenance Blockchain (hash)
[2025-11-23 21:25:03] Synced coin: PAX Gold (paxg)
[2025-11-23 21:25:03] Synced coin: USDtb (usdtb)
[2025-11-23 21:25:03] Synced coin: BFUSD (bfusd)
[2025-11-23 21:25:03] Synced coin: syrupUSDC (syrupusdc)
[2025-11-23 21:25:03] Synced coin: Binance Bridged USDC (BNB Smart Chain) (usdc)
[2025-11-23 21:25:03] Synced coin: Official Trump (trump)
[2025-11-23 21:25:03] Synced coin: Algorand (algo)
[2025-11-23 21:25:03] Synced coin: Rocket Pool ETH (reth)
[2025-11-23 21:25:03] Synced coin: Cosmos Hub (atom)
[2025-11-23 21:25:03] Synced coin: Filecoin (fil)
[2025-11-23 21:25:03] Synced coin: Circle USYC (usyc)
[2025-11-23 21:25:03] Synced coin: Gate (gt)
[2025-11-23 21:25:03] Synced coin: Wrapped BNB (wbnb)
[2025-11-23 21:25:03] Synced coin: Ripple USD (rlusd)
[2025-11-23 21:25:03] Synced coin: Global Dollar (usdg)
[2025-11-23 21:25:03] Synced coin: Binance Staked SOL (bnsol)
[2025-11-23 21:25:03] Synced coin: Arbitrum (arb)
[2025-11-23 21:25:03] Synced coin: Quant (qnt)
[2025-11-23 21:25:03] Synced coin: VeChain (vet)
[2025-11-23 21:25:03] Synced coin: Kaspa (kas)
[2025-11-23 21:25:03] Synced coin: Flare (flr)
[2025-11-23 21:25:03] Synced coin: Function FBTC (fbtc)
[2025-11-23 21:25:03] Synced coin: Kelp DAO Restaked ETH (rseth)
[2025-11-23 21:25:03] Synced coin: Lombard Staked BTC (lbtc)
[2025-11-23 21:25:03] Synced coin: Kinetiq Staked HYPE (khype)
[2025-11-23 21:25:03] Sync completed successfully.
[2025-11-23 21:30:03] Synced coin: Bitcoin (btc)
[2025-11-23 21:30:03] Synced coin: Ethereum (eth)
[2025-11-23 21:30:03] Synced coin: Tether (usdt)
[2025-11-23 21:30:03] Synced coin: XRP (xrp)
[2025-11-23 21:30:03] Synced coin: BNB (bnb)
[2025-11-23 21:30:03] Synced coin: USDC (usdc)
[2025-11-23 21:30:03] Synced coin: Solana (sol)
[2025-11-23 21:30:03] Synced coin: TRON (trx)
[2025-11-23 21:30:03] Synced coin: Lido Staked Ether (steth)
[2025-11-23 21:30:03] Synced coin: Dogecoin (doge)
[2025-11-23 21:30:03] Synced coin: Cardano (ada)
[2025-11-23 21:30:03] Synced coin: Figure Heloc (figr_heloc)
[2025-11-23 21:30:03] Synced coin: WhiteBIT Coin (wbt)
[2025-11-23 21:30:03] Synced coin: Wrapped stETH (wsteth)
[2025-11-23 21:30:03] Synced coin: Bitcoin Cash (bch)
[2025-11-23 21:30:03] Synced coin: Wrapped Bitcoin (wbtc)
[2025-11-23 21:30:03] Synced coin: Wrapped Beacon ETH (wbeth)
[2025-11-23 21:30:03] Synced coin: Zcash (zec)
[2025-11-23 21:30:03] Synced coin: USDS (usds)
[2025-11-23 21:30:03] Synced coin: Binance Bridged USDT (BNB Smart Chain) (bsc-usd)
[2025-11-23 21:30:03] Synced coin: LEO Token (leo)
[2025-11-23 21:30:03] Synced coin: Chainlink (link)
[2025-11-23 21:30:03] Synced coin: Hyperliquid (hype)
[2025-11-23 21:30:03] Synced coin: Stellar (xlm)
[2025-11-23 21:30:03] Synced coin: WETH (weth)
[2025-11-23 21:30:03] Synced coin: Ethena USDe (usde)
[2025-11-23 21:30:03] Synced coin: Monero (xmr)
[2025-11-23 21:30:03] Synced coin: Wrapped eETH (weeth)
[2025-11-23 21:30:03] Synced coin: Coinbase Wrapped BTC (cbbtc)
[2025-11-23 21:30:03] Synced coin: Litecoin (ltc)
[2025-11-23 21:30:03] Synced coin: Hedera (hbar)
[2025-11-23 21:30:03] Synced coin: Avalanche (avax)
[2025-11-23 21:30:03] Synced coin: Sui (sui)
[2025-11-23 21:30:03] Synced coin: Shiba Inu (shib)
[2025-11-23 21:30:03] Synced coin: Dai (dai)
[2025-11-23 21:30:03] Synced coin: Ethena Staked USDe (susde)
[2025-11-23 21:30:03] Synced coin: World Liberty Financial (wlfi)
[2025-11-23 21:30:03] Synced coin: Cronos (cro)
[2025-11-23 21:30:03] Synced coin: USDT0 (usdt0)
[2025-11-23 21:30:03] Synced coin: Uniswap (uni)
[2025-11-23 21:30:03] Synced coin: sUSDS (susds)
[2025-11-23 21:30:03] Synced coin: Polkadot (dot)
[2025-11-23 21:30:03] Synced coin: Toncoin (ton)
[2025-11-23 21:30:03] Synced coin: PayPal USD (pyusd)
[2025-11-23 21:30:03] Synced coin: MemeCore (m)
[2025-11-23 21:30:03] Synced coin: Mantle (mnt)
[2025-11-23 21:30:03] Synced coin: Bittensor (tao)
[2025-11-23 21:30:03] Synced coin: Canton (cc)
[2025-11-23 21:30:03] Synced coin: USD1 (usd1)
[2025-11-23 21:30:03] Synced coin: Currency One USD (c1usd)
[2025-11-23 21:30:03] Synced coin: Aave (aave)
[2025-11-23 21:30:03] Synced coin: Bitget Token (bgb)
[2025-11-23 21:30:03] Synced coin: NEAR Protocol (near)
[2025-11-23 21:30:03] Synced coin: BlackRock USD Institutional Digital Liquidity Fund (buidl)
[2025-11-23 21:30:03] Synced coin: Aster (aster)
[2025-11-23 21:30:03] Synced coin: OKB (okb)
[2025-11-23 21:30:03] Synced coin: Internet Computer (icp)
[2025-11-23 21:30:03] Synced coin: Falcon USD (usdf)
[2025-11-23 21:30:03] Synced coin: Ethereum Classic (etc)
[2025-11-23 21:30:03] Synced coin: Tether Gold (xaut)
[2025-11-23 21:30:03] Synced coin: Pi Network (pi)
[2025-11-23 21:30:03] Synced coin: Jito Staked SOL (jitosol)
[2025-11-23 21:30:03] Synced coin: Jupiter Perpetuals Liquidity Provider Token (jlp)
[2025-11-23 21:30:03] Synced coin: Ethena (ena)
[2025-11-23 21:30:03] Synced coin: Pepe (pepe)
[2025-11-23 21:30:03] Synced coin: Aptos (apt)
[2025-11-23 21:30:03] Synced coin: Binance-Peg WETH (weth)
[2025-11-23 21:30:03] Synced coin: Wrapped SOL (sol)
[2025-11-23 21:30:03] Synced coin: HTX DAO (htx)
[2025-11-23 21:30:03] Synced coin: Pump.fun (pump)
[2025-11-23 21:30:03] Synced coin: KuCoin (kcs)
[2025-11-23 21:30:03] Synced coin: Ondo (ondo)
[2025-11-23 21:30:03] Synced coin: POL (ex-MATIC) (pol)
[2025-11-23 21:30:03] Synced coin: Worldcoin (wld)
[2025-11-23 21:30:03] Synced coin: Provenance Blockchain (hash)
[2025-11-23 21:30:03] Synced coin: PAX Gold (paxg)
[2025-11-23 21:30:03] Synced coin: USDtb (usdtb)
[2025-11-23 21:30:03] Synced coin: BFUSD (bfusd)
[2025-11-23 21:30:03] Synced coin: syrupUSDC (syrupusdc)
[2025-11-23 21:30:03] Synced coin: Binance Bridged USDC (BNB Smart Chain) (usdc)
[2025-11-23 21:30:03] Synced coin: Official Trump (trump)
[2025-11-23 21:30:03] Synced coin: Algorand (algo)
[2025-11-23 21:30:03] Synced coin: Rocket Pool ETH (reth)
[2025-11-23 21:30:03] Synced coin: Cosmos Hub (atom)
[2025-11-23 21:30:03] Synced coin: Filecoin (fil)
[2025-11-23 21:30:03] Synced coin: Circle USYC (usyc)
[2025-11-23 21:30:03] Synced coin: Gate (gt)
[2025-11-23 21:30:03] Synced coin: Wrapped BNB (wbnb)
[2025-11-23 21:30:03] Synced coin: Global Dollar (usdg)
[2025-11-23 21:30:03] Synced coin: Ripple USD (rlusd)
[2025-11-23 21:30:03] Synced coin: Binance Staked SOL (bnsol)
[2025-11-23 21:30:03] Synced coin: Arbitrum (arb)
[2025-11-23 21:30:03] Synced coin: Quant (qnt)
[2025-11-23 21:30:03] Synced coin: VeChain (vet)
[2025-11-23 21:30:03] Synced coin: Kaspa (kas)
[2025-11-23 21:30:03] Synced coin: Flare (flr)
[2025-11-23 21:30:03] Synced coin: Function FBTC (fbtc)
[2025-11-23 21:30:03] Synced coin: Kelp DAO Restaked ETH (rseth)
[2025-11-23 21:30:03] Synced coin: Lombard Staked BTC (lbtc)
[2025-11-23 21:30:03] Synced coin: Kinetiq Staked HYPE (khype)
[2025-11-23 21:30:03] Sync completed successfully.
[2025-11-23 21:35:02] Synced coin: Bitcoin (btc)
[2025-11-23 21:35:02] Synced coin: Ethereum (eth)
[2025-11-23 21:35:02] Synced coin: Tether (usdt)
[2025-11-23 21:35:02] Synced coin: XRP (xrp)
[2025-11-23 21:35:02] Synced coin: BNB (bnb)
[2025-11-23 21:35:02] Synced coin: USDC (usdc)
[2025-11-23 21:35:02] Synced coin: Solana (sol)
[2025-11-23 21:35:02] Synced coin: TRON (trx)
[2025-11-23 21:35:02] Synced coin: Lido Staked Ether (steth)
[2025-11-23 21:35:02] Synced coin: Dogecoin (doge)
[2025-11-23 21:35:02] Synced coin: Cardano (ada)
[2025-11-23 21:35:02] Synced coin: Figure Heloc (figr_heloc)
[2025-11-23 21:35:02] Synced coin: WhiteBIT Coin (wbt)
[2025-11-23 21:35:02] Synced coin: Wrapped stETH (wsteth)
[2025-11-23 21:35:02] Synced coin: Bitcoin Cash (bch)
[2025-11-23 21:35:02] Synced coin: Wrapped Bitcoin (wbtc)
[2025-11-23 21:35:02] Synced coin: Wrapped Beacon ETH (wbeth)
[2025-11-23 21:35:02] Synced coin: Zcash (zec)
[2025-11-23 21:35:02] Synced coin: USDS (usds)
[2025-11-23 21:35:02] Synced coin: Binance Bridged USDT (BNB Smart Chain) (bsc-usd)
[2025-11-23 21:35:02] Synced coin: LEO Token (leo)
[2025-11-23 21:35:02] Synced coin: Chainlink (link)
[2025-11-23 21:35:02] Synced coin: Hyperliquid (hype)
[2025-11-23 21:35:02] Synced coin: Stellar (xlm)
[2025-11-23 21:35:02] Synced coin: WETH (weth)
[2025-11-23 21:35:02] Synced coin: Ethena USDe (usde)
[2025-11-23 21:35:02] Synced coin: Monero (xmr)
[2025-11-23 21:35:02] Synced coin: Wrapped eETH (weeth)
[2025-11-23 21:35:02] Synced coin: Coinbase Wrapped BTC (cbbtc)
[2025-11-23 21:35:02] Synced coin: Litecoin (ltc)
[2025-11-23 21:35:02] Synced coin: Hedera (hbar)
[2025-11-23 21:35:02] Synced coin: Avalanche (avax)
[2025-11-23 21:35:02] Synced coin: Sui (sui)
[2025-11-23 21:35:02] Synced coin: Shiba Inu (shib)
[2025-11-23 21:35:02] Synced coin: Dai (dai)
[2025-11-23 21:35:02] Synced coin: Ethena Staked USDe (susde)
[2025-11-23 21:35:02] Synced coin: World Liberty Financial (wlfi)
[2025-11-23 21:35:02] Synced coin: Cronos (cro)
[2025-11-23 21:35:02] Synced coin: USDT0 (usdt0)
[2025-11-23 21:35:02] Synced coin: Uniswap (uni)
[2025-11-23 21:35:02] Synced coin: sUSDS (susds)
[2025-11-23 21:35:02] Synced coin: Polkadot (dot)
[2025-11-23 21:35:02] Synced coin: Toncoin (ton)
[2025-11-23 21:35:02] Synced coin: PayPal USD (pyusd)
[2025-11-23 21:35:02] Synced coin: MemeCore (m)
[2025-11-23 21:35:02] Synced coin: Mantle (mnt)
[2025-11-23 21:35:02] Synced coin: Bittensor (tao)
[2025-11-23 21:35:02] Synced coin: Canton (cc)
[2025-11-23 21:35:02] Synced coin: USD1 (usd1)
[2025-11-23 21:35:02] Synced coin: Currency One USD (c1usd)
[2025-11-23 21:35:02] Synced coin: Bitget Token (bgb)
[2025-11-23 21:35:02] Synced coin: Aave (aave)
[2025-11-23 21:35:02] Synced coin: NEAR Protocol (near)
[2025-11-23 21:35:02] Synced coin: BlackRock USD Institutional Digital Liquidity Fund (buidl)
[2025-11-23 21:35:02] Synced coin: Aster (aster)
[2025-11-23 21:35:02] Synced coin: OKB (okb)
[2025-11-23 21:35:02] Synced coin: Internet Computer (icp)
[2025-11-23 21:35:02] Synced coin: Falcon USD (usdf)
[2025-11-23 21:35:02] Synced coin: Ethereum Classic (etc)
[2025-11-23 21:35:02] Synced coin: Tether Gold (xaut)
[2025-11-23 21:35:02] Synced coin: Pi Network (pi)
[2025-11-23 21:35:02] Synced coin: Jito Staked SOL (jitosol)
[2025-11-23 21:35:02] Synced coin: Jupiter Perpetuals Liquidity Provider Token (jlp)
[2025-11-23 21:35:02] Synced coin: Ethena (ena)
[2025-11-23 21:35:02] Synced coin: Pepe (pepe)
[2025-11-23 21:35:02] Synced coin: Aptos (apt)
[2025-11-23 21:35:02] Synced coin: Binance-Peg WETH (weth)
[2025-11-23 21:35:02] Synced coin: Wrapped SOL (sol)
[2025-11-23 21:35:02] Synced coin: HTX DAO (htx)
[2025-11-23 21:35:02] Synced coin: Pump.fun (pump)
[2025-11-23 21:35:02] Synced coin: KuCoin (kcs)
[2025-11-23 21:35:02] Synced coin: Ondo (ondo)
[2025-11-23 21:35:02] Synced coin: Worldcoin (wld)
[2025-11-23 21:35:02] Synced coin: POL (ex-MATIC) (pol)
[2025-11-23 21:35:02] Synced coin: Provenance Blockchain (hash)
[2025-11-23 21:35:02] Synced coin: PAX Gold (paxg)
[2025-11-23 21:35:02] Synced coin: USDtb (usdtb)
[2025-11-23 21:35:02] Synced coin: BFUSD (bfusd)
[2025-11-23 21:35:02] Synced coin: syrupUSDC (syrupusdc)
[2025-11-23 21:35:02] Synced coin: Binance Bridged USDC (BNB Smart Chain) (usdc)
[2025-11-23 21:35:02] Synced coin: Official Trump (trump)
[2025-11-23 21:35:02] Synced coin: Algorand (algo)
[2025-11-23 21:35:02] Synced coin: Rocket Pool ETH (reth)
[2025-11-23 21:35:02] Synced coin: Cosmos Hub (atom)
[2025-11-23 21:35:02] Synced coin: Filecoin (fil)
[2025-11-23 21:35:02] Synced coin: Circle USYC (usyc)
[2025-11-23 21:35:02] Synced coin: Gate (gt)
[2025-11-23 21:35:02] Synced coin: Wrapped BNB (wbnb)
[2025-11-23 21:35:02] Synced coin: Global Dollar (usdg)
[2025-11-23 21:35:02] Synced coin: Ripple USD (rlusd)
[2025-11-23 21:35:02] Synced coin: Binance Staked SOL (bnsol)
[2025-11-23 21:35:02] Synced coin: Arbitrum (arb)
[2025-11-23 21:35:02] Synced coin: Quant (qnt)
[2025-11-23 21:35:02] Synced coin: VeChain (vet)
[2025-11-23 21:35:02] Synced coin: Kaspa (kas)
[2025-11-23 21:35:02] Synced coin: Flare (flr)
[2025-11-23 21:35:02] Synced coin: Function FBTC (fbtc)
[2025-11-23 21:35:02] Synced coin: Kelp DAO Restaked ETH (rseth)
[2025-11-23 21:35:02] Synced coin: Lombard Staked BTC (lbtc)
[2025-11-23 21:35:02] Synced coin: Kinetiq Staked HYPE (khype)
[2025-11-23 21:35:02] Sync completed successfully.
[2025-11-23 21:40:02] Synced coin: Bitcoin (btc)
[2025-11-23 21:40:02] Synced coin: Ethereum (eth)
[2025-11-23 21:40:02] Synced coin: Tether (usdt)
[2025-11-23 21:40:02] Synced coin: XRP (xrp)
[2025-11-23 21:40:02] Synced coin: BNB (bnb)
[2025-11-23 21:40:02] Synced coin: USDC (usdc)
[2025-11-23 21:40:02] Synced coin: Solana (sol)
[2025-11-23 21:40:02] Synced coin: TRON (trx)
[2025-11-23 21:40:02] Synced coin: Lido Staked Ether (steth)
[2025-11-23 21:40:02] Synced coin: Dogecoin (doge)
[2025-11-23 21:40:02] Synced coin: Cardano (ada)
[2025-11-23 21:40:02] Synced coin: Figure Heloc (figr_heloc)
[2025-11-23 21:40:02] Synced coin: WhiteBIT Coin (wbt)
[2025-11-23 21:40:02] Synced coin: Wrapped stETH (wsteth)
[2025-11-23 21:40:02] Synced coin: Bitcoin Cash (bch)
[2025-11-23 21:40:02] Synced coin: Wrapped Bitcoin (wbtc)
[2025-11-23 21:40:02] Synced coin: Wrapped Beacon ETH (wbeth)
[2025-11-23 21:40:02] Synced coin: Zcash (zec)
[2025-11-23 21:40:02] Synced coin: USDS (usds)
[2025-11-23 21:40:02] Synced coin: Binance Bridged USDT (BNB Smart Chain) (bsc-usd)
[2025-11-23 21:40:02] Synced coin: LEO Token (leo)
[2025-11-23 21:40:02] Synced coin: Chainlink (link)
[2025-11-23 21:40:02] Synced coin: Hyperliquid (hype)
[2025-11-23 21:40:02] Synced coin: Stellar (xlm)
[2025-11-23 21:40:02] Synced coin: WETH (weth)
[2025-11-23 21:40:02] Synced coin: Ethena USDe (usde)
[2025-11-23 21:40:02] Synced coin: Monero (xmr)
[2025-11-23 21:40:02] Synced coin: Wrapped eETH (weeth)
[2025-11-23 21:40:02] Synced coin: Coinbase Wrapped BTC (cbbtc)
[2025-11-23 21:40:02] Synced coin: Litecoin (ltc)
[2025-11-23 21:40:02] Synced coin: Hedera (hbar)
[2025-11-23 21:40:02] Synced coin: Avalanche (avax)
[2025-11-23 21:40:02] Synced coin: Sui (sui)
[2025-11-23 21:40:02] Synced coin: Shiba Inu (shib)
[2025-11-23 21:40:02] Synced coin: Dai (dai)
[2025-11-23 21:40:02] Synced coin: Ethena Staked USDe (susde)
[2025-11-23 21:40:02] Synced coin: World Liberty Financial (wlfi)
[2025-11-23 21:40:02] Synced coin: Cronos (cro)
[2025-11-23 21:40:02] Synced coin: USDT0 (usdt0)
[2025-11-23 21:40:02] Synced coin: Uniswap (uni)
[2025-11-23 21:40:02] Synced coin: sUSDS (susds)
[2025-11-23 21:40:02] Synced coin: Polkadot (dot)
[2025-11-23 21:40:02] Synced coin: Toncoin (ton)
[2025-11-23 21:40:02] Synced coin: PayPal USD (pyusd)
[2025-11-23 21:40:02] Synced coin: MemeCore (m)
[2025-11-23 21:40:02] Synced coin: Mantle (mnt)
[2025-11-23 21:40:02] Synced coin: Bittensor (tao)
[2025-11-23 21:40:02] Synced coin: Canton (cc)
[2025-11-23 21:40:02] Synced coin: USD1 (usd1)
[2025-11-23 21:40:02] Synced coin: Currency One USD (c1usd)
[2025-11-23 21:40:02] Synced coin: Bitget Token (bgb)
[2025-11-23 21:40:02] Synced coin: Aave (aave)
[2025-11-23 21:40:02] Synced coin: NEAR Protocol (near)
[2025-11-23 21:40:02] Synced coin: BlackRock USD Institutional Digital Liquidity Fund (buidl)
[2025-11-23 21:40:02] Synced coin: OKB (okb)
[2025-11-23 21:40:02] Synced coin: Internet Computer (icp)
[2025-11-23 21:40:02] Synced coin: Aster (aster)
[2025-11-23 21:40:02] Synced coin: Falcon USD (usdf)
[2025-11-23 21:40:02] Synced coin: Ethereum Classic (etc)
[2025-11-23 21:40:02] Synced coin: Tether Gold (xaut)
[2025-11-23 21:40:02] Synced coin: Pi Network (pi)
[2025-11-23 21:40:02] Synced coin: Jito Staked SOL (jitosol)
[2025-11-23 21:40:02] Synced coin: Jupiter Perpetuals Liquidity Provider Token (jlp)
[2025-11-23 21:40:02] Synced coin: Ethena (ena)
[2025-11-23 21:40:02] Synced coin: Pepe (pepe)
[2025-11-23 21:40:02] Synced coin: Aptos (apt)
[2025-11-23 21:40:02] Synced coin: Binance-Peg WETH (weth)
[2025-11-23 21:40:02] Synced coin: Wrapped SOL (sol)
[2025-11-23 21:40:02] Synced coin: HTX DAO (htx)
[2025-11-23 21:40:02] Synced coin: Pump.fun (pump)
[2025-11-23 21:40:02] Synced coin: KuCoin (kcs)
[2025-11-23 21:40:02] Synced coin: Ondo (ondo)
[2025-11-23 21:40:02] Synced coin: POL (ex-MATIC) (pol)
[2025-11-23 21:40:02] Synced coin: Worldcoin (wld)
[2025-11-23 21:40:02] Synced coin: Provenance Blockchain (hash)
[2025-11-23 21:40:02] Synced coin: PAX Gold (paxg)
[2025-11-23 21:40:02] Synced coin: USDtb (usdtb)
[2025-11-23 21:40:02] Synced coin: BFUSD (bfusd)
[2025-11-23 21:40:02] Synced coin: syrupUSDC (syrupusdc)
[2025-11-23 21:40:02] Synced coin: Binance Bridged USDC (BNB Smart Chain) (usdc)
[2025-11-23 21:40:02] Synced coin: Official Trump (trump)
[2025-11-23 21:40:02] Synced coin: Algorand (algo)
[2025-11-23 21:40:02] Synced coin: Rocket Pool ETH (reth)
[2025-11-23 21:40:02] Synced coin: Cosmos Hub (atom)
[2025-11-23 21:40:02] Synced coin: Circle USYC (usyc)
[2025-11-23 21:40:02] Synced coin: Filecoin (fil)
[2025-11-23 21:40:02] Synced coin: Gate (gt)
[2025-11-23 21:40:02] Synced coin: Wrapped BNB (wbnb)
[2025-11-23 21:40:02] Synced coin: Global Dollar (usdg)
[2025-11-23 21:40:02] Synced coin: Ripple USD (rlusd)
[2025-11-23 21:40:02] Synced coin: Binance Staked SOL (bnsol)
[2025-11-23 21:40:02] Synced coin: Arbitrum (arb)
[2025-11-23 21:40:02] Synced coin: Quant (qnt)
[2025-11-23 21:40:02] Synced coin: VeChain (vet)
[2025-11-23 21:40:02] Synced coin: Kaspa (kas)
[2025-11-23 21:40:02] Synced coin: Flare (flr)
[2025-11-23 21:40:02] Synced coin: Function FBTC (fbtc)
[2025-11-23 21:40:02] Synced coin: Kelp DAO Restaked ETH (rseth)
[2025-11-23 21:40:02] Synced coin: Lombard Staked BTC (lbtc)
[2025-11-23 21:40:02] Synced coin: Kinetiq Staked HYPE (khype)
[2025-11-23 21:40:02] Sync completed successfully.
[2025-11-23 21:45:03] Synced coin: Bitcoin (btc)
[2025-11-23 21:45:03] Synced coin: Ethereum (eth)
[2025-11-23 21:45:03] Synced coin: Tether (usdt)
[2025-11-23 21:45:03] Synced coin: XRP (xrp)
[2025-11-23 21:45:03] Synced coin: BNB (bnb)
[2025-11-23 21:45:03] Synced coin: USDC (usdc)
[2025-11-23 21:45:03] Synced coin: Solana (sol)
[2025-11-23 21:45:03] Synced coin: TRON (trx)
[2025-11-23 21:45:03] Synced coin: Lido Staked Ether (steth)
[2025-11-23 21:45:03] Synced coin: Dogecoin (doge)
[2025-11-23 21:45:03] Synced coin: Cardano (ada)
[2025-11-23 21:45:03] Synced coin: Figure Heloc (figr_heloc)
[2025-11-23 21:45:03] Synced coin: WhiteBIT Coin (wbt)
[2025-11-23 21:45:03] Synced coin: Wrapped stETH (wsteth)
[2025-11-23 21:45:03] Synced coin: Bitcoin Cash (bch)
[2025-11-23 21:45:03] Synced coin: Wrapped Bitcoin (wbtc)
[2025-11-23 21:45:03] Synced coin: Wrapped Beacon ETH (wbeth)
[2025-11-23 21:45:03] Synced coin: Zcash (zec)
[2025-11-23 21:45:03] Synced coin: USDS (usds)
[2025-11-23 21:45:03] Synced coin: Binance Bridged USDT (BNB Smart Chain) (bsc-usd)
[2025-11-23 21:45:03] Synced coin: Chainlink (link)
[2025-11-23 21:45:03] Synced coin: LEO Token (leo)
[2025-11-23 21:45:03] Synced coin: Hyperliquid (hype)
[2025-11-23 21:45:03] Synced coin: Stellar (xlm)
[2025-11-23 21:45:03] Synced coin: WETH (weth)
[2025-11-23 21:45:03] Synced coin: Ethena USDe (usde)
[2025-11-23 21:45:03] Synced coin: Monero (xmr)
[2025-11-23 21:45:03] Synced coin: Wrapped eETH (weeth)
[2025-11-23 21:45:03] Synced coin: Coinbase Wrapped BTC (cbbtc)
[2025-11-23 21:45:03] Synced coin: Litecoin (ltc)
[2025-11-23 21:45:03] Synced coin: Hedera (hbar)
[2025-11-23 21:45:03] Synced coin: Avalanche (avax)
[2025-11-23 21:45:03] Synced coin: Sui (sui)
[2025-11-23 21:45:03] Synced coin: Shiba Inu (shib)
[2025-11-23 21:45:03] Synced coin: Dai (dai)
[2025-11-23 21:45:03] Synced coin: Ethena Staked USDe (susde)
[2025-11-23 21:45:03] Synced coin: World Liberty Financial (wlfi)
[2025-11-23 21:45:03] Synced coin: Cronos (cro)
[2025-11-23 21:45:03] Synced coin: USDT0 (usdt0)
[2025-11-23 21:45:03] Synced coin: Uniswap (uni)
[2025-11-23 21:45:03] Synced coin: sUSDS (susds)
[2025-11-23 21:45:03] Synced coin: Polkadot (dot)
[2025-11-23 21:45:03] Synced coin: Toncoin (ton)
[2025-11-23 21:45:03] Synced coin: PayPal USD (pyusd)
[2025-11-23 21:45:03] Synced coin: MemeCore (m)
[2025-11-23 21:45:03] Synced coin: Mantle (mnt)
[2025-11-23 21:45:03] Synced coin: Bittensor (tao)
[2025-11-23 21:45:03] Synced coin: Canton (cc)
[2025-11-23 21:45:03] Synced coin: USD1 (usd1)
[2025-11-23 21:45:03] Synced coin: Currency One USD (c1usd)
[2025-11-23 21:45:03] Synced coin: Bitget Token (bgb)
[2025-11-23 21:45:03] Synced coin: Aave (aave)
[2025-11-23 21:45:03] Synced coin: NEAR Protocol (near)
[2025-11-23 21:45:03] Synced coin: BlackRock USD Institutional Digital Liquidity Fund (buidl)
[2025-11-23 21:45:03] Synced coin: OKB (okb)
[2025-11-23 21:45:03] Synced coin: Internet Computer (icp)
[2025-11-23 21:45:03] Synced coin: Aster (aster)
[2025-11-23 21:45:03] Synced coin: Falcon USD (usdf)
[2025-11-23 21:45:03] Synced coin: Ethereum Classic (etc)
[2025-11-23 21:45:03] Synced coin: Tether Gold (xaut)
[2025-11-23 21:45:03] Synced coin: Pi Network (pi)
[2025-11-23 21:45:03] Synced coin: Jito Staked SOL (jitosol)
[2025-11-23 21:45:03] Synced coin: Jupiter Perpetuals Liquidity Provider Token (jlp)
[2025-11-23 21:45:03] Synced coin: Ethena (ena)
[2025-11-23 21:45:03] Synced coin: Pepe (pepe)
[2025-11-23 21:45:03] Synced coin: Aptos (apt)
[2025-11-23 21:45:03] Synced coin: Binance-Peg WETH (weth)
[2025-11-23 21:45:03] Synced coin: Wrapped SOL (sol)
[2025-11-23 21:45:03] Synced coin: HTX DAO (htx)
[2025-11-23 21:45:03] Synced coin: Pump.fun (pump)
[2025-11-23 21:45:03] Synced coin: KuCoin (kcs)
[2025-11-23 21:45:03] Synced coin: Ondo (ondo)
[2025-11-23 21:45:03] Synced coin: POL (ex-MATIC) (pol)
[2025-11-23 21:45:03] Synced coin: Worldcoin (wld)
[2025-11-23 21:45:03] Synced coin: Provenance Blockchain (hash)
[2025-11-23 21:45:03] Synced coin: PAX Gold (paxg)
[2025-11-23 21:45:03] Synced coin: USDtb (usdtb)
[2025-11-23 21:45:03] Synced coin: BFUSD (bfusd)
[2025-11-23 21:45:03] Synced coin: syrupUSDC (syrupusdc)
[2025-11-23 21:45:03] Synced coin: Binance Bridged USDC (BNB Smart Chain) (usdc)
[2025-11-23 21:45:03] Synced coin: Official Trump (trump)
[2025-11-23 21:45:03] Synced coin: Algorand (algo)
[2025-11-23 21:45:03] Synced coin: Rocket Pool ETH (reth)
[2025-11-23 21:45:03] Synced coin: Cosmos Hub (atom)
[2025-11-23 21:45:03] Synced coin: Circle USYC (usyc)
[2025-11-23 21:45:03] Synced coin: Gate (gt)
[2025-11-23 21:45:03] Synced coin: Filecoin (fil)
[2025-11-23 21:45:03] Synced coin: Wrapped BNB (wbnb)
[2025-11-23 21:45:03] Synced coin: Global Dollar (usdg)
[2025-11-23 21:45:03] Synced coin: Ripple USD (rlusd)
[2025-11-23 21:45:03] Synced coin: Binance Staked SOL (bnsol)
[2025-11-23 21:45:03] Synced coin: Arbitrum (arb)
[2025-11-23 21:45:03] Synced coin: Quant (qnt)
[2025-11-23 21:45:03] Synced coin: VeChain (vet)
[2025-11-23 21:45:03] Synced coin: Kaspa (kas)
[2025-11-23 21:45:03] Synced coin: Flare (flr)
[2025-11-23 21:45:03] Synced coin: Function FBTC (fbtc)
[2025-11-23 21:45:03] Synced coin: Kelp DAO Restaked ETH (rseth)
[2025-11-23 21:45:03] Synced coin: Lombard Staked BTC (lbtc)
[2025-11-23 21:45:03] Synced coin: Kinetiq Staked HYPE (khype)
[2025-11-23 21:45:03] Sync completed successfully.
[2025-11-23 21:50:02] Synced coin: Bitcoin (btc)
[2025-11-23 21:50:02] Synced coin: Ethereum (eth)
[2025-11-23 21:50:02] Synced coin: Tether (usdt)
[2025-11-23 21:50:02] Synced coin: XRP (xrp)
[2025-11-23 21:50:02] Synced coin: BNB (bnb)
[2025-11-23 21:50:02] Synced coin: USDC (usdc)
[2025-11-23 21:50:02] Synced coin: Solana (sol)
[2025-11-23 21:50:02] Synced coin: TRON (trx)
[2025-11-23 21:50:02] Synced coin: Lido Staked Ether (steth)
[2025-11-23 21:50:02] Synced coin: Dogecoin (doge)
[2025-11-23 21:50:02] Synced coin: Cardano (ada)
[2025-11-23 21:50:02] Synced coin: Figure Heloc (figr_heloc)
[2025-11-23 21:50:02] Synced coin: WhiteBIT Coin (wbt)
[2025-11-23 21:50:02] Synced coin: Wrapped stETH (wsteth)
[2025-11-23 21:50:02] Synced coin: Bitcoin Cash (bch)
[2025-11-23 21:50:02] Synced coin: Wrapped Bitcoin (wbtc)
[2025-11-23 21:50:02] Synced coin: Wrapped Beacon ETH (wbeth)
[2025-11-23 21:50:02] Synced coin: Zcash (zec)
[2025-11-23 21:50:02] Synced coin: USDS (usds)
[2025-11-23 21:50:02] Synced coin: Binance Bridged USDT (BNB Smart Chain) (bsc-usd)
[2025-11-23 21:50:02] Synced coin: Chainlink (link)
[2025-11-23 21:50:02] Synced coin: LEO Token (leo)
[2025-11-23 21:50:02] Synced coin: Hyperliquid (hype)
[2025-11-23 21:50:02] Synced coin: Stellar (xlm)
[2025-11-23 21:50:02] Synced coin: WETH (weth)
[2025-11-23 21:50:02] Synced coin: Ethena USDe (usde)
[2025-11-23 21:50:02] Synced coin: Monero (xmr)
[2025-11-23 21:50:02] Synced coin: Wrapped eETH (weeth)
[2025-11-23 21:50:02] Synced coin: Coinbase Wrapped BTC (cbbtc)
[2025-11-23 21:50:02] Synced coin: Litecoin (ltc)
[2025-11-23 21:50:02] Synced coin: Hedera (hbar)
[2025-11-23 21:50:02] Synced coin: Avalanche (avax)
[2025-11-23 21:50:02] Synced coin: Sui (sui)
[2025-11-23 21:50:02] Synced coin: Shiba Inu (shib)
[2025-11-23 21:50:02] Synced coin: Dai (dai)
[2025-11-23 21:50:02] Synced coin: Ethena Staked USDe (susde)
[2025-11-23 21:50:02] Synced coin: World Liberty Financial (wlfi)
[2025-11-23 21:50:02] Synced coin: Cronos (cro)
[2025-11-23 21:50:02] Synced coin: USDT0 (usdt0)
[2025-11-23 21:50:02] Synced coin: Uniswap (uni)
[2025-11-23 21:50:02] Synced coin: sUSDS (susds)
[2025-11-23 21:50:02] Synced coin: Polkadot (dot)
[2025-11-23 21:50:02] Synced coin: Toncoin (ton)
[2025-11-23 21:50:02] Synced coin: PayPal USD (pyusd)
[2025-11-23 21:50:02] Synced coin: MemeCore (m)
[2025-11-23 21:50:02] Synced coin: Mantle (mnt)
[2025-11-23 21:50:02] Synced coin: Bittensor (tao)
[2025-11-23 21:50:02] Synced coin: Canton (cc)
[2025-11-23 21:50:02] Synced coin: USD1 (usd1)
[2025-11-23 21:50:02] Synced coin: Currency One USD (c1usd)
[2025-11-23 21:50:02] Synced coin: Bitget Token (bgb)
[2025-11-23 21:50:02] Synced coin: Aave (aave)
[2025-11-23 21:50:02] Synced coin: NEAR Protocol (near)
[2025-11-23 21:50:02] Synced coin: BlackRock USD Institutional Digital Liquidity Fund (buidl)
[2025-11-23 21:50:02] Synced coin: Internet Computer (icp)
[2025-11-23 21:50:02] Synced coin: Aster (aster)
[2025-11-23 21:50:02] Synced coin: OKB (okb)
[2025-11-23 21:50:02] Synced coin: Falcon USD (usdf)
[2025-11-23 21:50:02] Synced coin: Ethereum Classic (etc)
[2025-11-23 21:50:02] Synced coin: Tether Gold (xaut)
[2025-11-23 21:50:02] Synced coin: Pi Network (pi)
[2025-11-23 21:50:02] Synced coin: Jito Staked SOL (jitosol)
[2025-11-23 21:50:02] Synced coin: Jupiter Perpetuals Liquidity Provider Token (jlp)
[2025-11-23 21:50:02] Synced coin: Ethena (ena)
[2025-11-23 21:50:02] Synced coin: Pepe (pepe)
[2025-11-23 21:50:02] Synced coin: Aptos (apt)
[2025-11-23 21:50:02] Synced coin: Binance-Peg WETH (weth)
[2025-11-23 21:50:02] Synced coin: Wrapped SOL (sol)
[2025-11-23 21:50:02] Synced coin: HTX DAO (htx)
[2025-11-23 21:50:02] Synced coin: Pump.fun (pump)
[2025-11-23 21:50:02] Synced coin: KuCoin (kcs)
[2025-11-23 21:50:02] Synced coin: Ondo (ondo)
[2025-11-23 21:50:02] Synced coin: POL (ex-MATIC) (pol)
[2025-11-23 21:50:02] Synced coin: Worldcoin (wld)
[2025-11-23 21:50:02] Synced coin: PAX Gold (paxg)
[2025-11-23 21:50:02] Synced coin: Provenance Blockchain (hash)
[2025-11-23 21:50:02] Synced coin: USDtb (usdtb)
[2025-11-23 21:50:02] Synced coin: BFUSD (bfusd)
[2025-11-23 21:50:02] Synced coin: syrupUSDC (syrupusdc)
[2025-11-23 21:50:02] Synced coin: Binance Bridged USDC (BNB Smart Chain) (usdc)
[2025-11-23 21:50:02] Synced coin: Official Trump (trump)
[2025-11-23 21:50:02] Synced coin: Algorand (algo)
[2025-11-23 21:50:02] Synced coin: Rocket Pool ETH (reth)
[2025-11-23 21:50:02] Synced coin: Cosmos Hub (atom)
[2025-11-23 21:50:02] Synced coin: Circle USYC (usyc)
[2025-11-23 21:50:02] Synced coin: Gate (gt)
[2025-11-23 21:50:02] Synced coin: Filecoin (fil)
[2025-11-23 21:50:02] Synced coin: Wrapped BNB (wbnb)
[2025-11-23 21:50:02] Synced coin: Ripple USD (rlusd)
[2025-11-23 21:50:02] Synced coin: Global Dollar (usdg)
[2025-11-23 21:50:02] Synced coin: Binance Staked SOL (bnsol)
[2025-11-23 21:50:02] Synced coin: Arbitrum (arb)
[2025-11-23 21:50:02] Synced coin: Quant (qnt)
[2025-11-23 21:50:02] Synced coin: VeChain (vet)
[2025-11-23 21:50:02] Synced coin: Kaspa (kas)
[2025-11-23 21:50:02] Synced coin: Flare (flr)
[2025-11-23 21:50:02] Synced coin: Function FBTC (fbtc)
[2025-11-23 21:50:02] Synced coin: Kelp DAO Restaked ETH (rseth)
[2025-11-23 21:50:02] Synced coin: Lombard Staked BTC (lbtc)
[2025-11-23 21:50:02] Synced coin: Kinetiq Staked HYPE (khype)
[2025-11-23 21:50:02] Sync completed successfully.
[2025-11-23 21:55:03] Synced coin: Bitcoin (btc)
[2025-11-23 21:55:03] Synced coin: Ethereum (eth)
[2025-11-23 21:55:03] Synced coin: Tether (usdt)
[2025-11-23 21:55:03] Synced coin: XRP (xrp)
[2025-11-23 21:55:03] Synced coin: BNB (bnb)
[2025-11-23 21:55:03] Synced coin: USDC (usdc)
[2025-11-23 21:55:03] Synced coin: Solana (sol)
[2025-11-23 21:55:03] Synced coin: TRON (trx)
[2025-11-23 21:55:03] Synced coin: Lido Staked Ether (steth)
[2025-11-23 21:55:03] Synced coin: Dogecoin (doge)
[2025-11-23 21:55:03] Synced coin: Cardano (ada)
[2025-11-23 21:55:03] Synced coin: Figure Heloc (figr_heloc)
[2025-11-23 21:55:03] Synced coin: WhiteBIT Coin (wbt)
[2025-11-23 21:55:03] Synced coin: Wrapped stETH (wsteth)
[2025-11-23 21:55:03] Synced coin: Bitcoin Cash (bch)
[2025-11-23 21:55:03] Synced coin: Wrapped Bitcoin (wbtc)
[2025-11-23 21:55:03] Synced coin: Wrapped Beacon ETH (wbeth)
[2025-11-23 21:55:03] Synced coin: Zcash (zec)
[2025-11-23 21:55:03] Synced coin: USDS (usds)
[2025-11-23 21:55:03] Synced coin: Binance Bridged USDT (BNB Smart Chain) (bsc-usd)
[2025-11-23 21:55:03] Synced coin: LEO Token (leo)
[2025-11-23 21:55:03] Synced coin: Chainlink (link)
[2025-11-23 21:55:03] Synced coin: Hyperliquid (hype)
[2025-11-23 21:55:03] Synced coin: Stellar (xlm)
[2025-11-23 21:55:03] Synced coin: WETH (weth)
[2025-11-23 21:55:03] Synced coin: Ethena USDe (usde)
[2025-11-23 21:55:03] Synced coin: Monero (xmr)
[2025-11-23 21:55:03] Synced coin: Wrapped eETH (weeth)
[2025-11-23 21:55:03] Synced coin: Coinbase Wrapped BTC (cbbtc)
[2025-11-23 21:55:03] Synced coin: Litecoin (ltc)
[2025-11-23 21:55:03] Synced coin: Hedera (hbar)
[2025-11-23 21:55:03] Synced coin: Avalanche (avax)
[2025-11-23 21:55:03] Synced coin: Sui (sui)
[2025-11-23 21:55:03] Synced coin: Shiba Inu (shib)
[2025-11-23 21:55:03] Synced coin: Dai (dai)
[2025-11-23 21:55:03] Synced coin: Ethena Staked USDe (susde)
[2025-11-23 21:55:03] Synced coin: World Liberty Financial (wlfi)
[2025-11-23 21:55:03] Synced coin: Cronos (cro)
[2025-11-23 21:55:03] Synced coin: USDT0 (usdt0)
[2025-11-23 21:55:03] Synced coin: Uniswap (uni)
[2025-11-23 21:55:03] Synced coin: sUSDS (susds)
[2025-11-23 21:55:03] Synced coin: Polkadot (dot)
[2025-11-23 21:55:03] Synced coin: Toncoin (ton)
[2025-11-23 21:55:03] Synced coin: PayPal USD (pyusd)
[2025-11-23 21:55:03] Synced coin: Mantle (mnt)
[2025-11-23 21:55:03] Synced coin: MemeCore (m)
[2025-11-23 21:55:03] Synced coin: Bittensor (tao)
[2025-11-23 21:55:03] Synced coin: Canton (cc)
[2025-11-23 21:55:03] Synced coin: USD1 (usd1)
[2025-11-23 21:55:03] Synced coin: Currency One USD (c1usd)
[2025-11-23 21:55:03] Synced coin: Bitget Token (bgb)
[2025-11-23 21:55:03] Synced coin: Aave (aave)
[2025-11-23 21:55:03] Synced coin: NEAR Protocol (near)
[2025-11-23 21:55:03] Synced coin: BlackRock USD Institutional Digital Liquidity Fund (buidl)
[2025-11-23 21:55:03] Synced coin: Internet Computer (icp)
[2025-11-23 21:55:03] Synced coin: OKB (okb)
[2025-11-23 21:55:03] Synced coin: Falcon USD (usdf)
[2025-11-23 21:55:03] Synced coin: Aster (aster)
[2025-11-23 21:55:03] Synced coin: Ethereum Classic (etc)
[2025-11-23 21:55:03] Synced coin: Tether Gold (xaut)
[2025-11-23 21:55:03] Synced coin: Pi Network (pi)
[2025-11-23 21:55:03] Synced coin: Jito Staked SOL (jitosol)
[2025-11-23 21:55:03] Synced coin: Jupiter Perpetuals Liquidity Provider Token (jlp)
[2025-11-23 21:55:03] Synced coin: Ethena (ena)
[2025-11-23 21:55:03] Synced coin: Pepe (pepe)
[2025-11-23 21:55:03] Synced coin: Binance-Peg WETH (weth)
[2025-11-23 21:55:03] Synced coin: Aptos (apt)
[2025-11-23 21:55:03] Synced coin: Wrapped SOL (sol)
[2025-11-23 21:55:03] Synced coin: HTX DAO (htx)
[2025-11-23 21:55:03] Synced coin: KuCoin (kcs)
[2025-11-23 21:55:03] Synced coin: Ondo (ondo)
[2025-11-23 21:55:03] Synced coin: Pump.fun (pump)
[2025-11-23 21:55:03] Synced coin: POL (ex-MATIC) (pol)
[2025-11-23 21:55:03] Synced coin: Worldcoin (wld)
[2025-11-23 21:55:03] Synced coin: PAX Gold (paxg)
[2025-11-23 21:55:03] Synced coin: Provenance Blockchain (hash)
[2025-11-23 21:55:03] Synced coin: USDtb (usdtb)
[2025-11-23 21:55:03] Synced coin: BFUSD (bfusd)
[2025-11-23 21:55:03] Synced coin: syrupUSDC (syrupusdc)
[2025-11-23 21:55:03] Synced coin: Binance Bridged USDC (BNB Smart Chain) (usdc)
[2025-11-23 21:55:03] Synced coin: Official Trump (trump)
[2025-11-23 21:55:03] Synced coin: Algorand (algo)
[2025-11-23 21:55:03] Synced coin: Rocket Pool ETH (reth)
[2025-11-23 21:55:03] Synced coin: Cosmos Hub (atom)
[2025-11-23 21:55:03] Synced coin: Circle USYC (usyc)
[2025-11-23 21:55:03] Synced coin: Filecoin (fil)
[2025-11-23 21:55:03] Synced coin: Gate (gt)
[2025-11-23 21:55:03] Synced coin: Wrapped BNB (wbnb)
[2025-11-23 21:55:03] Synced coin: Ripple USD (rlusd)
[2025-11-23 21:55:03] Synced coin: Global Dollar (usdg)
[2025-11-23 21:55:03] Synced coin: Binance Staked SOL (bnsol)
[2025-11-23 21:55:03] Synced coin: Arbitrum (arb)
[2025-11-23 21:55:03] Synced coin: Quant (qnt)
[2025-11-23 21:55:03] Synced coin: VeChain (vet)
[2025-11-23 21:55:03] Synced coin: Kaspa (kas)
[2025-11-23 21:55:03] Synced coin: Flare (flr)
[2025-11-23 21:55:03] Synced coin: Function FBTC (fbtc)
[2025-11-23 21:55:03] Synced coin: Kelp DAO Restaked ETH (rseth)
[2025-11-23 21:55:03] Synced coin: Lombard Staked BTC (lbtc)
[2025-11-23 21:55:03] Synced coin: Kinetiq Staked HYPE (khype)
[2025-11-23 21:55:03] Sync completed successfully.
[2025-11-23 22:00:02] Synced coin: Bitcoin (btc)
[2025-11-23 22:00:02] Synced coin: Ethereum (eth)
[2025-11-23 22:00:02] Synced coin: Tether (usdt)
[2025-11-23 22:00:02] Synced coin: XRP (xrp)
[2025-11-23 22:00:02] Synced coin: BNB (bnb)
[2025-11-23 22:00:02] Synced coin: USDC (usdc)
[2025-11-23 22:00:02] Synced coin: Solana (sol)
[2025-11-23 22:00:02] Synced coin: TRON (trx)
[2025-11-23 22:00:02] Synced coin: Lido Staked Ether (steth)
[2025-11-23 22:00:02] Synced coin: Dogecoin (doge)
[2025-11-23 22:00:02] Synced coin: Cardano (ada)
[2025-11-23 22:00:02] Synced coin: Figure Heloc (figr_heloc)
[2025-11-23 22:00:02] Synced coin: WhiteBIT Coin (wbt)
[2025-11-23 22:00:02] Synced coin: Wrapped stETH (wsteth)
[2025-11-23 22:00:02] Synced coin: Bitcoin Cash (bch)
[2025-11-23 22:00:02] Synced coin: Wrapped Bitcoin (wbtc)
[2025-11-23 22:00:02] Synced coin: Wrapped Beacon ETH (wbeth)
[2025-11-23 22:00:02] Synced coin: Zcash (zec)
[2025-11-23 22:00:02] Synced coin: USDS (usds)
[2025-11-23 22:00:02] Synced coin: Binance Bridged USDT (BNB Smart Chain) (bsc-usd)
[2025-11-23 22:00:02] Synced coin: LEO Token (leo)
[2025-11-23 22:00:02] Synced coin: Chainlink (link)
[2025-11-23 22:00:02] Synced coin: Hyperliquid (hype)
[2025-11-23 22:00:02] Synced coin: Stellar (xlm)
[2025-11-23 22:00:02] Synced coin: WETH (weth)
[2025-11-23 22:00:02] Synced coin: Ethena USDe (usde)
[2025-11-23 22:00:02] Synced coin: Monero (xmr)
[2025-11-23 22:00:02] Synced coin: Wrapped eETH (weeth)
[2025-11-23 22:00:02] Synced coin: Coinbase Wrapped BTC (cbbtc)
[2025-11-23 22:00:02] Synced coin: Litecoin (ltc)
[2025-11-23 22:00:02] Synced coin: Hedera (hbar)
[2025-11-23 22:00:02] Synced coin: Avalanche (avax)
[2025-11-23 22:00:02] Synced coin: Sui (sui)
[2025-11-23 22:00:02] Synced coin: Shiba Inu (shib)
[2025-11-23 22:00:02] Synced coin: Dai (dai)
[2025-11-23 22:00:02] Synced coin: Ethena Staked USDe (susde)
[2025-11-23 22:00:02] Synced coin: World Liberty Financial (wlfi)
[2025-11-23 22:00:02] Synced coin: Cronos (cro)
[2025-11-23 22:00:02] Synced coin: USDT0 (usdt0)
[2025-11-23 22:00:02] Synced coin: Uniswap (uni)
[2025-11-23 22:00:02] Synced coin: sUSDS (susds)
[2025-11-23 22:00:02] Synced coin: Polkadot (dot)
[2025-11-23 22:00:02] Synced coin: Toncoin (ton)
[2025-11-23 22:00:02] Synced coin: PayPal USD (pyusd)
[2025-11-23 22:00:02] Synced coin: MemeCore (m)
[2025-11-23 22:00:02] Synced coin: Mantle (mnt)
[2025-11-23 22:00:02] Synced coin: Bittensor (tao)
[2025-11-23 22:00:02] Synced coin: Canton (cc)
[2025-11-23 22:00:02] Synced coin: USD1 (usd1)
[2025-11-23 22:00:02] Synced coin: Currency One USD (c1usd)
[2025-11-23 22:00:02] Synced coin: Bitget Token (bgb)
[2025-11-23 22:00:02] Synced coin: Aave (aave)
[2025-11-23 22:00:02] Synced coin: NEAR Protocol (near)
[2025-11-23 22:00:02] Synced coin: BlackRock USD Institutional Digital Liquidity Fund (buidl)
[2025-11-23 22:00:02] Synced coin: Internet Computer (icp)
[2025-11-23 22:00:02] Synced coin: OKB (okb)
[2025-11-23 22:00:02] Synced coin: Falcon USD (usdf)
[2025-11-23 22:00:02] Synced coin: Aster (aster)
[2025-11-23 22:00:02] Synced coin: Ethereum Classic (etc)
[2025-11-23 22:00:02] Synced coin: Tether Gold (xaut)
[2025-11-23 22:00:02] Synced coin: Pi Network (pi)
[2025-11-23 22:00:02] Synced coin: Jito Staked SOL (jitosol)
[2025-11-23 22:00:02] Synced coin: Jupiter Perpetuals Liquidity Provider Token (jlp)
[2025-11-23 22:00:02] Synced coin: Ethena (ena)
[2025-11-23 22:00:02] Synced coin: Pepe (pepe)
[2025-11-23 22:00:02] Synced coin: Aptos (apt)
[2025-11-23 22:00:02] Synced coin: Binance-Peg WETH (weth)
[2025-11-23 22:00:02] Synced coin: Wrapped SOL (sol)
[2025-11-23 22:00:02] Synced coin: HTX DAO (htx)
[2025-11-23 22:00:02] Synced coin: KuCoin (kcs)
[2025-11-23 22:00:02] Synced coin: Ondo (ondo)
[2025-11-23 22:00:02] Synced coin: Pump.fun (pump)
[2025-11-23 22:00:02] Synced coin: POL (ex-MATIC) (pol)
[2025-11-23 22:00:02] Synced coin: Worldcoin (wld)
[2025-11-23 22:00:02] Synced coin: PAX Gold (paxg)
[2025-11-23 22:00:02] Synced coin: Provenance Blockchain (hash)
[2025-11-23 22:00:02] Synced coin: USDtb (usdtb)
[2025-11-23 22:00:02] Synced coin: BFUSD (bfusd)
[2025-11-23 22:00:02] Synced coin: syrupUSDC (syrupusdc)
[2025-11-23 22:00:02] Synced coin: Binance Bridged USDC (BNB Smart Chain) (usdc)
[2025-11-23 22:00:02] Synced coin: Official Trump (trump)
[2025-11-23 22:00:02] Synced coin: Algorand (algo)
[2025-11-23 22:00:02] Synced coin: Rocket Pool ETH (reth)
[2025-11-23 22:00:02] Synced coin: Cosmos Hub (atom)
[2025-11-23 22:00:02] Synced coin: Circle USYC (usyc)
[2025-11-23 22:00:02] Synced coin: Filecoin (fil)
[2025-11-23 22:00:02] Synced coin: Gate (gt)
[2025-11-23 22:00:02] Synced coin: Wrapped BNB (wbnb)
[2025-11-23 22:00:02] Synced coin: Global Dollar (usdg)
[2025-11-23 22:00:02] Synced coin: Ripple USD (rlusd)
[2025-11-23 22:00:02] Synced coin: Binance Staked SOL (bnsol)
[2025-11-23 22:00:02] Synced coin: Arbitrum (arb)
[2025-11-23 22:00:02] Synced coin: Quant (qnt)
[2025-11-23 22:00:02] Synced coin: VeChain (vet)
[2025-11-23 22:00:02] Synced coin: Kaspa (kas)
[2025-11-23 22:00:02] Synced coin: Flare (flr)
[2025-11-23 22:00:02] Synced coin: Function FBTC (fbtc)
[2025-11-23 22:00:02] Synced coin: Kelp DAO Restaked ETH (rseth)
[2025-11-23 22:00:02] Synced coin: Lombard Staked BTC (lbtc)
[2025-11-23 22:00:02] Synced coin: Kinetiq Staked HYPE (khype)
[2025-11-23 22:00:02] Sync completed successfully.
[2025-11-23 22:05:02] Synced coin: Bitcoin (btc)
[2025-11-23 22:05:02] Synced coin: Ethereum (eth)
[2025-11-23 22:05:02] Synced coin: Tether (usdt)
[2025-11-23 22:05:02] Synced coin: XRP (xrp)
[2025-11-23 22:05:02] Synced coin: BNB (bnb)
[2025-11-23 22:05:02] Synced coin: USDC (usdc)
[2025-11-23 22:05:02] Synced coin: Solana (sol)
[2025-11-23 22:05:02] Synced coin: TRON (trx)
[2025-11-23 22:05:02] Synced coin: Lido Staked Ether (steth)
[2025-11-23 22:05:02] Synced coin: Dogecoin (doge)
[2025-11-23 22:05:02] Synced coin: Cardano (ada)
[2025-11-23 22:05:02] Synced coin: Figure Heloc (figr_heloc)
[2025-11-23 22:05:02] Synced coin: WhiteBIT Coin (wbt)
[2025-11-23 22:05:02] Synced coin: Wrapped stETH (wsteth)
[2025-11-23 22:05:02] Synced coin: Bitcoin Cash (bch)
[2025-11-23 22:05:02] Synced coin: Wrapped Bitcoin (wbtc)
[2025-11-23 22:05:02] Synced coin: Wrapped Beacon ETH (wbeth)
[2025-11-23 22:05:02] Synced coin: Zcash (zec)
[2025-11-23 22:05:02] Synced coin: USDS (usds)
[2025-11-23 22:05:02] Synced coin: Binance Bridged USDT (BNB Smart Chain) (bsc-usd)
[2025-11-23 22:05:02] Synced coin: LEO Token (leo)
[2025-11-23 22:05:02] Synced coin: Chainlink (link)
[2025-11-23 22:05:02] Synced coin: Hyperliquid (hype)
[2025-11-23 22:05:02] Synced coin: Stellar (xlm)
[2025-11-23 22:05:02] Synced coin: WETH (weth)
[2025-11-23 22:05:02] Synced coin: Ethena USDe (usde)
[2025-11-23 22:05:02] Synced coin: Monero (xmr)
[2025-11-23 22:05:02] Synced coin: Wrapped eETH (weeth)
[2025-11-23 22:05:02] Synced coin: Coinbase Wrapped BTC (cbbtc)
[2025-11-23 22:05:02] Synced coin: Litecoin (ltc)
[2025-11-23 22:05:02] Synced coin: Hedera (hbar)
[2025-11-23 22:05:02] Synced coin: Avalanche (avax)
[2025-11-23 22:05:02] Synced coin: Sui (sui)
[2025-11-23 22:05:02] Synced coin: Shiba Inu (shib)
[2025-11-23 22:05:02] Synced coin: Dai (dai)
[2025-11-23 22:05:02] Synced coin: Ethena Staked USDe (susde)
[2025-11-23 22:05:02] Synced coin: World Liberty Financial (wlfi)
[2025-11-23 22:05:02] Synced coin: Cronos (cro)
[2025-11-23 22:05:02] Synced coin: USDT0 (usdt0)
[2025-11-23 22:05:02] Synced coin: Uniswap (uni)
[2025-11-23 22:05:02] Synced coin: sUSDS (susds)
[2025-11-23 22:05:02] Synced coin: Polkadot (dot)
[2025-11-23 22:05:02] Synced coin: Toncoin (ton)
[2025-11-23 22:05:02] Synced coin: PayPal USD (pyusd)
[2025-11-23 22:05:02] Synced coin: Mantle (mnt)
[2025-11-23 22:05:02] Synced coin: MemeCore (m)
[2025-11-23 22:05:02] Synced coin: Bittensor (tao)
[2025-11-23 22:05:02] Synced coin: Canton (cc)
[2025-11-23 22:05:02] Synced coin: USD1 (usd1)
[2025-11-23 22:05:02] Synced coin: Currency One USD (c1usd)
[2025-11-23 22:05:02] Synced coin: Bitget Token (bgb)
[2025-11-23 22:05:02] Synced coin: Aave (aave)
[2025-11-23 22:05:02] Synced coin: NEAR Protocol (near)
[2025-11-23 22:05:02] Synced coin: BlackRock USD Institutional Digital Liquidity Fund (buidl)
[2025-11-23 22:05:02] Synced coin: OKB (okb)
[2025-11-23 22:05:02] Synced coin: Internet Computer (icp)
[2025-11-23 22:05:02] Synced coin: Falcon USD (usdf)
[2025-11-23 22:05:02] Synced coin: Aster (aster)
[2025-11-23 22:05:02] Synced coin: Ethereum Classic (etc)
[2025-11-23 22:05:02] Synced coin: Tether Gold (xaut)
[2025-11-23 22:05:02] Synced coin: Pi Network (pi)
[2025-11-23 22:05:02] Synced coin: Jito Staked SOL (jitosol)
[2025-11-23 22:05:02] Synced coin: Jupiter Perpetuals Liquidity Provider Token (jlp)
[2025-11-23 22:05:02] Synced coin: Ethena (ena)
[2025-11-23 22:05:02] Synced coin: Pepe (pepe)
[2025-11-23 22:05:02] Synced coin: Aptos (apt)
[2025-11-23 22:05:02] Synced coin: Binance-Peg WETH (weth)
[2025-11-23 22:05:02] Synced coin: Wrapped SOL (sol)
[2025-11-23 22:05:02] Synced coin: HTX DAO (htx)
[2025-11-23 22:05:02] Synced coin: KuCoin (kcs)
[2025-11-23 22:05:02] Synced coin: Ondo (ondo)
[2025-11-23 22:05:02] Synced coin: Pump.fun (pump)
[2025-11-23 22:05:02] Synced coin: POL (ex-MATIC) (pol)
[2025-11-23 22:05:02] Synced coin: Worldcoin (wld)
[2025-11-23 22:05:02] Synced coin: PAX Gold (paxg)
[2025-11-23 22:05:02] Synced coin: Provenance Blockchain (hash)
[2025-11-23 22:05:02] Synced coin: USDtb (usdtb)
[2025-11-23 22:05:02] Synced coin: BFUSD (bfusd)
[2025-11-23 22:05:02] Synced coin: syrupUSDC (syrupusdc)
[2025-11-23 22:05:02] Synced coin: Binance Bridged USDC (BNB Smart Chain) (usdc)
[2025-11-23 22:05:02] Synced coin: Official Trump (trump)
[2025-11-23 22:05:02] Synced coin: Algorand (algo)
[2025-11-23 22:05:02] Synced coin: Rocket Pool ETH (reth)
[2025-11-23 22:05:02] Synced coin: Cosmos Hub (atom)
[2025-11-23 22:05:02] Synced coin: Circle USYC (usyc)
[2025-11-23 22:05:02] Synced coin: Filecoin (fil)
[2025-11-23 22:05:02] Synced coin: Gate (gt)
[2025-11-23 22:05:02] Synced coin: Wrapped BNB (wbnb)
[2025-11-23 22:05:02] Synced coin: Ripple USD (rlusd)
[2025-11-23 22:05:02] Synced coin: Global Dollar (usdg)
[2025-11-23 22:05:02] Synced coin: Binance Staked SOL (bnsol)
[2025-11-23 22:05:02] Synced coin: Arbitrum (arb)
[2025-11-23 22:05:02] Synced coin: Quant (qnt)
[2025-11-23 22:05:02] Synced coin: VeChain (vet)
[2025-11-23 22:05:02] Synced coin: Kaspa (kas)
[2025-11-23 22:05:02] Synced coin: Flare (flr)
[2025-11-23 22:05:02] Synced coin: Function FBTC (fbtc)
[2025-11-23 22:05:02] Synced coin: Kelp DAO Restaked ETH (rseth)
[2025-11-23 22:05:02] Synced coin: Lombard Staked BTC (lbtc)
[2025-11-23 22:05:02] Synced coin: Kinetiq Staked HYPE (khype)
[2025-11-23 22:05:02] Sync completed successfully.
[2025-11-23 22:10:03] Synced coin: Bitcoin (btc)
[2025-11-23 22:10:03] Synced coin: Ethereum (eth)
[2025-11-23 22:10:03] Synced coin: Tether (usdt)
[2025-11-23 22:10:03] Synced coin: XRP (xrp)
[2025-11-23 22:10:03] Synced coin: BNB (bnb)
[2025-11-23 22:10:03] Synced coin: USDC (usdc)
[2025-11-23 22:10:03] Synced coin: Solana (sol)
[2025-11-23 22:10:03] Synced coin: TRON (trx)
[2025-11-23 22:10:03] Synced coin: Lido Staked Ether (steth)
[2025-11-23 22:10:03] Synced coin: Dogecoin (doge)
[2025-11-23 22:10:03] Synced coin: Cardano (ada)
[2025-11-23 22:10:03] Synced coin: Figure Heloc (figr_heloc)
[2025-11-23 22:10:03] Synced coin: WhiteBIT Coin (wbt)
[2025-11-23 22:10:03] Synced coin: Wrapped stETH (wsteth)
[2025-11-23 22:10:03] Synced coin: Bitcoin Cash (bch)
[2025-11-23 22:10:03] Synced coin: Wrapped Bitcoin (wbtc)
[2025-11-23 22:10:03] Synced coin: Wrapped Beacon ETH (wbeth)
[2025-11-23 22:10:03] Synced coin: Zcash (zec)
[2025-11-23 22:10:03] Synced coin: USDS (usds)
[2025-11-23 22:10:03] Synced coin: Binance Bridged USDT (BNB Smart Chain) (bsc-usd)
[2025-11-23 22:10:03] Synced coin: LEO Token (leo)
[2025-11-23 22:10:03] Synced coin: Chainlink (link)
[2025-11-23 22:10:03] Synced coin: Hyperliquid (hype)
[2025-11-23 22:10:03] Synced coin: Stellar (xlm)
[2025-11-23 22:10:03] Synced coin: WETH (weth)
[2025-11-23 22:10:03] Synced coin: Ethena USDe (usde)
[2025-11-23 22:10:03] Synced coin: Monero (xmr)
[2025-11-23 22:10:03] Synced coin: Wrapped eETH (weeth)
[2025-11-23 22:10:03] Synced coin: Coinbase Wrapped BTC (cbbtc)
[2025-11-23 22:10:03] Synced coin: Litecoin (ltc)
[2025-11-23 22:10:03] Synced coin: Hedera (hbar)
[2025-11-23 22:10:03] Synced coin: Avalanche (avax)
[2025-11-23 22:10:03] Synced coin: Sui (sui)
[2025-11-23 22:10:03] Synced coin: Shiba Inu (shib)
[2025-11-23 22:10:03] Synced coin: Dai (dai)
[2025-11-23 22:10:03] Synced coin: Ethena Staked USDe (susde)
[2025-11-23 22:10:03] Synced coin: World Liberty Financial (wlfi)
[2025-11-23 22:10:03] Synced coin: USDT0 (usdt0)
[2025-11-23 22:10:03] Synced coin: Cronos (cro)
[2025-11-23 22:10:03] Synced coin: Uniswap (uni)
[2025-11-23 22:10:03] Synced coin: sUSDS (susds)
[2025-11-23 22:10:03] Synced coin: Polkadot (dot)
[2025-11-23 22:10:03] Synced coin: Toncoin (ton)
[2025-11-23 22:10:03] Synced coin: PayPal USD (pyusd)
[2025-11-23 22:10:03] Synced coin: MemeCore (m)
[2025-11-23 22:10:03] Synced coin: Mantle (mnt)
[2025-11-23 22:10:03] Synced coin: Bittensor (tao)
[2025-11-23 22:10:03] Synced coin: Canton (cc)
[2025-11-23 22:10:03] Synced coin: USD1 (usd1)
[2025-11-23 22:10:03] Synced coin: Currency One USD (c1usd)
[2025-11-23 22:10:03] Synced coin: Bitget Token (bgb)
[2025-11-23 22:10:03] Synced coin: Aave (aave)
[2025-11-23 22:10:03] Synced coin: NEAR Protocol (near)
[2025-11-23 22:10:03] Synced coin: BlackRock USD Institutional Digital Liquidity Fund (buidl)
[2025-11-23 22:10:03] Synced coin: Internet Computer (icp)
[2025-11-23 22:10:03] Synced coin: OKB (okb)
[2025-11-23 22:10:03] Synced coin: Falcon USD (usdf)
[2025-11-23 22:10:03] Synced coin: Aster (aster)
[2025-11-23 22:10:03] Synced coin: Tether Gold (xaut)
[2025-11-23 22:10:03] Synced coin: Ethereum Classic (etc)
[2025-11-23 22:10:03] Synced coin: Pi Network (pi)
[2025-11-23 22:10:03] Synced coin: Jito Staked SOL (jitosol)
[2025-11-23 22:10:03] Synced coin: Jupiter Perpetuals Liquidity Provider Token (jlp)
[2025-11-23 22:10:03] Synced coin: Ethena (ena)
[2025-11-23 22:10:03] Synced coin: Pepe (pepe)
[2025-11-23 22:10:03] Synced coin: Aptos (apt)
[2025-11-23 22:10:03] Synced coin: Binance-Peg WETH (weth)
[2025-11-23 22:10:03] Synced coin: Wrapped SOL (sol)
[2025-11-23 22:10:03] Synced coin: HTX DAO (htx)
[2025-11-23 22:10:03] Synced coin: KuCoin (kcs)
[2025-11-23 22:10:03] Synced coin: Ondo (ondo)
[2025-11-23 22:10:03] Synced coin: Pump.fun (pump)
[2025-11-23 22:10:03] Synced coin: POL (ex-MATIC) (pol)
[2025-11-23 22:10:03] Synced coin: Worldcoin (wld)
[2025-11-23 22:10:03] Synced coin: PAX Gold (paxg)
[2025-11-23 22:10:03] Synced coin: Provenance Blockchain (hash)
[2025-11-23 22:10:03] Synced coin: USDtb (usdtb)
[2025-11-23 22:10:03] Synced coin: BFUSD (bfusd)
[2025-11-23 22:10:03] Synced coin: syrupUSDC (syrupusdc)
[2025-11-23 22:10:03] Synced coin: Binance Bridged USDC (BNB Smart Chain) (usdc)
[2025-11-23 22:10:03] Synced coin: Official Trump (trump)
[2025-11-23 22:10:03] Synced coin: Algorand (algo)
[2025-11-23 22:10:03] Synced coin: Rocket Pool ETH (reth)
[2025-11-23 22:10:03] Synced coin: Cosmos Hub (atom)
[2025-11-23 22:10:03] Synced coin: Circle USYC (usyc)
[2025-11-23 22:10:03] Synced coin: Filecoin (fil)
[2025-11-23 22:10:03] Synced coin: Gate (gt)
[2025-11-23 22:10:03] Synced coin: Wrapped BNB (wbnb)
[2025-11-23 22:10:03] Synced coin: Global Dollar (usdg)
[2025-11-23 22:10:03] Synced coin: Ripple USD (rlusd)
[2025-11-23 22:10:03] Synced coin: Binance Staked SOL (bnsol)
[2025-11-23 22:10:03] Synced coin: Arbitrum (arb)
[2025-11-23 22:10:03] Synced coin: Quant (qnt)
[2025-11-23 22:10:03] Synced coin: VeChain (vet)
[2025-11-23 22:10:03] Synced coin: Kaspa (kas)
[2025-11-23 22:10:03] Synced coin: Flare (flr)
[2025-11-23 22:10:03] Synced coin: Function FBTC (fbtc)
[2025-11-23 22:10:03] Synced coin: Kelp DAO Restaked ETH (rseth)
[2025-11-23 22:10:03] Synced coin: Lombard Staked BTC (lbtc)
[2025-11-23 22:10:03] Synced coin: Kinetiq Staked HYPE (khype)
[2025-11-23 22:10:03] Sync completed successfully.
[2025-11-23 22:15:01] Synced coin: Bitcoin (btc)
[2025-11-23 22:15:01] Synced coin: Ethereum (eth)
[2025-11-23 22:15:01] Synced coin: Tether (usdt)
[2025-11-23 22:15:01] Synced coin: XRP (xrp)
[2025-11-23 22:15:01] Synced coin: BNB (bnb)
[2025-11-23 22:15:01] Synced coin: USDC (usdc)
[2025-11-23 22:15:01] Synced coin: Solana (sol)
[2025-11-23 22:15:01] Synced coin: TRON (trx)
[2025-11-23 22:15:01] Synced coin: Lido Staked Ether (steth)
[2025-11-23 22:15:01] Synced coin: Dogecoin (doge)
[2025-11-23 22:15:01] Synced coin: Cardano (ada)
[2025-11-23 22:15:01] Synced coin: Figure Heloc (figr_heloc)
[2025-11-23 22:15:01] Synced coin: WhiteBIT Coin (wbt)
[2025-11-23 22:15:01] Synced coin: Wrapped stETH (wsteth)
[2025-11-23 22:15:01] Synced coin: Bitcoin Cash (bch)
[2025-11-23 22:15:01] Synced coin: Wrapped Bitcoin (wbtc)
[2025-11-23 22:15:01] Synced coin: Wrapped Beacon ETH (wbeth)
[2025-11-23 22:15:01] Synced coin: Zcash (zec)
[2025-11-23 22:15:01] Synced coin: USDS (usds)
[2025-11-23 22:15:01] Synced coin: Binance Bridged USDT (BNB Smart Chain) (bsc-usd)
[2025-11-23 22:15:01] Synced coin: LEO Token (leo)
[2025-11-23 22:15:01] Synced coin: Chainlink (link)
[2025-11-23 22:15:01] Synced coin: Hyperliquid (hype)
[2025-11-23 22:15:01] Synced coin: Stellar (xlm)
[2025-11-23 22:15:01] Synced coin: WETH (weth)
[2025-11-23 22:15:01] Synced coin: Ethena USDe (usde)
[2025-11-23 22:15:01] Synced coin: Monero (xmr)
[2025-11-23 22:15:01] Synced coin: Wrapped eETH (weeth)
[2025-11-23 22:15:01] Synced coin: Coinbase Wrapped BTC (cbbtc)
[2025-11-23 22:15:01] Synced coin: Litecoin (ltc)
[2025-11-23 22:15:01] Synced coin: Hedera (hbar)
[2025-11-23 22:15:01] Synced coin: Avalanche (avax)
[2025-11-23 22:15:01] Synced coin: Sui (sui)
[2025-11-23 22:15:01] Synced coin: Shiba Inu (shib)
[2025-11-23 22:15:01] Synced coin: Dai (dai)
[2025-11-23 22:15:01] Synced coin: Ethena Staked USDe (susde)
[2025-11-23 22:15:01] Synced coin: World Liberty Financial (wlfi)
[2025-11-23 22:15:01] Synced coin: USDT0 (usdt0)
[2025-11-23 22:15:01] Synced coin: Cronos (cro)
[2025-11-23 22:15:01] Synced coin: Uniswap (uni)
[2025-11-23 22:15:01] Synced coin: sUSDS (susds)
[2025-11-23 22:15:01] Synced coin: Polkadot (dot)
[2025-11-23 22:15:01] Synced coin: Toncoin (ton)
[2025-11-23 22:15:01] Synced coin: PayPal USD (pyusd)
[2025-11-23 22:15:01] Synced coin: MemeCore (m)
[2025-11-23 22:15:01] Synced coin: Mantle (mnt)
[2025-11-23 22:15:01] Synced coin: Bittensor (tao)
[2025-11-23 22:15:01] Synced coin: Canton (cc)
[2025-11-23 22:15:01] Synced coin: USD1 (usd1)
[2025-11-23 22:15:01] Synced coin: Currency One USD (c1usd)
[2025-11-23 22:15:01] Synced coin: Bitget Token (bgb)
[2025-11-23 22:15:01] Synced coin: Aave (aave)
[2025-11-23 22:15:01] Synced coin: NEAR Protocol (near)
[2025-11-23 22:15:01] Synced coin: BlackRock USD Institutional Digital Liquidity Fund (buidl)
[2025-11-23 22:15:01] Synced coin: Internet Computer (icp)
[2025-11-23 22:15:01] Synced coin: OKB (okb)
[2025-11-23 22:15:01] Synced coin: Falcon USD (usdf)
[2025-11-23 22:15:01] Synced coin: Aster (aster)
[2025-11-23 22:15:01] Synced coin: Tether Gold (xaut)
[2025-11-23 22:15:01] Synced coin: Ethereum Classic (etc)
[2025-11-23 22:15:01] Synced coin: Pi Network (pi)
[2025-11-23 22:15:01] Synced coin: Jito Staked SOL (jitosol)
[2025-11-23 22:15:01] Synced coin: Jupiter Perpetuals Liquidity Provider Token (jlp)
[2025-11-23 22:15:01] Synced coin: Ethena (ena)
[2025-11-23 22:15:01] Synced coin: Pepe (pepe)
[2025-11-23 22:15:01] Synced coin: Aptos (apt)
[2025-11-23 22:15:01] Synced coin: Binance-Peg WETH (weth)
[2025-11-23 22:15:01] Synced coin: Wrapped SOL (sol)
[2025-11-23 22:15:01] Synced coin: HTX DAO (htx)
[2025-11-23 22:15:02] Synced coin: KuCoin (kcs)
[2025-11-23 22:15:02] Synced coin: Ondo (ondo)
[2025-11-23 22:15:02] Synced coin: Pump.fun (pump)
[2025-11-23 22:15:02] Synced coin: POL (ex-MATIC) (pol)
[2025-11-23 22:15:02] Synced coin: Worldcoin (wld)
[2025-11-23 22:15:02] Synced coin: PAX Gold (paxg)
[2025-11-23 22:15:02] Synced coin: USDtb (usdtb)
[2025-11-23 22:15:02] Synced coin: Provenance Blockchain (hash)
[2025-11-23 22:15:02] Synced coin: BFUSD (bfusd)
[2025-11-23 22:15:02] Synced coin: syrupUSDC (syrupusdc)
[2025-11-23 22:15:02] Synced coin: Binance Bridged USDC (BNB Smart Chain) (usdc)
[2025-11-23 22:15:02] Synced coin: Official Trump (trump)
[2025-11-23 22:15:02] Synced coin: Algorand (algo)
[2025-11-23 22:15:02] Synced coin: Rocket Pool ETH (reth)
[2025-11-23 22:15:02] Synced coin: Cosmos Hub (atom)
[2025-11-23 22:15:02] Synced coin: Circle USYC (usyc)
[2025-11-23 22:15:02] Synced coin: Filecoin (fil)
[2025-11-23 22:15:02] Synced coin: Gate (gt)
[2025-11-23 22:15:02] Synced coin: Wrapped BNB (wbnb)
[2025-11-23 22:15:02] Synced coin: Global Dollar (usdg)
[2025-11-23 22:15:02] Synced coin: Ripple USD (rlusd)
[2025-11-23 22:15:02] Synced coin: Binance Staked SOL (bnsol)
[2025-11-23 22:15:02] Synced coin: Arbitrum (arb)
[2025-11-23 22:15:02] Synced coin: Quant (qnt)
[2025-11-23 22:15:02] Synced coin: VeChain (vet)
[2025-11-23 22:15:02] Synced coin: Kaspa (kas)
[2025-11-23 22:15:02] Synced coin: Flare (flr)
[2025-11-23 22:15:02] Synced coin: Function FBTC (fbtc)
[2025-11-23 22:15:02] Synced coin: Kelp DAO Restaked ETH (rseth)
[2025-11-23 22:15:02] Synced coin: Lombard Staked BTC (lbtc)
[2025-11-23 22:15:02] Synced coin: Sky (sky)
[2025-11-23 22:15:02] Sync completed successfully.
[2025-11-23 22:20:02] Synced coin: Bitcoin (btc)
[2025-11-23 22:20:02] Synced coin: Ethereum (eth)
[2025-11-23 22:20:02] Synced coin: Tether (usdt)
[2025-11-23 22:20:02] Synced coin: XRP (xrp)
[2025-11-23 22:20:02] Synced coin: BNB (bnb)
[2025-11-23 22:20:02] Synced coin: USDC (usdc)
[2025-11-23 22:20:02] Synced coin: Solana (sol)
[2025-11-23 22:20:02] Synced coin: TRON (trx)
[2025-11-23 22:20:02] Synced coin: Lido Staked Ether (steth)
[2025-11-23 22:20:02] Synced coin: Dogecoin (doge)
[2025-11-23 22:20:02] Synced coin: Cardano (ada)
[2025-11-23 22:20:02] Synced coin: Figure Heloc (figr_heloc)
[2025-11-23 22:20:02] Synced coin: WhiteBIT Coin (wbt)
[2025-11-23 22:20:02] Synced coin: Wrapped stETH (wsteth)
[2025-11-23 22:20:02] Synced coin: Bitcoin Cash (bch)
[2025-11-23 22:20:02] Synced coin: Wrapped Bitcoin (wbtc)
[2025-11-23 22:20:02] Synced coin: Wrapped Beacon ETH (wbeth)
[2025-11-23 22:20:02] Synced coin: Zcash (zec)
[2025-11-23 22:20:02] Synced coin: USDS (usds)
[2025-11-23 22:20:02] Synced coin: Binance Bridged USDT (BNB Smart Chain) (bsc-usd)
[2025-11-23 22:20:02] Synced coin: LEO Token (leo)
[2025-11-23 22:20:02] Synced coin: Chainlink (link)
[2025-11-23 22:20:02] Synced coin: Hyperliquid (hype)
[2025-11-23 22:20:02] Synced coin: Stellar (xlm)
[2025-11-23 22:20:02] Synced coin: WETH (weth)
[2025-11-23 22:20:02] Synced coin: Ethena USDe (usde)
[2025-11-23 22:20:02] Synced coin: Monero (xmr)
[2025-11-23 22:20:02] Synced coin: Wrapped eETH (weeth)
[2025-11-23 22:20:02] Synced coin: Coinbase Wrapped BTC (cbbtc)
[2025-11-23 22:20:02] Synced coin: Litecoin (ltc)
[2025-11-23 22:20:02] Synced coin: Hedera (hbar)
[2025-11-23 22:20:02] Synced coin: Avalanche (avax)
[2025-11-23 22:20:02] Synced coin: Sui (sui)
[2025-11-23 22:20:02] Synced coin: Shiba Inu (shib)
[2025-11-23 22:20:02] Synced coin: Dai (dai)
[2025-11-23 22:20:02] Synced coin: Ethena Staked USDe (susde)
[2025-11-23 22:20:02] Synced coin: World Liberty Financial (wlfi)
[2025-11-23 22:20:02] Synced coin: USDT0 (usdt0)
[2025-11-23 22:20:02] Synced coin: Cronos (cro)
[2025-11-23 22:20:02] Synced coin: Uniswap (uni)
[2025-11-23 22:20:02] Synced coin: sUSDS (susds)
[2025-11-23 22:20:02] Synced coin: Polkadot (dot)
[2025-11-23 22:20:02] Synced coin: Toncoin (ton)
[2025-11-23 22:20:02] Synced coin: PayPal USD (pyusd)
[2025-11-23 22:20:02] Synced coin: MemeCore (m)
[2025-11-23 22:20:02] Synced coin: Mantle (mnt)
[2025-11-23 22:20:02] Synced coin: Bittensor (tao)
[2025-11-23 22:20:02] Synced coin: Canton (cc)
[2025-11-23 22:20:02] Synced coin: USD1 (usd1)
[2025-11-23 22:20:02] Synced coin: Currency One USD (c1usd)
[2025-11-23 22:20:02] Synced coin: Bitget Token (bgb)
[2025-11-23 22:20:02] Synced coin: Aave (aave)
[2025-11-23 22:20:02] Synced coin: NEAR Protocol (near)
[2025-11-23 22:20:02] Synced coin: BlackRock USD Institutional Digital Liquidity Fund (buidl)
[2025-11-23 22:20:02] Synced coin: Internet Computer (icp)
[2025-11-23 22:20:02] Synced coin: OKB (okb)
[2025-11-23 22:20:02] Synced coin: Falcon USD (usdf)
[2025-11-23 22:20:02] Synced coin: Aster (aster)
[2025-11-23 22:20:02] Synced coin: Tether Gold (xaut)
[2025-11-23 22:20:02] Synced coin: Ethereum Classic (etc)
[2025-11-23 22:20:02] Synced coin: Pi Network (pi)
[2025-11-23 22:20:02] Synced coin: Jito Staked SOL (jitosol)
[2025-11-23 22:20:02] Synced coin: Jupiter Perpetuals Liquidity Provider Token (jlp)
[2025-11-23 22:20:02] Synced coin: Ethena (ena)
[2025-11-23 22:20:02] Synced coin: Pepe (pepe)
[2025-11-23 22:20:02] Synced coin: Aptos (apt)
[2025-11-23 22:20:02] Synced coin: Binance-Peg WETH (weth)
[2025-11-23 22:20:02] Synced coin: Wrapped SOL (sol)
[2025-11-23 22:20:02] Synced coin: HTX DAO (htx)
[2025-11-23 22:20:02] Synced coin: KuCoin (kcs)
[2025-11-23 22:20:02] Synced coin: Ondo (ondo)
[2025-11-23 22:20:02] Synced coin: Pump.fun (pump)
[2025-11-23 22:20:02] Synced coin: POL (ex-MATIC) (pol)
[2025-11-23 22:20:02] Synced coin: Worldcoin (wld)
[2025-11-23 22:20:02] Synced coin: PAX Gold (paxg)
[2025-11-23 22:20:02] Synced coin: USDtb (usdtb)
[2025-11-23 22:20:02] Synced coin: Provenance Blockchain (hash)
[2025-11-23 22:20:02] Synced coin: BFUSD (bfusd)
[2025-11-23 22:20:02] Synced coin: syrupUSDC (syrupusdc)
[2025-11-23 22:20:02] Synced coin: Binance Bridged USDC (BNB Smart Chain) (usdc)
[2025-11-23 22:20:02] Synced coin: Official Trump (trump)
[2025-11-23 22:20:02] Synced coin: Algorand (algo)
[2025-11-23 22:20:02] Synced coin: Rocket Pool ETH (reth)
[2025-11-23 22:20:02] Synced coin: Cosmos Hub (atom)
[2025-11-23 22:20:02] Synced coin: Circle USYC (usyc)
[2025-11-23 22:20:02] Synced coin: Filecoin (fil)
[2025-11-23 22:20:02] Synced coin: Gate (gt)
[2025-11-23 22:20:02] Synced coin: Wrapped BNB (wbnb)
[2025-11-23 22:20:02] Synced coin: Global Dollar (usdg)
[2025-11-23 22:20:02] Synced coin: Ripple USD (rlusd)
[2025-11-23 22:20:02] Synced coin: Binance Staked SOL (bnsol)
[2025-11-23 22:20:02] Synced coin: Arbitrum (arb)
[2025-11-23 22:20:02] Synced coin: Quant (qnt)
[2025-11-23 22:20:02] Synced coin: VeChain (vet)
[2025-11-23 22:20:02] Synced coin: Kaspa (kas)
[2025-11-23 22:20:02] Synced coin: Flare (flr)
[2025-11-23 22:20:02] Synced coin: Function FBTC (fbtc)
[2025-11-23 22:20:02] Synced coin: Kelp DAO Restaked ETH (rseth)
[2025-11-23 22:20:02] Synced coin: Lombard Staked BTC (lbtc)
[2025-11-23 22:20:02] Synced coin: Sky (sky)
[2025-11-23 22:20:02] Sync completed successfully.
[2025-11-23 22:25:03] Synced coin: Bitcoin (btc)
[2025-11-23 22:25:03] Synced coin: Ethereum (eth)
[2025-11-23 22:25:03] Synced coin: Tether (usdt)
[2025-11-23 22:25:03] Synced coin: XRP (xrp)
[2025-11-23 22:25:03] Synced coin: BNB (bnb)
[2025-11-23 22:25:03] Synced coin: USDC (usdc)
[2025-11-23 22:25:03] Synced coin: Solana (sol)
[2025-11-23 22:25:03] Synced coin: TRON (trx)
[2025-11-23 22:25:03] Synced coin: Lido Staked Ether (steth)
[2025-11-23 22:25:03] Synced coin: Dogecoin (doge)
[2025-11-23 22:25:03] Synced coin: Cardano (ada)
[2025-11-23 22:25:03] Synced coin: Figure Heloc (figr_heloc)
[2025-11-23 22:25:03] Synced coin: WhiteBIT Coin (wbt)
[2025-11-23 22:25:03] Synced coin: Wrapped stETH (wsteth)
[2025-11-23 22:25:03] Synced coin: Bitcoin Cash (bch)
[2025-11-23 22:25:03] Synced coin: Wrapped Bitcoin (wbtc)
[2025-11-23 22:25:03] Synced coin: Wrapped Beacon ETH (wbeth)
[2025-11-23 22:25:03] Synced coin: Zcash (zec)
[2025-11-23 22:25:03] Synced coin: USDS (usds)
[2025-11-23 22:25:03] Synced coin: Binance Bridged USDT (BNB Smart Chain) (bsc-usd)
[2025-11-23 22:25:03] Synced coin: LEO Token (leo)
[2025-11-23 22:25:03] Synced coin: Chainlink (link)
[2025-11-23 22:25:03] Synced coin: Hyperliquid (hype)
[2025-11-23 22:25:03] Synced coin: Stellar (xlm)
[2025-11-23 22:25:03] Synced coin: WETH (weth)
[2025-11-23 22:25:03] Synced coin: Ethena USDe (usde)
[2025-11-23 22:25:03] Synced coin: Monero (xmr)
[2025-11-23 22:25:03] Synced coin: Wrapped eETH (weeth)
[2025-11-23 22:25:03] Synced coin: Coinbase Wrapped BTC (cbbtc)
[2025-11-23 22:25:03] Synced coin: Litecoin (ltc)
[2025-11-23 22:25:03] Synced coin: Hedera (hbar)
[2025-11-23 22:25:03] Synced coin: Avalanche (avax)
[2025-11-23 22:25:03] Synced coin: Sui (sui)
[2025-11-23 22:25:03] Synced coin: Shiba Inu (shib)
[2025-11-23 22:25:03] Synced coin: Dai (dai)
[2025-11-23 22:25:03] Synced coin: Ethena Staked USDe (susde)
[2025-11-23 22:25:03] Synced coin: World Liberty Financial (wlfi)
[2025-11-23 22:25:03] Synced coin: USDT0 (usdt0)
[2025-11-23 22:25:03] Synced coin: Cronos (cro)
[2025-11-23 22:25:03] Synced coin: Uniswap (uni)
[2025-11-23 22:25:03] Synced coin: sUSDS (susds)
[2025-11-23 22:25:03] Synced coin: Polkadot (dot)
[2025-11-23 22:25:03] Synced coin: Toncoin (ton)
[2025-11-23 22:25:03] Synced coin: PayPal USD (pyusd)
[2025-11-23 22:25:03] Synced coin: Mantle (mnt)
[2025-11-23 22:25:03] Synced coin: MemeCore (m)
[2025-11-23 22:25:03] Synced coin: Bittensor (tao)
[2025-11-23 22:25:03] Synced coin: Canton (cc)
[2025-11-23 22:25:03] Synced coin: USD1 (usd1)
[2025-11-23 22:25:03] Synced coin: Currency One USD (c1usd)
[2025-11-23 22:25:03] Synced coin: Bitget Token (bgb)
[2025-11-23 22:25:03] Synced coin: Aave (aave)
[2025-11-23 22:25:03] Synced coin: NEAR Protocol (near)
[2025-11-23 22:25:03] Synced coin: BlackRock USD Institutional Digital Liquidity Fund (buidl)
[2025-11-23 22:25:03] Synced coin: Internet Computer (icp)
[2025-11-23 22:25:03] Synced coin: OKB (okb)
[2025-11-23 22:25:03] Synced coin: Falcon USD (usdf)
[2025-11-23 22:25:03] Synced coin: Aster (aster)
[2025-11-23 22:25:03] Synced coin: Tether Gold (xaut)
[2025-11-23 22:25:03] Synced coin: Ethereum Classic (etc)
[2025-11-23 22:25:03] Synced coin: Pi Network (pi)
[2025-11-23 22:25:03] Synced coin: Jito Staked SOL (jitosol)
[2025-11-23 22:25:03] Synced coin: Jupiter Perpetuals Liquidity Provider Token (jlp)
[2025-11-23 22:25:03] Synced coin: Pepe (pepe)
[2025-11-23 22:25:03] Synced coin: Ethena (ena)
[2025-11-23 22:25:03] Synced coin: Aptos (apt)
[2025-11-23 22:25:03] Synced coin: Binance-Peg WETH (weth)
[2025-11-23 22:25:03] Synced coin: Wrapped SOL (sol)
[2025-11-23 22:25:03] Synced coin: HTX DAO (htx)
[2025-11-23 22:25:03] Synced coin: KuCoin (kcs)
[2025-11-23 22:25:03] Synced coin: Ondo (ondo)
[2025-11-23 22:25:03] Synced coin: Pump.fun (pump)
[2025-11-23 22:25:03] Synced coin: POL (ex-MATIC) (pol)
[2025-11-23 22:25:03] Synced coin: Worldcoin (wld)
[2025-11-23 22:25:03] Synced coin: PAX Gold (paxg)
[2025-11-23 22:25:03] Synced coin: USDtb (usdtb)
[2025-11-23 22:25:03] Synced coin: Provenance Blockchain (hash)
[2025-11-23 22:25:03] Synced coin: BFUSD (bfusd)
[2025-11-23 22:25:03] Synced coin: syrupUSDC (syrupusdc)
[2025-11-23 22:25:03] Synced coin: Binance Bridged USDC (BNB Smart Chain) (usdc)
[2025-11-23 22:25:03] Synced coin: Official Trump (trump)
[2025-11-23 22:25:03] Synced coin: Algorand (algo)
[2025-11-23 22:25:03] Synced coin: Rocket Pool ETH (reth)
[2025-11-23 22:25:03] Synced coin: Cosmos Hub (atom)
[2025-11-23 22:25:03] Synced coin: Circle USYC (usyc)
[2025-11-23 22:25:03] Synced coin: Filecoin (fil)
[2025-11-23 22:25:03] Synced coin: Gate (gt)
[2025-11-23 22:25:03] Synced coin: Wrapped BNB (wbnb)
[2025-11-23 22:25:03] Synced coin: Global Dollar (usdg)
[2025-11-23 22:25:03] Synced coin: Ripple USD (rlusd)
[2025-11-23 22:25:03] Synced coin: Binance Staked SOL (bnsol)
[2025-11-23 22:25:03] Synced coin: Arbitrum (arb)
[2025-11-23 22:25:03] Synced coin: Quant (qnt)
[2025-11-23 22:25:03] Synced coin: VeChain (vet)
[2025-11-23 22:25:03] Synced coin: Kaspa (kas)
[2025-11-23 22:25:03] Synced coin: Flare (flr)
[2025-11-23 22:25:03] Synced coin: Function FBTC (fbtc)
[2025-11-23 22:25:03] Synced coin: Kelp DAO Restaked ETH (rseth)
[2025-11-23 22:25:03] Synced coin: Lombard Staked BTC (lbtc)
[2025-11-23 22:25:03] Synced coin: Sky (sky)
[2025-11-23 22:25:03] Sync completed successfully.
[2025-11-23 22:30:01] Synced coin: Bitcoin (btc)
[2025-11-23 22:30:01] Synced coin: Ethereum (eth)
[2025-11-23 22:30:01] Synced coin: Tether (usdt)
[2025-11-23 22:30:01] Synced coin: XRP (xrp)
[2025-11-23 22:30:01] Synced coin: BNB (bnb)
[2025-11-23 22:30:01] Synced coin: USDC (usdc)
[2025-11-23 22:30:01] Synced coin: Solana (sol)
[2025-11-23 22:30:01] Synced coin: TRON (trx)
[2025-11-23 22:30:01] Synced coin: Lido Staked Ether (steth)
[2025-11-23 22:30:01] Synced coin: Dogecoin (doge)
[2025-11-23 22:30:01] Synced coin: Cardano (ada)
[2025-11-23 22:30:01] Synced coin: Figure Heloc (figr_heloc)
[2025-11-23 22:30:01] Synced coin: WhiteBIT Coin (wbt)
[2025-11-23 22:30:01] Synced coin: Wrapped stETH (wsteth)
[2025-11-23 22:30:01] Synced coin: Bitcoin Cash (bch)
[2025-11-23 22:30:01] Synced coin: Wrapped Bitcoin (wbtc)
[2025-11-23 22:30:01] Synced coin: Wrapped Beacon ETH (wbeth)
[2025-11-23 22:30:01] Synced coin: Zcash (zec)
[2025-11-23 22:30:01] Synced coin: USDS (usds)
[2025-11-23 22:30:01] Synced coin: Binance Bridged USDT (BNB Smart Chain) (bsc-usd)
[2025-11-23 22:30:01] Synced coin: LEO Token (leo)
[2025-11-23 22:30:01] Synced coin: Chainlink (link)
[2025-11-23 22:30:01] Synced coin: Hyperliquid (hype)
[2025-11-23 22:30:01] Synced coin: Stellar (xlm)
[2025-11-23 22:30:01] Synced coin: WETH (weth)
[2025-11-23 22:30:01] Synced coin: Ethena USDe (usde)
[2025-11-23 22:30:01] Synced coin: Monero (xmr)
[2025-11-23 22:30:01] Synced coin: Wrapped eETH (weeth)
[2025-11-23 22:30:01] Synced coin: Coinbase Wrapped BTC (cbbtc)
[2025-11-23 22:30:01] Synced coin: Litecoin (ltc)
[2025-11-23 22:30:01] Synced coin: Hedera (hbar)
[2025-11-23 22:30:01] Synced coin: Avalanche (avax)
[2025-11-23 22:30:01] Synced coin: Sui (sui)
[2025-11-23 22:30:01] Synced coin: Shiba Inu (shib)
[2025-11-23 22:30:01] Synced coin: Dai (dai)
[2025-11-23 22:30:01] Synced coin: Ethena Staked USDe (susde)
[2025-11-23 22:30:01] Synced coin: World Liberty Financial (wlfi)
[2025-11-23 22:30:01] Synced coin: USDT0 (usdt0)
[2025-11-23 22:30:01] Synced coin: Cronos (cro)
[2025-11-23 22:30:01] Synced coin: Uniswap (uni)
[2025-11-23 22:30:01] Synced coin: sUSDS (susds)
[2025-11-23 22:30:01] Synced coin: Polkadot (dot)
[2025-11-23 22:30:01] Synced coin: Toncoin (ton)
[2025-11-23 22:30:01] Synced coin: PayPal USD (pyusd)
[2025-11-23 22:30:01] Synced coin: MemeCore (m)
[2025-11-23 22:30:01] Synced coin: Mantle (mnt)
[2025-11-23 22:30:01] Synced coin: Bittensor (tao)
[2025-11-23 22:30:01] Synced coin: Canton (cc)
[2025-11-23 22:30:01] Synced coin: USD1 (usd1)
[2025-11-23 22:30:01] Synced coin: Currency One USD (c1usd)
[2025-11-23 22:30:01] Synced coin: Bitget Token (bgb)
[2025-11-23 22:30:01] Synced coin: Aave (aave)
[2025-11-23 22:30:01] Synced coin: NEAR Protocol (near)
[2025-11-23 22:30:01] Synced coin: BlackRock USD Institutional Digital Liquidity Fund (buidl)
[2025-11-23 22:30:01] Synced coin: OKB (okb)
[2025-11-23 22:30:01] Synced coin: Internet Computer (icp)
[2025-11-23 22:30:01] Synced coin: Falcon USD (usdf)
[2025-11-23 22:30:01] Synced coin: Aster (aster)
[2025-11-23 22:30:01] Synced coin: Ethereum Classic (etc)
[2025-11-23 22:30:01] Synced coin: Tether Gold (xaut)
[2025-11-23 22:30:01] Synced coin: Pi Network (pi)
[2025-11-23 22:30:01] Synced coin: Jito Staked SOL (jitosol)
[2025-11-23 22:30:01] Synced coin: Jupiter Perpetuals Liquidity Provider Token (jlp)
[2025-11-23 22:30:01] Synced coin: Ethena (ena)
[2025-11-23 22:30:01] Synced coin: Pepe (pepe)
[2025-11-23 22:30:01] Synced coin: Aptos (apt)
[2025-11-23 22:30:01] Synced coin: Binance-Peg WETH (weth)
[2025-11-23 22:30:01] Synced coin: Wrapped SOL (sol)
[2025-11-23 22:30:01] Synced coin: HTX DAO (htx)
[2025-11-23 22:30:01] Synced coin: KuCoin (kcs)
[2025-11-23 22:30:01] Synced coin: Ondo (ondo)
[2025-11-23 22:30:01] Synced coin: Pump.fun (pump)
[2025-11-23 22:30:01] Synced coin: POL (ex-MATIC) (pol)
[2025-11-23 22:30:01] Synced coin: Worldcoin (wld)
[2025-11-23 22:30:01] Synced coin: PAX Gold (paxg)
[2025-11-23 22:30:01] Synced coin: USDtb (usdtb)
[2025-11-23 22:30:01] Synced coin: Provenance Blockchain (hash)
[2025-11-23 22:30:01] Synced coin: BFUSD (bfusd)
[2025-11-23 22:30:01] Synced coin: syrupUSDC (syrupusdc)
[2025-11-23 22:30:01] Synced coin: Binance Bridged USDC (BNB Smart Chain) (usdc)
[2025-11-23 22:30:01] Synced coin: Official Trump (trump)
[2025-11-23 22:30:01] Synced coin: Algorand (algo)
[2025-11-23 22:30:01] Synced coin: Rocket Pool ETH (reth)
[2025-11-23 22:30:01] Synced coin: Cosmos Hub (atom)
[2025-11-23 22:30:01] Synced coin: Circle USYC (usyc)
[2025-11-23 22:30:01] Synced coin: Filecoin (fil)
[2025-11-23 22:30:01] Synced coin: Gate (gt)
[2025-11-23 22:30:01] Synced coin: Wrapped BNB (wbnb)
[2025-11-23 22:30:01] Synced coin: Global Dollar (usdg)
[2025-11-23 22:30:01] Synced coin: Ripple USD (rlusd)
[2025-11-23 22:30:01] Synced coin: Binance Staked SOL (bnsol)
[2025-11-23 22:30:01] Synced coin: Arbitrum (arb)
[2025-11-23 22:30:01] Synced coin: Quant (qnt)
[2025-11-23 22:30:01] Synced coin: VeChain (vet)
[2025-11-23 22:30:01] Synced coin: Kaspa (kas)
[2025-11-23 22:30:01] Synced coin: Flare (flr)
[2025-11-23 22:30:01] Synced coin: Function FBTC (fbtc)
[2025-11-23 22:30:01] Synced coin: Kelp DAO Restaked ETH (rseth)
[2025-11-23 22:30:01] Synced coin: Lombard Staked BTC (lbtc)
[2025-11-23 22:30:01] Synced coin: Sky (sky)
[2025-11-23 22:30:01] Sync completed successfully.
[2025-11-23 22:35:08] Synced coin: Bitcoin (btc)
[2025-11-23 22:35:08] Synced coin: Ethereum (eth)
[2025-11-23 22:35:08] Synced coin: Tether (usdt)
[2025-11-23 22:35:08] Synced coin: XRP (xrp)
[2025-11-23 22:35:08] Synced coin: BNB (bnb)
[2025-11-23 22:35:08] Synced coin: USDC (usdc)
[2025-11-23 22:35:08] Synced coin: Solana (sol)
[2025-11-23 22:35:08] Synced coin: TRON (trx)
[2025-11-23 22:35:08] Synced coin: Lido Staked Ether (steth)
[2025-11-23 22:35:08] Synced coin: Dogecoin (doge)
[2025-11-23 22:35:08] Synced coin: Cardano (ada)
[2025-11-23 22:35:08] Synced coin: Figure Heloc (figr_heloc)
[2025-11-23 22:35:08] Synced coin: WhiteBIT Coin (wbt)
[2025-11-23 22:35:08] Synced coin: Wrapped stETH (wsteth)
[2025-11-23 22:35:08] Synced coin: Bitcoin Cash (bch)
[2025-11-23 22:35:08] Synced coin: Wrapped Bitcoin (wbtc)
[2025-11-23 22:35:08] Synced coin: Wrapped Beacon ETH (wbeth)
[2025-11-23 22:35:08] Synced coin: Zcash (zec)
[2025-11-23 22:35:08] Synced coin: USDS (usds)
[2025-11-23 22:35:08] Synced coin: Binance Bridged USDT (BNB Smart Chain) (bsc-usd)
[2025-11-23 22:35:08] Synced coin: LEO Token (leo)
[2025-11-23 22:35:08] Synced coin: Chainlink (link)
[2025-11-23 22:35:08] Synced coin: Hyperliquid (hype)
[2025-11-23 22:35:08] Synced coin: Stellar (xlm)
[2025-11-23 22:35:08] Synced coin: WETH (weth)
[2025-11-23 22:35:08] Synced coin: Ethena USDe (usde)
[2025-11-23 22:35:08] Synced coin: Monero (xmr)
[2025-11-23 22:35:08] Synced coin: Wrapped eETH (weeth)
[2025-11-23 22:35:08] Synced coin: Coinbase Wrapped BTC (cbbtc)
[2025-11-23 22:35:08] Synced coin: Litecoin (ltc)
[2025-11-23 22:35:08] Synced coin: Hedera (hbar)
[2025-11-23 22:35:08] Synced coin: Avalanche (avax)
[2025-11-23 22:35:08] Synced coin: Sui (sui)
[2025-11-23 22:35:08] Synced coin: Shiba Inu (shib)
[2025-11-23 22:35:08] Synced coin: Dai (dai)
[2025-11-23 22:35:08] Synced coin: Ethena Staked USDe (susde)
[2025-11-23 22:35:08] Synced coin: World Liberty Financial (wlfi)
[2025-11-23 22:35:08] Synced coin: USDT0 (usdt0)
[2025-11-23 22:35:08] Synced coin: Cronos (cro)
[2025-11-23 22:35:08] Synced coin: Uniswap (uni)
[2025-11-23 22:35:08] Synced coin: sUSDS (susds)
[2025-11-23 22:35:08] Synced coin: Polkadot (dot)
[2025-11-23 22:35:08] Synced coin: Toncoin (ton)
[2025-11-23 22:35:08] Synced coin: PayPal USD (pyusd)
[2025-11-23 22:35:08] Synced coin: Mantle (mnt)
[2025-11-23 22:35:08] Synced coin: MemeCore (m)
[2025-11-23 22:35:08] Synced coin: Bittensor (tao)
[2025-11-23 22:35:08] Synced coin: Canton (cc)
[2025-11-23 22:35:08] Synced coin: USD1 (usd1)
[2025-11-23 22:35:08] Synced coin: Currency One USD (c1usd)
[2025-11-23 22:35:08] Synced coin: Bitget Token (bgb)
[2025-11-23 22:35:08] Synced coin: Aave (aave)
[2025-11-23 22:35:08] Synced coin: NEAR Protocol (near)
[2025-11-23 22:35:08] Synced coin: BlackRock USD Institutional Digital Liquidity Fund (buidl)
[2025-11-23 22:35:08] Synced coin: OKB (okb)
[2025-11-23 22:35:08] Synced coin: Internet Computer (icp)
[2025-11-23 22:35:08] Synced coin: Falcon USD (usdf)
[2025-11-23 22:35:08] Synced coin: Aster (aster)
[2025-11-23 22:35:08] Synced coin: Ethereum Classic (etc)
[2025-11-23 22:35:08] Synced coin: Tether Gold (xaut)
[2025-11-23 22:35:08] Synced coin: Pi Network (pi)
[2025-11-23 22:35:08] Synced coin: Jito Staked SOL (jitosol)
[2025-11-23 22:35:08] Synced coin: Jupiter Perpetuals Liquidity Provider Token (jlp)
[2025-11-23 22:35:08] Synced coin: Ethena (ena)
[2025-11-23 22:35:08] Synced coin: Pepe (pepe)
[2025-11-23 22:35:08] Synced coin: Aptos (apt)
[2025-11-23 22:35:08] Synced coin: Binance-Peg WETH (weth)
[2025-11-23 22:35:08] Synced coin: Wrapped SOL (sol)
[2025-11-23 22:35:08] Synced coin: HTX DAO (htx)
[2025-11-23 22:35:08] Synced coin: KuCoin (kcs)
[2025-11-23 22:35:08] Synced coin: Ondo (ondo)
[2025-11-23 22:35:08] Synced coin: Pump.fun (pump)
[2025-11-23 22:35:08] Synced coin: POL (ex-MATIC) (pol)
[2025-11-23 22:35:08] Synced coin: Worldcoin (wld)
[2025-11-23 22:35:08] Synced coin: PAX Gold (paxg)
[2025-11-23 22:35:08] Synced coin: USDtb (usdtb)
[2025-11-23 22:35:08] Synced coin: Provenance Blockchain (hash)
[2025-11-23 22:35:08] Synced coin: BFUSD (bfusd)
[2025-11-23 22:35:08] Synced coin: syrupUSDC (syrupusdc)
[2025-11-23 22:35:08] Synced coin: Binance Bridged USDC (BNB Smart Chain) (usdc)
[2025-11-23 22:35:08] Synced coin: Official Trump (trump)
[2025-11-23 22:35:08] Synced coin: Algorand (algo)
[2025-11-23 22:35:08] Synced coin: Rocket Pool ETH (reth)
[2025-11-23 22:35:08] Synced coin: Cosmos Hub (atom)
[2025-11-23 22:35:08] Synced coin: Circle USYC (usyc)
[2025-11-23 22:35:08] Synced coin: Filecoin (fil)
[2025-11-23 22:35:08] Synced coin: Gate (gt)
[2025-11-23 22:35:08] Synced coin: Wrapped BNB (wbnb)
[2025-11-23 22:35:08] Synced coin: Ripple USD (rlusd)
[2025-11-23 22:35:08] Synced coin: Global Dollar (usdg)
[2025-11-23 22:35:08] Synced coin: Binance Staked SOL (bnsol)
[2025-11-23 22:35:08] Synced coin: Arbitrum (arb)
[2025-11-23 22:35:08] Synced coin: VeChain (vet)
[2025-11-23 22:35:08] Synced coin: Quant (qnt)
[2025-11-23 22:35:08] Synced coin: Kaspa (kas)
[2025-11-23 22:35:08] Synced coin: Flare (flr)
[2025-11-23 22:35:08] Synced coin: Function FBTC (fbtc)
[2025-11-23 22:35:08] Synced coin: Kelp DAO Restaked ETH (rseth)
[2025-11-23 22:35:08] Synced coin: Lombard Staked BTC (lbtc)
[2025-11-23 22:35:08] Synced coin: Sky (sky)
[2025-11-23 22:35:08] Sync completed successfully.
[2025-11-23 22:40:04] Synced coin: Bitcoin (btc)
[2025-11-23 22:40:04] Synced coin: Ethereum (eth)
[2025-11-23 22:40:04] Synced coin: Tether (usdt)
[2025-11-23 22:40:04] Synced coin: XRP (xrp)
[2025-11-23 22:40:04] Synced coin: BNB (bnb)
[2025-11-23 22:40:04] Synced coin: USDC (usdc)
[2025-11-23 22:40:04] Synced coin: Solana (sol)
[2025-11-23 22:40:04] Synced coin: TRON (trx)
[2025-11-23 22:40:04] Synced coin: Lido Staked Ether (steth)
[2025-11-23 22:40:04] Synced coin: Dogecoin (doge)
[2025-11-23 22:40:04] Synced coin: Cardano (ada)
[2025-11-23 22:40:04] Synced coin: Figure Heloc (figr_heloc)
[2025-11-23 22:40:04] Synced coin: WhiteBIT Coin (wbt)
[2025-11-23 22:40:04] Synced coin: Wrapped stETH (wsteth)
[2025-11-23 22:40:04] Synced coin: Bitcoin Cash (bch)
[2025-11-23 22:40:04] Synced coin: Wrapped Bitcoin (wbtc)
[2025-11-23 22:40:04] Synced coin: Wrapped Beacon ETH (wbeth)
[2025-11-23 22:40:04] Synced coin: Zcash (zec)
[2025-11-23 22:40:04] Synced coin: USDS (usds)
[2025-11-23 22:40:04] Synced coin: Binance Bridged USDT (BNB Smart Chain) (bsc-usd)
[2025-11-23 22:40:04] Synced coin: LEO Token (leo)
[2025-11-23 22:40:04] Synced coin: Chainlink (link)
[2025-11-23 22:40:04] Synced coin: Hyperliquid (hype)
[2025-11-23 22:40:04] Synced coin: Stellar (xlm)
[2025-11-23 22:40:04] Synced coin: WETH (weth)
[2025-11-23 22:40:04] Synced coin: Ethena USDe (usde)
[2025-11-23 22:40:04] Synced coin: Monero (xmr)
[2025-11-23 22:40:04] Synced coin: Wrapped eETH (weeth)
[2025-11-23 22:40:04] Synced coin: Coinbase Wrapped BTC (cbbtc)
[2025-11-23 22:40:04] Synced coin: Litecoin (ltc)
[2025-11-23 22:40:04] Synced coin: Hedera (hbar)
[2025-11-23 22:40:04] Synced coin: Avalanche (avax)
[2025-11-23 22:40:04] Synced coin: Sui (sui)
[2025-11-23 22:40:04] Synced coin: Shiba Inu (shib)
[2025-11-23 22:40:04] Synced coin: Dai (dai)
[2025-11-23 22:40:04] Synced coin: Ethena Staked USDe (susde)
[2025-11-23 22:40:04] Synced coin: World Liberty Financial (wlfi)
[2025-11-23 22:40:04] Synced coin: USDT0 (usdt0)
[2025-11-23 22:40:04] Synced coin: Cronos (cro)
[2025-11-23 22:40:04] Synced coin: Uniswap (uni)
[2025-11-23 22:40:04] Synced coin: sUSDS (susds)
[2025-11-23 22:40:04] Synced coin: Polkadot (dot)
[2025-11-23 22:40:04] Synced coin: Toncoin (ton)
[2025-11-23 22:40:04] Synced coin: PayPal USD (pyusd)
[2025-11-23 22:40:04] Synced coin: Mantle (mnt)
[2025-11-23 22:40:04] Synced coin: MemeCore (m)
[2025-11-23 22:40:04] Synced coin: Bittensor (tao)
[2025-11-23 22:40:04] Synced coin: Canton (cc)
[2025-11-23 22:40:04] Synced coin: USD1 (usd1)
[2025-11-23 22:40:04] Synced coin: Currency One USD (c1usd)
[2025-11-23 22:40:04] Synced coin: Bitget Token (bgb)
[2025-11-23 22:40:04] Synced coin: Aave (aave)
[2025-11-23 22:40:04] Synced coin: NEAR Protocol (near)
[2025-11-23 22:40:04] Synced coin: BlackRock USD Institutional Digital Liquidity Fund (buidl)
[2025-11-23 22:40:04] Synced coin: Internet Computer (icp)
[2025-11-23 22:40:04] Synced coin: OKB (okb)
[2025-11-23 22:40:04] Synced coin: Falcon USD (usdf)
[2025-11-23 22:40:04] Synced coin: Aster (aster)
[2025-11-23 22:40:04] Synced coin: Ethereum Classic (etc)
[2025-11-23 22:40:04] Synced coin: Tether Gold (xaut)
[2025-11-23 22:40:04] Synced coin: Pi Network (pi)
[2025-11-23 22:40:04] Synced coin: Jito Staked SOL (jitosol)
[2025-11-23 22:40:04] Synced coin: Jupiter Perpetuals Liquidity Provider Token (jlp)
[2025-11-23 22:40:04] Synced coin: Ethena (ena)
[2025-11-23 22:40:04] Synced coin: Pepe (pepe)
[2025-11-23 22:40:04] Synced coin: Aptos (apt)
[2025-11-23 22:40:04] Synced coin: Binance-Peg WETH (weth)
[2025-11-23 22:40:04] Synced coin: Wrapped SOL (sol)
[2025-11-23 22:40:04] Synced coin: HTX DAO (htx)
[2025-11-23 22:40:04] Synced coin: KuCoin (kcs)
[2025-11-23 22:40:04] Synced coin: Ondo (ondo)
[2025-11-23 22:40:04] Synced coin: Pump.fun (pump)
[2025-11-23 22:40:04] Synced coin: POL (ex-MATIC) (pol)
[2025-11-23 22:40:04] Synced coin: Worldcoin (wld)
[2025-11-23 22:40:04] Synced coin: PAX Gold (paxg)
[2025-11-23 22:40:04] Synced coin: USDtb (usdtb)
[2025-11-23 22:40:04] Synced coin: Provenance Blockchain (hash)
[2025-11-23 22:40:04] Synced coin: BFUSD (bfusd)
[2025-11-23 22:40:04] Synced coin: syrupUSDC (syrupusdc)
[2025-11-23 22:40:04] Synced coin: Binance Bridged USDC (BNB Smart Chain) (usdc)
[2025-11-23 22:40:04] Synced coin: Official Trump (trump)
[2025-11-23 22:40:04] Synced coin: Algorand (algo)
[2025-11-23 22:40:04] Synced coin: Rocket Pool ETH (reth)
[2025-11-23 22:40:04] Synced coin: Cosmos Hub (atom)
[2025-11-23 22:40:04] Synced coin: Circle USYC (usyc)
[2025-11-23 22:40:04] Synced coin: Filecoin (fil)
[2025-11-23 22:40:04] Synced coin: Gate (gt)
[2025-11-23 22:40:04] Synced coin: Wrapped BNB (wbnb)
[2025-11-23 22:40:04] Synced coin: Ripple USD (rlusd)
[2025-11-23 22:40:04] Synced coin: Global Dollar (usdg)
[2025-11-23 22:40:04] Synced coin: Binance Staked SOL (bnsol)
[2025-11-23 22:40:04] Synced coin: Arbitrum (arb)
[2025-11-23 22:40:04] Synced coin: VeChain (vet)
[2025-11-23 22:40:04] Synced coin: Quant (qnt)
[2025-11-23 22:40:04] Synced coin: Kaspa (kas)
[2025-11-23 22:40:04] Synced coin: Flare (flr)
[2025-11-23 22:40:04] Synced coin: Function FBTC (fbtc)
[2025-11-23 22:40:04] Synced coin: Kelp DAO Restaked ETH (rseth)
[2025-11-23 22:40:04] Synced coin: Lombard Staked BTC (lbtc)
[2025-11-23 22:40:04] Synced coin: Sky (sky)
[2025-11-23 22:40:04] Sync completed successfully.
[2025-11-23 22:45:03] Synced coin: Bitcoin (btc)
[2025-11-23 22:45:03] Synced coin: Ethereum (eth)
[2025-11-23 22:45:03] Synced coin: Tether (usdt)
[2025-11-23 22:45:03] Synced coin: XRP (xrp)
[2025-11-23 22:45:03] Synced coin: BNB (bnb)
[2025-11-23 22:45:03] Synced coin: USDC (usdc)
[2025-11-23 22:45:03] Synced coin: Solana (sol)
[2025-11-23 22:45:03] Synced coin: TRON (trx)
[2025-11-23 22:45:03] Synced coin: Lido Staked Ether (steth)
[2025-11-23 22:45:03] Synced coin: Dogecoin (doge)
[2025-11-23 22:45:03] Synced coin: Cardano (ada)
[2025-11-23 22:45:03] Synced coin: Figure Heloc (figr_heloc)
[2025-11-23 22:45:03] Synced coin: WhiteBIT Coin (wbt)
[2025-11-23 22:45:03] Synced coin: Wrapped stETH (wsteth)
[2025-11-23 22:45:03] Synced coin: Bitcoin Cash (bch)
[2025-11-23 22:45:03] Synced coin: Wrapped Bitcoin (wbtc)
[2025-11-23 22:45:03] Synced coin: Wrapped Beacon ETH (wbeth)
[2025-11-23 22:45:03] Synced coin: Zcash (zec)
[2025-11-23 22:45:03] Synced coin: USDS (usds)
[2025-11-23 22:45:03] Synced coin: Binance Bridged USDT (BNB Smart Chain) (bsc-usd)
[2025-11-23 22:45:03] Synced coin: Chainlink (link)
[2025-11-23 22:45:03] Synced coin: LEO Token (leo)
[2025-11-23 22:45:03] Synced coin: Hyperliquid (hype)
[2025-11-23 22:45:03] Synced coin: Stellar (xlm)
[2025-11-23 22:45:03] Synced coin: WETH (weth)
[2025-11-23 22:45:03] Synced coin: Ethena USDe (usde)
[2025-11-23 22:45:03] Synced coin: Wrapped eETH (weeth)
[2025-11-23 22:45:03] Synced coin: Monero (xmr)
[2025-11-23 22:45:03] Synced coin: Coinbase Wrapped BTC (cbbtc)
[2025-11-23 22:45:03] Synced coin: Litecoin (ltc)
[2025-11-23 22:45:03] Synced coin: Hedera (hbar)
[2025-11-23 22:45:03] Synced coin: Avalanche (avax)
[2025-11-23 22:45:03] Synced coin: Sui (sui)
[2025-11-23 22:45:03] Synced coin: Shiba Inu (shib)
[2025-11-23 22:45:03] Synced coin: Dai (dai)
[2025-11-23 22:45:03] Synced coin: Ethena Staked USDe (susde)
[2025-11-23 22:45:03] Synced coin: World Liberty Financial (wlfi)
[2025-11-23 22:45:03] Synced coin: Cronos (cro)
[2025-11-23 22:45:03] Synced coin: USDT0 (usdt0)
[2025-11-23 22:45:03] Synced coin: Uniswap (uni)
[2025-11-23 22:45:03] Synced coin: sUSDS (susds)
[2025-11-23 22:45:03] Synced coin: Polkadot (dot)
[2025-11-23 22:45:03] Synced coin: Toncoin (ton)
[2025-11-23 22:45:03] Synced coin: PayPal USD (pyusd)
[2025-11-23 22:45:03] Synced coin: Mantle (mnt)
[2025-11-23 22:45:03] Synced coin: MemeCore (m)
[2025-11-23 22:45:03] Synced coin: Bittensor (tao)
[2025-11-23 22:45:03] Synced coin: Canton (cc)
[2025-11-23 22:45:03] Synced coin: USD1 (usd1)
[2025-11-23 22:45:03] Synced coin: Currency One USD (c1usd)
[2025-11-23 22:45:03] Synced coin: Aave (aave)
[2025-11-23 22:45:03] Synced coin: Bitget Token (bgb)
[2025-11-23 22:45:03] Synced coin: NEAR Protocol (near)
[2025-11-23 22:45:03] Synced coin: BlackRock USD Institutional Digital Liquidity Fund (buidl)
[2025-11-23 22:45:03] Synced coin: Internet Computer (icp)
[2025-11-23 22:45:03] Synced coin: OKB (okb)
[2025-11-23 22:45:03] Synced coin: Aster (aster)
[2025-11-23 22:45:03] Synced coin: Falcon USD (usdf)
[2025-11-23 22:45:03] Synced coin: Ethereum Classic (etc)
[2025-11-23 22:45:03] Synced coin: Tether Gold (xaut)
[2025-11-23 22:45:03] Synced coin: Pi Network (pi)
[2025-11-23 22:45:03] Synced coin: Jito Staked SOL (jitosol)
[2025-11-23 22:45:03] Synced coin: Jupiter Perpetuals Liquidity Provider Token (jlp)
[2025-11-23 22:45:03] Synced coin: Ethena (ena)
[2025-11-23 22:45:03] Synced coin: Pepe (pepe)
[2025-11-23 22:45:03] Synced coin: Aptos (apt)
[2025-11-23 22:45:03] Synced coin: Binance-Peg WETH (weth)
[2025-11-23 22:45:03] Synced coin: Wrapped SOL (sol)
[2025-11-23 22:45:03] Synced coin: HTX DAO (htx)
[2025-11-23 22:45:03] Synced coin: Ondo (ondo)
[2025-11-23 22:45:03] Synced coin: Pump.fun (pump)
[2025-11-23 22:45:03] Synced coin: KuCoin (kcs)
[2025-11-23 22:45:03] Synced coin: Worldcoin (wld)
[2025-11-23 22:45:03] Synced coin: POL (ex-MATIC) (pol)
[2025-11-23 22:45:03] Synced coin: PAX Gold (paxg)
[2025-11-23 22:45:03] Synced coin: USDtb (usdtb)
[2025-11-23 22:45:03] Synced coin: Provenance Blockchain (hash)
[2025-11-23 22:45:03] Synced coin: BFUSD (bfusd)
[2025-11-23 22:45:03] Synced coin: syrupUSDC (syrupusdc)
[2025-11-23 22:45:03] Synced coin: Binance Bridged USDC (BNB Smart Chain) (usdc)
[2025-11-23 22:45:03] Synced coin: Official Trump (trump)
[2025-11-23 22:45:03] Synced coin: Algorand (algo)
[2025-11-23 22:45:03] Synced coin: Rocket Pool ETH (reth)
[2025-11-23 22:45:03] Synced coin: Cosmos Hub (atom)
[2025-11-23 22:45:03] Synced coin: Circle USYC (usyc)
[2025-11-23 22:45:03] Synced coin: Filecoin (fil)
[2025-11-23 22:45:03] Synced coin: Gate (gt)
[2025-11-23 22:45:03] Synced coin: Wrapped BNB (wbnb)
[2025-11-23 22:45:03] Synced coin: Global Dollar (usdg)
[2025-11-23 22:45:03] Synced coin: Ripple USD (rlusd)
[2025-11-23 22:45:03] Synced coin: Binance Staked SOL (bnsol)
[2025-11-23 22:45:03] Synced coin: Arbitrum (arb)
[2025-11-23 22:45:03] Synced coin: VeChain (vet)
[2025-11-23 22:45:03] Synced coin: Quant (qnt)
[2025-11-23 22:45:03] Synced coin: Kaspa (kas)
[2025-11-23 22:45:03] Synced coin: Flare (flr)
[2025-11-23 22:45:03] Synced coin: Function FBTC (fbtc)
[2025-11-23 22:45:03] Synced coin: Kelp DAO Restaked ETH (rseth)
[2025-11-23 22:45:03] Synced coin: Lombard Staked BTC (lbtc)
[2025-11-23 22:45:03] Synced coin: Sky (sky)
[2025-11-23 22:45:03] Sync completed successfully.
[2025-11-23 22:50:03] Synced coin: Bitcoin (btc)
[2025-11-23 22:50:03] Synced coin: Ethereum (eth)
[2025-11-23 22:50:03] Synced coin: Tether (usdt)
[2025-11-23 22:50:03] Synced coin: XRP (xrp)
[2025-11-23 22:50:03] Synced coin: BNB (bnb)
[2025-11-23 22:50:03] Synced coin: Solana (sol)
[2025-11-23 22:50:03] Synced coin: USDC (usdc)
[2025-11-23 22:50:03] Synced coin: TRON (trx)
[2025-11-23 22:50:03] Synced coin: Lido Staked Ether (steth)
[2025-11-23 22:50:03] Synced coin: Dogecoin (doge)
[2025-11-23 22:50:03] Synced coin: Cardano (ada)
[2025-11-23 22:50:03] Synced coin: Figure Heloc (figr_heloc)
[2025-11-23 22:50:03] Synced coin: WhiteBIT Coin (wbt)
[2025-11-23 22:50:03] Synced coin: Wrapped stETH (wsteth)
[2025-11-23 22:50:03] Synced coin: Bitcoin Cash (bch)
[2025-11-23 22:50:03] Synced coin: Wrapped Bitcoin (wbtc)
[2025-11-23 22:50:03] Synced coin: Wrapped Beacon ETH (wbeth)
[2025-11-23 22:50:03] Synced coin: Zcash (zec)
[2025-11-23 22:50:03] Synced coin: USDS (usds)
[2025-11-23 22:50:03] Synced coin: Binance Bridged USDT (BNB Smart Chain) (bsc-usd)
[2025-11-23 22:50:03] Synced coin: Chainlink (link)
[2025-11-23 22:50:03] Synced coin: LEO Token (leo)
[2025-11-23 22:50:03] Synced coin: Hyperliquid (hype)
[2025-11-23 22:50:03] Synced coin: Stellar (xlm)
[2025-11-23 22:50:03] Synced coin: WETH (weth)
[2025-11-23 22:50:03] Synced coin: Ethena USDe (usde)
[2025-11-23 22:50:03] Synced coin: Monero (xmr)
[2025-11-23 22:50:03] Synced coin: Wrapped eETH (weeth)
[2025-11-23 22:50:03] Synced coin: Coinbase Wrapped BTC (cbbtc)
[2025-11-23 22:50:03] Synced coin: Litecoin (ltc)
[2025-11-23 22:50:03] Synced coin: Hedera (hbar)
[2025-11-23 22:50:03] Synced coin: Avalanche (avax)
[2025-11-23 22:50:03] Synced coin: Sui (sui)
[2025-11-23 22:50:03] Synced coin: Shiba Inu (shib)
[2025-11-23 22:50:03] Synced coin: Dai (dai)
[2025-11-23 22:50:03] Synced coin: Ethena Staked USDe (susde)
[2025-11-23 22:50:03] Synced coin: World Liberty Financial (wlfi)
[2025-11-23 22:50:03] Synced coin: Cronos (cro)
[2025-11-23 22:50:03] Synced coin: USDT0 (usdt0)
[2025-11-23 22:50:03] Synced coin: Uniswap (uni)
[2025-11-23 22:50:03] Synced coin: sUSDS (susds)
[2025-11-23 22:50:03] Synced coin: Polkadot (dot)
[2025-11-23 22:50:03] Synced coin: Toncoin (ton)
[2025-11-23 22:50:03] Synced coin: PayPal USD (pyusd)
[2025-11-23 22:50:03] Synced coin: Mantle (mnt)
[2025-11-23 22:50:03] Synced coin: MemeCore (m)
[2025-11-23 22:50:03] Synced coin: Bittensor (tao)
[2025-11-23 22:50:03] Synced coin: Canton (cc)
[2025-11-23 22:50:03] Synced coin: USD1 (usd1)
[2025-11-23 22:50:03] Synced coin: Currency One USD (c1usd)
[2025-11-23 22:50:03] Synced coin: Aave (aave)
[2025-11-23 22:50:03] Synced coin: Bitget Token (bgb)
[2025-11-23 22:50:03] Synced coin: NEAR Protocol (near)
[2025-11-23 22:50:03] Synced coin: BlackRock USD Institutional Digital Liquidity Fund (buidl)
[2025-11-23 22:50:03] Synced coin: Internet Computer (icp)
[2025-11-23 22:50:03] Synced coin: OKB (okb)
[2025-11-23 22:50:03] Synced coin: Aster (aster)
[2025-11-23 22:50:03] Synced coin: Falcon USD (usdf)
[2025-11-23 22:50:03] Synced coin: Ethereum Classic (etc)
[2025-11-23 22:50:03] Synced coin: Tether Gold (xaut)
[2025-11-23 22:50:03] Synced coin: Pi Network (pi)
[2025-11-23 22:50:03] Synced coin: Jito Staked SOL (jitosol)
[2025-11-23 22:50:03] Synced coin: Jupiter Perpetuals Liquidity Provider Token (jlp)
[2025-11-23 22:50:03] Synced coin: Ethena (ena)
[2025-11-23 22:50:03] Synced coin: Pepe (pepe)
[2025-11-23 22:50:03] Synced coin: Aptos (apt)
[2025-11-23 22:50:03] Synced coin: Binance-Peg WETH (weth)
[2025-11-23 22:50:03] Synced coin: Wrapped SOL (sol)
[2025-11-23 22:50:03] Synced coin: HTX DAO (htx)
[2025-11-23 22:50:03] Synced coin: Ondo (ondo)
[2025-11-23 22:50:03] Synced coin: Pump.fun (pump)
[2025-11-23 22:50:03] Synced coin: KuCoin (kcs)
[2025-11-23 22:50:03] Synced coin: POL (ex-MATIC) (pol)
[2025-11-23 22:50:03] Synced coin: Worldcoin (wld)
[2025-11-23 22:50:03] Synced coin: PAX Gold (paxg)
[2025-11-23 22:50:03] Synced coin: USDtb (usdtb)
[2025-11-23 22:50:03] Synced coin: Provenance Blockchain (hash)
[2025-11-23 22:50:03] Synced coin: BFUSD (bfusd)
[2025-11-23 22:50:03] Synced coin: syrupUSDC (syrupusdc)
[2025-11-23 22:50:03] Synced coin: Binance Bridged USDC (BNB Smart Chain) (usdc)
[2025-11-23 22:50:03] Synced coin: Official Trump (trump)
[2025-11-23 22:50:03] Synced coin: Algorand (algo)
[2025-11-23 22:50:03] Synced coin: Rocket Pool ETH (reth)
[2025-11-23 22:50:03] Synced coin: Cosmos Hub (atom)
[2025-11-23 22:50:03] Synced coin: Filecoin (fil)
[2025-11-23 22:50:03] Synced coin: Circle USYC (usyc)
[2025-11-23 22:50:03] Synced coin: Gate (gt)
[2025-11-23 22:50:03] Synced coin: Wrapped BNB (wbnb)
[2025-11-23 22:50:03] Synced coin: Global Dollar (usdg)
[2025-11-23 22:50:03] Synced coin: Ripple USD (rlusd)
[2025-11-23 22:50:03] Synced coin: Binance Staked SOL (bnsol)
[2025-11-23 22:50:03] Synced coin: Arbitrum (arb)
[2025-11-23 22:50:03] Synced coin: VeChain (vet)
[2025-11-23 22:50:03] Synced coin: Quant (qnt)
[2025-11-23 22:50:03] Synced coin: Kaspa (kas)
[2025-11-23 22:50:03] Synced coin: Flare (flr)
[2025-11-23 22:50:03] Synced coin: Function FBTC (fbtc)
[2025-11-23 22:50:03] Synced coin: Kelp DAO Restaked ETH (rseth)
[2025-11-23 22:50:03] Synced coin: Lombard Staked BTC (lbtc)
[2025-11-23 22:50:03] Synced coin: Sky (sky)
[2025-11-23 22:50:03] Sync completed successfully.
[2025-11-23 22:55:06] Synced coin: Bitcoin (btc)
[2025-11-23 22:55:06] Synced coin: Ethereum (eth)
[2025-11-23 22:55:06] Synced coin: Tether (usdt)
[2025-11-23 22:55:06] Synced coin: XRP (xrp)
[2025-11-23 22:55:06] Synced coin: BNB (bnb)
[2025-11-23 22:55:06] Synced coin: Solana (sol)
[2025-11-23 22:55:06] Synced coin: USDC (usdc)
[2025-11-23 22:55:06] Synced coin: TRON (trx)
[2025-11-23 22:55:06] Synced coin: Lido Staked Ether (steth)
[2025-11-23 22:55:06] Synced coin: Dogecoin (doge)
[2025-11-23 22:55:06] Synced coin: Cardano (ada)
[2025-11-23 22:55:06] Synced coin: Figure Heloc (figr_heloc)
[2025-11-23 22:55:06] Synced coin: WhiteBIT Coin (wbt)
[2025-11-23 22:55:06] Synced coin: Wrapped stETH (wsteth)
[2025-11-23 22:55:06] Synced coin: Bitcoin Cash (bch)
[2025-11-23 22:55:06] Synced coin: Wrapped Bitcoin (wbtc)
[2025-11-23 22:55:06] Synced coin: Wrapped Beacon ETH (wbeth)
[2025-11-23 22:55:06] Synced coin: Zcash (zec)
[2025-11-23 22:55:06] Synced coin: USDS (usds)
[2025-11-23 22:55:06] Synced coin: Binance Bridged USDT (BNB Smart Chain) (bsc-usd)
[2025-11-23 22:55:06] Synced coin: Chainlink (link)
[2025-11-23 22:55:06] Synced coin: LEO Token (leo)
[2025-11-23 22:55:06] Synced coin: Hyperliquid (hype)
[2025-11-23 22:55:06] Synced coin: Stellar (xlm)
[2025-11-23 22:55:06] Synced coin: WETH (weth)
[2025-11-23 22:55:06] Synced coin: Ethena USDe (usde)
[2025-11-23 22:55:06] Synced coin: Wrapped eETH (weeth)
[2025-11-23 22:55:06] Synced coin: Monero (xmr)
[2025-11-23 22:55:06] Synced coin: Coinbase Wrapped BTC (cbbtc)
[2025-11-23 22:55:06] Synced coin: Litecoin (ltc)
[2025-11-23 22:55:06] Synced coin: Hedera (hbar)
[2025-11-23 22:55:06] Synced coin: Avalanche (avax)
[2025-11-23 22:55:06] Synced coin: Sui (sui)
[2025-11-23 22:55:06] Synced coin: Shiba Inu (shib)
[2025-11-23 22:55:06] Synced coin: Dai (dai)
[2025-11-23 22:55:06] Synced coin: Ethena Staked USDe (susde)
[2025-11-23 22:55:06] Synced coin: World Liberty Financial (wlfi)
[2025-11-23 22:55:06] Synced coin: Cronos (cro)
[2025-11-23 22:55:06] Synced coin: USDT0 (usdt0)
[2025-11-23 22:55:06] Synced coin: Uniswap (uni)
[2025-11-23 22:55:06] Synced coin: sUSDS (susds)
[2025-11-23 22:55:06] Synced coin: Polkadot (dot)
[2025-11-23 22:55:06] Synced coin: Toncoin (ton)
[2025-11-23 22:55:06] Synced coin: PayPal USD (pyusd)
[2025-11-23 22:55:06] Synced coin: Mantle (mnt)
[2025-11-23 22:55:06] Synced coin: MemeCore (m)
[2025-11-23 22:55:06] Synced coin: Bittensor (tao)
[2025-11-23 22:55:06] Synced coin: Canton (cc)
[2025-11-23 22:55:06] Synced coin: USD1 (usd1)
[2025-11-23 22:55:06] Synced coin: Currency One USD (c1usd)
[2025-11-23 22:55:06] Synced coin: Aave (aave)
[2025-11-23 22:55:06] Synced coin: Bitget Token (bgb)
[2025-11-23 22:55:06] Synced coin: NEAR Protocol (near)
[2025-11-23 22:55:06] Synced coin: BlackRock USD Institutional Digital Liquidity Fund (buidl)
[2025-11-23 22:55:06] Synced coin: Internet Computer (icp)
[2025-11-23 22:55:06] Synced coin: OKB (okb)
[2025-11-23 22:55:06] Synced coin: Aster (aster)
[2025-11-23 22:55:06] Synced coin: Falcon USD (usdf)
[2025-11-23 22:55:06] Synced coin: Ethereum Classic (etc)
[2025-11-23 22:55:06] Synced coin: Tether Gold (xaut)
[2025-11-23 22:55:06] Synced coin: Pi Network (pi)
[2025-11-23 22:55:06] Synced coin: Jito Staked SOL (jitosol)
[2025-11-23 22:55:06] Synced coin: Jupiter Perpetuals Liquidity Provider Token (jlp)
[2025-11-23 22:55:06] Synced coin: Ethena (ena)
[2025-11-23 22:55:06] Synced coin: Pepe (pepe)
[2025-11-23 22:55:06] Synced coin: Aptos (apt)
[2025-11-23 22:55:06] Synced coin: Binance-Peg WETH (weth)
[2025-11-23 22:55:06] Synced coin: Wrapped SOL (sol)
[2025-11-23 22:55:06] Synced coin: HTX DAO (htx)
[2025-11-23 22:55:06] Synced coin: Pump.fun (pump)
[2025-11-23 22:55:06] Synced coin: Ondo (ondo)
[2025-11-23 22:55:06] Synced coin: KuCoin (kcs)
[2025-11-23 22:55:06] Synced coin: POL (ex-MATIC) (pol)
[2025-11-23 22:55:06] Synced coin: Worldcoin (wld)
[2025-11-23 22:55:06] Synced coin: PAX Gold (paxg)
[2025-11-23 22:55:06] Synced coin: Provenance Blockchain (hash)
[2025-11-23 22:55:06] Synced coin: USDtb (usdtb)
[2025-11-23 22:55:06] Synced coin: BFUSD (bfusd)
[2025-11-23 22:55:06] Synced coin: syrupUSDC (syrupusdc)
[2025-11-23 22:55:06] Synced coin: Binance Bridged USDC (BNB Smart Chain) (usdc)
[2025-11-23 22:55:06] Synced coin: Official Trump (trump)
[2025-11-23 22:55:06] Synced coin: Algorand (algo)
[2025-11-23 22:55:06] Synced coin: Rocket Pool ETH (reth)
[2025-11-23 22:55:06] Synced coin: Cosmos Hub (atom)
[2025-11-23 22:55:06] Synced coin: Circle USYC (usyc)
[2025-11-23 22:55:06] Synced coin: Filecoin (fil)
[2025-11-23 22:55:06] Synced coin: Gate (gt)
[2025-11-23 22:55:06] Synced coin: Wrapped BNB (wbnb)
[2025-11-23 22:55:06] Synced coin: Global Dollar (usdg)
[2025-11-23 22:55:06] Synced coin: Ripple USD (rlusd)
[2025-11-23 22:55:06] Synced coin: Binance Staked SOL (bnsol)
[2025-11-23 22:55:06] Synced coin: Arbitrum (arb)
[2025-11-23 22:55:06] Synced coin: VeChain (vet)
[2025-11-23 22:55:06] Synced coin: Quant (qnt)
[2025-11-23 22:55:06] Synced coin: Kaspa (kas)
[2025-11-23 22:55:06] Synced coin: Flare (flr)
[2025-11-23 22:55:06] Synced coin: Function FBTC (fbtc)
[2025-11-23 22:55:06] Synced coin: Kelp DAO Restaked ETH (rseth)
[2025-11-23 22:55:06] Synced coin: Lombard Staked BTC (lbtc)
[2025-11-23 22:55:06] Synced coin: Sky (sky)
[2025-11-23 22:55:06] Sync completed successfully.
[2025-11-23 23:00:02] Synced coin: Bitcoin (btc)
[2025-11-23 23:00:02] Synced coin: Ethereum (eth)
[2025-11-23 23:00:02] Synced coin: Tether (usdt)
[2025-11-23 23:00:02] Synced coin: XRP (xrp)
[2025-11-23 23:00:02] Synced coin: BNB (bnb)
[2025-11-23 23:00:02] Synced coin: Solana (sol)
[2025-11-23 23:00:02] Synced coin: USDC (usdc)
[2025-11-23 23:00:02] Synced coin: TRON (trx)
[2025-11-23 23:00:02] Synced coin: Lido Staked Ether (steth)
[2025-11-23 23:00:02] Synced coin: Dogecoin (doge)
[2025-11-23 23:00:02] Synced coin: Cardano (ada)
[2025-11-23 23:00:02] Synced coin: Figure Heloc (figr_heloc)
[2025-11-23 23:00:02] Synced coin: WhiteBIT Coin (wbt)
[2025-11-23 23:00:02] Synced coin: Wrapped stETH (wsteth)
[2025-11-23 23:00:02] Synced coin: Bitcoin Cash (bch)
[2025-11-23 23:00:02] Synced coin: Wrapped Bitcoin (wbtc)
[2025-11-23 23:00:02] Synced coin: Wrapped Beacon ETH (wbeth)
[2025-11-23 23:00:02] Synced coin: Zcash (zec)
[2025-11-23 23:00:02] Synced coin: USDS (usds)
[2025-11-23 23:00:02] Synced coin: Binance Bridged USDT (BNB Smart Chain) (bsc-usd)
[2025-11-23 23:00:02] Synced coin: Chainlink (link)
[2025-11-23 23:00:02] Synced coin: LEO Token (leo)
[2025-11-23 23:00:02] Synced coin: Hyperliquid (hype)
[2025-11-23 23:00:02] Synced coin: Stellar (xlm)
[2025-11-23 23:00:02] Synced coin: WETH (weth)
[2025-11-23 23:00:02] Synced coin: Ethena USDe (usde)
[2025-11-23 23:00:02] Synced coin: Wrapped eETH (weeth)
[2025-11-23 23:00:02] Synced coin: Monero (xmr)
[2025-11-23 23:00:02] Synced coin: Coinbase Wrapped BTC (cbbtc)
[2025-11-23 23:00:02] Synced coin: Litecoin (ltc)
[2025-11-23 23:00:02] Synced coin: Hedera (hbar)
[2025-11-23 23:00:02] Synced coin: Avalanche (avax)
[2025-11-23 23:00:02] Synced coin: Sui (sui)
[2025-11-23 23:00:02] Synced coin: Shiba Inu (shib)
[2025-11-23 23:00:02] Synced coin: Dai (dai)
[2025-11-23 23:00:02] Synced coin: Ethena Staked USDe (susde)
[2025-11-23 23:00:02] Synced coin: World Liberty Financial (wlfi)
[2025-11-23 23:00:02] Synced coin: USDT0 (usdt0)
[2025-11-23 23:00:02] Synced coin: Cronos (cro)
[2025-11-23 23:00:02] Synced coin: Uniswap (uni)
[2025-11-23 23:00:02] Synced coin: sUSDS (susds)
[2025-11-23 23:00:02] Synced coin: Polkadot (dot)
[2025-11-23 23:00:02] Synced coin: Toncoin (ton)
[2025-11-23 23:00:02] Synced coin: PayPal USD (pyusd)
[2025-11-23 23:00:02] Synced coin: Mantle (mnt)
[2025-11-23 23:00:02] Synced coin: MemeCore (m)
[2025-11-23 23:00:02] Synced coin: Bittensor (tao)
[2025-11-23 23:00:02] Synced coin: Canton (cc)
[2025-11-23 23:00:02] Synced coin: USD1 (usd1)
[2025-11-23 23:00:02] Synced coin: Currency One USD (c1usd)
[2025-11-23 23:00:02] Synced coin: Aave (aave)
[2025-11-23 23:00:02] Synced coin: Bitget Token (bgb)
[2025-11-23 23:00:02] Synced coin: NEAR Protocol (near)
[2025-11-23 23:00:02] Synced coin: BlackRock USD Institutional Digital Liquidity Fund (buidl)
[2025-11-23 23:00:02] Synced coin: Internet Computer (icp)
[2025-11-23 23:00:02] Synced coin: OKB (okb)
[2025-11-23 23:00:02] Synced coin: Aster (aster)
[2025-11-23 23:00:02] Synced coin: Falcon USD (usdf)
[2025-11-23 23:00:02] Synced coin: Ethereum Classic (etc)
[2025-11-23 23:00:02] Synced coin: Tether Gold (xaut)
[2025-11-23 23:00:02] Synced coin: Pi Network (pi)
[2025-11-23 23:00:02] Synced coin: Jito Staked SOL (jitosol)
[2025-11-23 23:00:02] Synced coin: Jupiter Perpetuals Liquidity Provider Token (jlp)
[2025-11-23 23:00:02] Synced coin: Ethena (ena)
[2025-11-23 23:00:02] Synced coin: Pepe (pepe)
[2025-11-23 23:00:02] Synced coin: Aptos (apt)
[2025-11-23 23:00:02] Synced coin: Binance-Peg WETH (weth)
[2025-11-23 23:00:02] Synced coin: Wrapped SOL (sol)
[2025-11-23 23:00:02] Synced coin: HTX DAO (htx)
[2025-11-23 23:00:02] Synced coin: Pump.fun (pump)
[2025-11-23 23:00:02] Synced coin: Ondo (ondo)
[2025-11-23 23:00:02] Synced coin: KuCoin (kcs)
[2025-11-23 23:00:02] Synced coin: POL (ex-MATIC) (pol)
[2025-11-23 23:00:02] Synced coin: Worldcoin (wld)
[2025-11-23 23:00:02] Synced coin: PAX Gold (paxg)
[2025-11-23 23:00:02] Synced coin: Provenance Blockchain (hash)
[2025-11-23 23:00:02] Synced coin: USDtb (usdtb)
[2025-11-23 23:00:02] Synced coin: BFUSD (bfusd)
[2025-11-23 23:00:02] Synced coin: syrupUSDC (syrupusdc)
[2025-11-23 23:00:02] Synced coin: Binance Bridged USDC (BNB Smart Chain) (usdc)
[2025-11-23 23:00:02] Synced coin: Official Trump (trump)
[2025-11-23 23:00:02] Synced coin: Algorand (algo)
[2025-11-23 23:00:02] Synced coin: Rocket Pool ETH (reth)
[2025-11-23 23:00:02] Synced coin: Cosmos Hub (atom)
[2025-11-23 23:00:02] Synced coin: Filecoin (fil)
[2025-11-23 23:00:02] Synced coin: Circle USYC (usyc)
[2025-11-23 23:00:02] Synced coin: Gate (gt)
[2025-11-23 23:00:02] Synced coin: Wrapped BNB (wbnb)
[2025-11-23 23:00:02] Synced coin: Global Dollar (usdg)
[2025-11-23 23:00:02] Synced coin: Ripple USD (rlusd)
[2025-11-23 23:00:02] Synced coin: Binance Staked SOL (bnsol)
[2025-11-23 23:00:02] Synced coin: Arbitrum (arb)
[2025-11-23 23:00:02] Synced coin: Quant (qnt)
[2025-11-23 23:00:02] Synced coin: VeChain (vet)
[2025-11-23 23:00:02] Synced coin: Kaspa (kas)
[2025-11-23 23:00:02] Synced coin: Flare (flr)
[2025-11-23 23:00:02] Synced coin: Function FBTC (fbtc)
[2025-11-23 23:00:02] Synced coin: Kelp DAO Restaked ETH (rseth)
[2025-11-23 23:00:02] Synced coin: Lombard Staked BTC (lbtc)
[2025-11-23 23:00:02] Synced coin: Sky (sky)
[2025-11-23 23:00:02] Sync completed successfully.
[2025-11-23 23:05:02] Synced coin: Bitcoin (btc)
[2025-11-23 23:05:02] Synced coin: Ethereum (eth)
[2025-11-23 23:05:02] Synced coin: Tether (usdt)
[2025-11-23 23:05:02] Synced coin: XRP (xrp)
[2025-11-23 23:05:02] Synced coin: BNB (bnb)
[2025-11-23 23:05:02] Synced coin: Solana (sol)
[2025-11-23 23:05:02] Synced coin: USDC (usdc)
[2025-11-23 23:05:02] Synced coin: TRON (trx)
[2025-11-23 23:05:02] Synced coin: Lido Staked Ether (steth)
[2025-11-23 23:05:02] Synced coin: Dogecoin (doge)
[2025-11-23 23:05:02] Synced coin: Cardano (ada)
[2025-11-23 23:05:02] Synced coin: Figure Heloc (figr_heloc)
[2025-11-23 23:05:02] Synced coin: WhiteBIT Coin (wbt)
[2025-11-23 23:05:02] Synced coin: Wrapped stETH (wsteth)
[2025-11-23 23:05:02] Synced coin: Bitcoin Cash (bch)
[2025-11-23 23:05:02] Synced coin: Wrapped Bitcoin (wbtc)
[2025-11-23 23:05:02] Synced coin: Wrapped Beacon ETH (wbeth)
[2025-11-23 23:05:02] Synced coin: Zcash (zec)
[2025-11-23 23:05:02] Synced coin: USDS (usds)
[2025-11-23 23:05:02] Synced coin: Binance Bridged USDT (BNB Smart Chain) (bsc-usd)
[2025-11-23 23:05:02] Synced coin: Chainlink (link)
[2025-11-23 23:05:02] Synced coin: LEO Token (leo)
[2025-11-23 23:05:02] Synced coin: Hyperliquid (hype)
[2025-11-23 23:05:02] Synced coin: Stellar (xlm)
[2025-11-23 23:05:02] Synced coin: WETH (weth)
[2025-11-23 23:05:02] Synced coin: Ethena USDe (usde)
[2025-11-23 23:05:02] Synced coin: Wrapped eETH (weeth)
[2025-11-23 23:05:02] Synced coin: Monero (xmr)
[2025-11-23 23:05:02] Synced coin: Coinbase Wrapped BTC (cbbtc)
[2025-11-23 23:05:02] Synced coin: Litecoin (ltc)
[2025-11-23 23:05:02] Synced coin: Hedera (hbar)
[2025-11-23 23:05:02] Synced coin: Avalanche (avax)
[2025-11-23 23:05:02] Synced coin: Sui (sui)
[2025-11-23 23:05:02] Synced coin: Shiba Inu (shib)
[2025-11-23 23:05:02] Synced coin: Dai (dai)
[2025-11-23 23:05:02] Synced coin: Ethena Staked USDe (susde)
[2025-11-23 23:05:02] Synced coin: World Liberty Financial (wlfi)
[2025-11-23 23:05:02] Synced coin: Cronos (cro)
[2025-11-23 23:05:02] Synced coin: USDT0 (usdt0)
[2025-11-23 23:05:02] Synced coin: Uniswap (uni)
[2025-11-23 23:05:02] Synced coin: sUSDS (susds)
[2025-11-23 23:05:02] Synced coin: Polkadot (dot)
[2025-11-23 23:05:02] Synced coin: Toncoin (ton)
[2025-11-23 23:05:02] Synced coin: PayPal USD (pyusd)
[2025-11-23 23:05:02] Synced coin: Mantle (mnt)
[2025-11-23 23:05:02] Synced coin: MemeCore (m)
[2025-11-23 23:05:02] Synced coin: Bittensor (tao)
[2025-11-23 23:05:02] Synced coin: Canton (cc)
[2025-11-23 23:05:02] Synced coin: USD1 (usd1)
[2025-11-23 23:05:02] Synced coin: Currency One USD (c1usd)
[2025-11-23 23:05:02] Synced coin: Aave (aave)
[2025-11-23 23:05:02] Synced coin: Bitget Token (bgb)
[2025-11-23 23:05:02] Synced coin: NEAR Protocol (near)
[2025-11-23 23:05:02] Synced coin: BlackRock USD Institutional Digital Liquidity Fund (buidl)
[2025-11-23 23:05:02] Synced coin: Internet Computer (icp)
[2025-11-23 23:05:02] Synced coin: OKB (okb)
[2025-11-23 23:05:02] Synced coin: Aster (aster)
[2025-11-23 23:05:02] Synced coin: Falcon USD (usdf)
[2025-11-23 23:05:02] Synced coin: Ethereum Classic (etc)
[2025-11-23 23:05:02] Synced coin: Tether Gold (xaut)
[2025-11-23 23:05:02] Synced coin: Pi Network (pi)
[2025-11-23 23:05:02] Synced coin: Jito Staked SOL (jitosol)
[2025-11-23 23:05:02] Synced coin: Jupiter Perpetuals Liquidity Provider Token (jlp)
[2025-11-23 23:05:02] Synced coin: Ethena (ena)
[2025-11-23 23:05:02] Synced coin: Pepe (pepe)
[2025-11-23 23:05:02] Synced coin: Aptos (apt)
[2025-11-23 23:05:02] Synced coin: Binance-Peg WETH (weth)
[2025-11-23 23:05:02] Synced coin: Wrapped SOL (sol)
[2025-11-23 23:05:02] Synced coin: HTX DAO (htx)
[2025-11-23 23:05:02] Synced coin: Ondo (ondo)
[2025-11-23 23:05:02] Synced coin: Pump.fun (pump)
[2025-11-23 23:05:02] Synced coin: KuCoin (kcs)
[2025-11-23 23:05:02] Synced coin: Worldcoin (wld)
[2025-11-23 23:05:02] Synced coin: POL (ex-MATIC) (pol)
[2025-11-23 23:05:02] Synced coin: PAX Gold (paxg)
[2025-11-23 23:05:02] Synced coin: Provenance Blockchain (hash)
[2025-11-23 23:05:02] Synced coin: USDtb (usdtb)
[2025-11-23 23:05:02] Synced coin: BFUSD (bfusd)
[2025-11-23 23:05:02] Synced coin: syrupUSDC (syrupusdc)
[2025-11-23 23:05:02] Synced coin: Binance Bridged USDC (BNB Smart Chain) (usdc)
[2025-11-23 23:05:02] Synced coin: Official Trump (trump)
[2025-11-23 23:05:02] Synced coin: Algorand (algo)
[2025-11-23 23:05:02] Synced coin: Rocket Pool ETH (reth)
[2025-11-23 23:05:02] Synced coin: Cosmos Hub (atom)
[2025-11-23 23:05:02] Synced coin: Circle USYC (usyc)
[2025-11-23 23:05:02] Synced coin: Filecoin (fil)
[2025-11-23 23:05:02] Synced coin: Gate (gt)
[2025-11-23 23:05:02] Synced coin: Wrapped BNB (wbnb)
[2025-11-23 23:05:02] Synced coin: Ripple USD (rlusd)
[2025-11-23 23:05:02] Synced coin: Global Dollar (usdg)
[2025-11-23 23:05:02] Synced coin: Binance Staked SOL (bnsol)
[2025-11-23 23:05:02] Synced coin: Arbitrum (arb)
[2025-11-23 23:05:02] Synced coin: Quant (qnt)
[2025-11-23 23:05:02] Synced coin: VeChain (vet)
[2025-11-23 23:05:02] Synced coin: Kaspa (kas)
[2025-11-23 23:05:02] Synced coin: Flare (flr)
[2025-11-23 23:05:02] Synced coin: Function FBTC (fbtc)
[2025-11-23 23:05:02] Synced coin: Kelp DAO Restaked ETH (rseth)
[2025-11-23 23:05:02] Synced coin: Lombard Staked BTC (lbtc)
[2025-11-23 23:05:02] Synced coin: Sky (sky)
[2025-11-23 23:05:02] Sync completed successfully.
[2025-11-23 23:10:01] Synced coin: Bitcoin (btc)
[2025-11-23 23:10:01] Synced coin: Ethereum (eth)
[2025-11-23 23:10:01] Synced coin: Tether (usdt)
[2025-11-23 23:10:01] Synced coin: XRP (xrp)
[2025-11-23 23:10:01] Synced coin: BNB (bnb)
[2025-11-23 23:10:01] Synced coin: Solana (sol)
[2025-11-23 23:10:01] Synced coin: USDC (usdc)
[2025-11-23 23:10:01] Synced coin: TRON (trx)
[2025-11-23 23:10:01] Synced coin: Lido Staked Ether (steth)
[2025-11-23 23:10:01] Synced coin: Dogecoin (doge)
[2025-11-23 23:10:01] Synced coin: Cardano (ada)
[2025-11-23 23:10:01] Synced coin: Figure Heloc (figr_heloc)
[2025-11-23 23:10:01] Synced coin: WhiteBIT Coin (wbt)
[2025-11-23 23:10:01] Synced coin: Wrapped stETH (wsteth)
[2025-11-23 23:10:01] Synced coin: Bitcoin Cash (bch)
[2025-11-23 23:10:01] Synced coin: Wrapped Bitcoin (wbtc)
[2025-11-23 23:10:01] Synced coin: Wrapped Beacon ETH (wbeth)
[2025-11-23 23:10:01] Synced coin: Zcash (zec)
[2025-11-23 23:10:01] Synced coin: USDS (usds)
[2025-11-23 23:10:01] Synced coin: Binance Bridged USDT (BNB Smart Chain) (bsc-usd)
[2025-11-23 23:10:01] Synced coin: Chainlink (link)
[2025-11-23 23:10:01] Synced coin: LEO Token (leo)
[2025-11-23 23:10:01] Synced coin: Hyperliquid (hype)
[2025-11-23 23:10:01] Synced coin: Stellar (xlm)
[2025-11-23 23:10:01] Synced coin: WETH (weth)
[2025-11-23 23:10:01] Synced coin: Ethena USDe (usde)
[2025-11-23 23:10:01] Synced coin: Wrapped eETH (weeth)
[2025-11-23 23:10:01] Synced coin: Monero (xmr)
[2025-11-23 23:10:01] Synced coin: Coinbase Wrapped BTC (cbbtc)
[2025-11-23 23:10:01] Synced coin: Litecoin (ltc)
[2025-11-23 23:10:01] Synced coin: Hedera (hbar)
[2025-11-23 23:10:01] Synced coin: Avalanche (avax)
[2025-11-23 23:10:01] Synced coin: Sui (sui)
[2025-11-23 23:10:01] Synced coin: Shiba Inu (shib)
[2025-11-23 23:10:01] Synced coin: Dai (dai)
[2025-11-23 23:10:01] Synced coin: Ethena Staked USDe (susde)
[2025-11-23 23:10:01] Synced coin: World Liberty Financial (wlfi)
[2025-11-23 23:10:01] Synced coin: Cronos (cro)
[2025-11-23 23:10:01] Synced coin: USDT0 (usdt0)
[2025-11-23 23:10:01] Synced coin: Uniswap (uni)
[2025-11-23 23:10:01] Synced coin: sUSDS (susds)
[2025-11-23 23:10:01] Synced coin: Polkadot (dot)
[2025-11-23 23:10:01] Synced coin: Toncoin (ton)
[2025-11-23 23:10:01] Synced coin: PayPal USD (pyusd)
[2025-11-23 23:10:01] Synced coin: MemeCore (m)
[2025-11-23 23:10:01] Synced coin: Mantle (mnt)
[2025-11-23 23:10:01] Synced coin: Bittensor (tao)
[2025-11-23 23:10:01] Synced coin: Canton (cc)
[2025-11-23 23:10:01] Synced coin: USD1 (usd1)
[2025-11-23 23:10:01] Synced coin: Currency One USD (c1usd)
[2025-11-23 23:10:01] Synced coin: Aave (aave)
[2025-11-23 23:10:01] Synced coin: Bitget Token (bgb)
[2025-11-23 23:10:01] Synced coin: NEAR Protocol (near)
[2025-11-23 23:10:01] Synced coin: BlackRock USD Institutional Digital Liquidity Fund (buidl)
[2025-11-23 23:10:01] Synced coin: Internet Computer (icp)
[2025-11-23 23:10:01] Synced coin: OKB (okb)
[2025-11-23 23:10:01] Synced coin: Aster (aster)
[2025-11-23 23:10:01] Synced coin: Falcon USD (usdf)
[2025-11-23 23:10:01] Synced coin: Ethereum Classic (etc)
[2025-11-23 23:10:01] Synced coin: Tether Gold (xaut)
[2025-11-23 23:10:01] Synced coin: Pi Network (pi)
[2025-11-23 23:10:01] Synced coin: Jito Staked SOL (jitosol)
[2025-11-23 23:10:01] Synced coin: Jupiter Perpetuals Liquidity Provider Token (jlp)
[2025-11-23 23:10:01] Synced coin: Ethena (ena)
[2025-11-23 23:10:01] Synced coin: Pepe (pepe)
[2025-11-23 23:10:01] Synced coin: Aptos (apt)
[2025-11-23 23:10:01] Synced coin: Binance-Peg WETH (weth)
[2025-11-23 23:10:01] Synced coin: Wrapped SOL (sol)
[2025-11-23 23:10:01] Synced coin: HTX DAO (htx)
[2025-11-23 23:10:01] Synced coin: Ondo (ondo)
[2025-11-23 23:10:01] Synced coin: Pump.fun (pump)
[2025-11-23 23:10:01] Synced coin: KuCoin (kcs)
[2025-11-23 23:10:01] Synced coin: Worldcoin (wld)
[2025-11-23 23:10:01] Synced coin: POL (ex-MATIC) (pol)
[2025-11-23 23:10:01] Synced coin: PAX Gold (paxg)
[2025-11-23 23:10:01] Synced coin: Provenance Blockchain (hash)
[2025-11-23 23:10:01] Synced coin: USDtb (usdtb)
[2025-11-23 23:10:01] Synced coin: BFUSD (bfusd)
[2025-11-23 23:10:01] Synced coin: syrupUSDC (syrupusdc)
[2025-11-23 23:10:01] Synced coin: Binance Bridged USDC (BNB Smart Chain) (usdc)
[2025-11-23 23:10:01] Synced coin: Official Trump (trump)
[2025-11-23 23:10:01] Synced coin: Algorand (algo)
[2025-11-23 23:10:01] Synced coin: Rocket Pool ETH (reth)
[2025-11-23 23:10:01] Synced coin: Cosmos Hub (atom)
[2025-11-23 23:10:01] Synced coin: Circle USYC (usyc)
[2025-11-23 23:10:01] Synced coin: Filecoin (fil)
[2025-11-23 23:10:01] Synced coin: Gate (gt)
[2025-11-23 23:10:01] Synced coin: Wrapped BNB (wbnb)
[2025-11-23 23:10:01] Synced coin: Global Dollar (usdg)
[2025-11-23 23:10:01] Synced coin: Ripple USD (rlusd)
[2025-11-23 23:10:01] Synced coin: Binance Staked SOL (bnsol)
[2025-11-23 23:10:01] Synced coin: Quant (qnt)
[2025-11-23 23:10:01] Synced coin: Arbitrum (arb)
[2025-11-23 23:10:01] Synced coin: VeChain (vet)
[2025-11-23 23:10:01] Synced coin: Kaspa (kas)
[2025-11-23 23:10:01] Synced coin: Flare (flr)
[2025-11-23 23:10:01] Synced coin: Function FBTC (fbtc)
[2025-11-23 23:10:01] Synced coin: Kelp DAO Restaked ETH (rseth)
[2025-11-23 23:10:01] Synced coin: Lombard Staked BTC (lbtc)
[2025-11-23 23:10:01] Synced coin: Sky (sky)
[2025-11-23 23:10:01] Sync completed successfully.
[2025-11-23 23:15:03] Synced coin: Bitcoin (btc)
[2025-11-23 23:15:03] Synced coin: Ethereum (eth)
[2025-11-23 23:15:03] Synced coin: Tether (usdt)
[2025-11-23 23:15:03] Synced coin: XRP (xrp)
[2025-11-23 23:15:03] Synced coin: BNB (bnb)
[2025-11-23 23:15:03] Synced coin: Solana (sol)
[2025-11-23 23:15:03] Synced coin: USDC (usdc)
[2025-11-23 23:15:03] Synced coin: TRON (trx)
[2025-11-23 23:15:03] Synced coin: Lido Staked Ether (steth)
[2025-11-23 23:15:03] Synced coin: Dogecoin (doge)
[2025-11-23 23:15:03] Synced coin: Cardano (ada)
[2025-11-23 23:15:03] Synced coin: Figure Heloc (figr_heloc)
[2025-11-23 23:15:03] Synced coin: WhiteBIT Coin (wbt)
[2025-11-23 23:15:03] Synced coin: Wrapped stETH (wsteth)
[2025-11-23 23:15:03] Synced coin: Bitcoin Cash (bch)
[2025-11-23 23:15:03] Synced coin: Wrapped Bitcoin (wbtc)
[2025-11-23 23:15:03] Synced coin: Wrapped Beacon ETH (wbeth)
[2025-11-23 23:15:03] Synced coin: Zcash (zec)
[2025-11-23 23:15:03] Synced coin: USDS (usds)
[2025-11-23 23:15:03] Synced coin: Binance Bridged USDT (BNB Smart Chain) (bsc-usd)
[2025-11-23 23:15:03] Synced coin: Chainlink (link)
[2025-11-23 23:15:03] Synced coin: LEO Token (leo)
[2025-11-23 23:15:03] Synced coin: Hyperliquid (hype)
[2025-11-23 23:15:03] Synced coin: Stellar (xlm)
[2025-11-23 23:15:03] Synced coin: WETH (weth)
[2025-11-23 23:15:03] Synced coin: Ethena USDe (usde)
[2025-11-23 23:15:03] Synced coin: Wrapped eETH (weeth)
[2025-11-23 23:15:03] Synced coin: Monero (xmr)
[2025-11-23 23:15:03] Synced coin: Coinbase Wrapped BTC (cbbtc)
[2025-11-23 23:15:03] Synced coin: Litecoin (ltc)
[2025-11-23 23:15:03] Synced coin: Hedera (hbar)
[2025-11-23 23:15:03] Synced coin: Avalanche (avax)
[2025-11-23 23:15:03] Synced coin: Sui (sui)
[2025-11-23 23:15:03] Synced coin: Shiba Inu (shib)
[2025-11-23 23:15:03] Synced coin: Dai (dai)
[2025-11-23 23:15:03] Synced coin: Ethena Staked USDe (susde)
[2025-11-23 23:15:03] Synced coin: World Liberty Financial (wlfi)
[2025-11-23 23:15:03] Synced coin: Cronos (cro)
[2025-11-23 23:15:03] Synced coin: USDT0 (usdt0)
[2025-11-23 23:15:03] Synced coin: Uniswap (uni)
[2025-11-23 23:15:03] Synced coin: sUSDS (susds)
[2025-11-23 23:15:03] Synced coin: Polkadot (dot)
[2025-11-23 23:15:03] Synced coin: Toncoin (ton)
[2025-11-23 23:15:03] Synced coin: PayPal USD (pyusd)
[2025-11-23 23:15:03] Synced coin: MemeCore (m)
[2025-11-23 23:15:03] Synced coin: Mantle (mnt)
[2025-11-23 23:15:03] Synced coin: Bittensor (tao)
[2025-11-23 23:15:03] Synced coin: Canton (cc)
[2025-11-23 23:15:03] Synced coin: USD1 (usd1)
[2025-11-23 23:15:03] Synced coin: Currency One USD (c1usd)
[2025-11-23 23:15:03] Synced coin: Aave (aave)
[2025-11-23 23:15:03] Synced coin: Bitget Token (bgb)
[2025-11-23 23:15:03] Synced coin: NEAR Protocol (near)
[2025-11-23 23:15:03] Synced coin: BlackRock USD Institutional Digital Liquidity Fund (buidl)
[2025-11-23 23:15:03] Synced coin: Aster (aster)
[2025-11-23 23:15:03] Synced coin: Internet Computer (icp)
[2025-11-23 23:15:03] Synced coin: OKB (okb)
[2025-11-23 23:15:03] Synced coin: Falcon USD (usdf)
[2025-11-23 23:15:03] Synced coin: Ethereum Classic (etc)
[2025-11-23 23:15:03] Synced coin: Tether Gold (xaut)
[2025-11-23 23:15:03] Synced coin: Pi Network (pi)
[2025-11-23 23:15:03] Synced coin: Jito Staked SOL (jitosol)
[2025-11-23 23:15:03] Synced coin: Jupiter Perpetuals Liquidity Provider Token (jlp)
[2025-11-23 23:15:03] Synced coin: Ethena (ena)
[2025-11-23 23:15:03] Synced coin: Pepe (pepe)
[2025-11-23 23:15:03] Synced coin: Aptos (apt)
[2025-11-23 23:15:03] Synced coin: Binance-Peg WETH (weth)
[2025-11-23 23:15:03] Synced coin: Wrapped SOL (sol)
[2025-11-23 23:15:03] Synced coin: HTX DAO (htx)
[2025-11-23 23:15:03] Synced coin: Ondo (ondo)
[2025-11-23 23:15:03] Synced coin: Pump.fun (pump)
[2025-11-23 23:15:03] Synced coin: KuCoin (kcs)
[2025-11-23 23:15:03] Synced coin: Worldcoin (wld)
[2025-11-23 23:15:03] Synced coin: POL (ex-MATIC) (pol)
[2025-11-23 23:15:03] Synced coin: PAX Gold (paxg)
[2025-11-23 23:15:03] Synced coin: Provenance Blockchain (hash)
[2025-11-23 23:15:03] Synced coin: USDtb (usdtb)
[2025-11-23 23:15:03] Synced coin: BFUSD (bfusd)
[2025-11-23 23:15:03] Synced coin: syrupUSDC (syrupusdc)
[2025-11-23 23:15:03] Synced coin: Binance Bridged USDC (BNB Smart Chain) (usdc)
[2025-11-23 23:15:03] Synced coin: Official Trump (trump)
[2025-11-23 23:15:03] Synced coin: Algorand (algo)
[2025-11-23 23:15:03] Synced coin: Rocket Pool ETH (reth)
[2025-11-23 23:15:03] Synced coin: Cosmos Hub (atom)
[2025-11-23 23:15:03] Synced coin: Circle USYC (usyc)
[2025-11-23 23:15:03] Synced coin: Filecoin (fil)
[2025-11-23 23:15:03] Synced coin: Gate (gt)
[2025-11-23 23:15:03] Synced coin: Wrapped BNB (wbnb)
[2025-11-23 23:15:03] Synced coin: Global Dollar (usdg)
[2025-11-23 23:15:03] Synced coin: Ripple USD (rlusd)
[2025-11-23 23:15:03] Synced coin: Binance Staked SOL (bnsol)
[2025-11-23 23:15:03] Synced coin: Quant (qnt)
[2025-11-23 23:15:03] Synced coin: Arbitrum (arb)
[2025-11-23 23:15:03] Synced coin: VeChain (vet)
[2025-11-23 23:15:03] Synced coin: Kaspa (kas)
[2025-11-23 23:15:03] Synced coin: Flare (flr)
[2025-11-23 23:15:03] Synced coin: Function FBTC (fbtc)
[2025-11-23 23:15:03] Synced coin: Kelp DAO Restaked ETH (rseth)
[2025-11-23 23:15:03] Synced coin: Lombard Staked BTC (lbtc)
[2025-11-23 23:15:03] Synced coin: Sky (sky)
[2025-11-23 23:15:03] Sync completed successfully.
[2025-11-23 23:20:05] Synced coin: Bitcoin (btc)
[2025-11-23 23:20:05] Synced coin: Ethereum (eth)
[2025-11-23 23:20:05] Synced coin: Tether (usdt)
[2025-11-23 23:20:05] Synced coin: XRP (xrp)
[2025-11-23 23:20:05] Synced coin: BNB (bnb)
[2025-11-23 23:20:05] Synced coin: Solana (sol)
[2025-11-23 23:20:05] Synced coin: USDC (usdc)
[2025-11-23 23:20:05] Synced coin: TRON (trx)
[2025-11-23 23:20:05] Synced coin: Lido Staked Ether (steth)
[2025-11-23 23:20:05] Synced coin: Dogecoin (doge)
[2025-11-23 23:20:05] Synced coin: Cardano (ada)
[2025-11-23 23:20:05] Synced coin: Figure Heloc (figr_heloc)
[2025-11-23 23:20:05] Synced coin: WhiteBIT Coin (wbt)
[2025-11-23 23:20:05] Synced coin: Wrapped stETH (wsteth)
[2025-11-23 23:20:05] Synced coin: Bitcoin Cash (bch)
[2025-11-23 23:20:05] Synced coin: Wrapped Bitcoin (wbtc)
[2025-11-23 23:20:05] Synced coin: Wrapped Beacon ETH (wbeth)
[2025-11-23 23:20:05] Synced coin: Zcash (zec)
[2025-11-23 23:20:05] Synced coin: USDS (usds)
[2025-11-23 23:20:05] Synced coin: Binance Bridged USDT (BNB Smart Chain) (bsc-usd)
[2025-11-23 23:20:05] Synced coin: Chainlink (link)
[2025-11-23 23:20:05] Synced coin: LEO Token (leo)
[2025-11-23 23:20:05] Synced coin: Hyperliquid (hype)
[2025-11-23 23:20:05] Synced coin: Stellar (xlm)
[2025-11-23 23:20:05] Synced coin: WETH (weth)
[2025-11-23 23:20:05] Synced coin: Ethena USDe (usde)
[2025-11-23 23:20:05] Synced coin: Wrapped eETH (weeth)
[2025-11-23 23:20:05] Synced coin: Monero (xmr)
[2025-11-23 23:20:05] Synced coin: Coinbase Wrapped BTC (cbbtc)
[2025-11-23 23:20:05] Synced coin: Litecoin (ltc)
[2025-11-23 23:20:05] Synced coin: Hedera (hbar)
[2025-11-23 23:20:05] Synced coin: Avalanche (avax)
[2025-11-23 23:20:05] Synced coin: Sui (sui)
[2025-11-23 23:20:05] Synced coin: Shiba Inu (shib)
[2025-11-23 23:20:05] Synced coin: Dai (dai)
[2025-11-23 23:20:05] Synced coin: Ethena Staked USDe (susde)
[2025-11-23 23:20:05] Synced coin: World Liberty Financial (wlfi)
[2025-11-23 23:20:05] Synced coin: Cronos (cro)
[2025-11-23 23:20:05] Synced coin: USDT0 (usdt0)
[2025-11-23 23:20:05] Synced coin: Uniswap (uni)
[2025-11-23 23:20:05] Synced coin: sUSDS (susds)
[2025-11-23 23:20:05] Synced coin: Polkadot (dot)
[2025-11-23 23:20:05] Synced coin: Toncoin (ton)
[2025-11-23 23:20:05] Synced coin: PayPal USD (pyusd)
[2025-11-23 23:20:05] Synced coin: MemeCore (m)
[2025-11-23 23:20:05] Synced coin: Mantle (mnt)
[2025-11-23 23:20:05] Synced coin: Bittensor (tao)
[2025-11-23 23:20:05] Synced coin: Canton (cc)
[2025-11-23 23:20:05] Synced coin: USD1 (usd1)
[2025-11-23 23:20:05] Synced coin: Currency One USD (c1usd)
[2025-11-23 23:20:05] Synced coin: Aave (aave)
[2025-11-23 23:20:05] Synced coin: Bitget Token (bgb)
[2025-11-23 23:20:05] Synced coin: NEAR Protocol (near)
[2025-11-23 23:20:05] Synced coin: BlackRock USD Institutional Digital Liquidity Fund (buidl)
[2025-11-23 23:20:05] Synced coin: Aster (aster)
[2025-11-23 23:20:05] Synced coin: Internet Computer (icp)
[2025-11-23 23:20:05] Synced coin: OKB (okb)
[2025-11-23 23:20:05] Synced coin: Falcon USD (usdf)
[2025-11-23 23:20:05] Synced coin: Ethereum Classic (etc)
[2025-11-23 23:20:05] Synced coin: Tether Gold (xaut)
[2025-11-23 23:20:05] Synced coin: Pi Network (pi)
[2025-11-23 23:20:05] Synced coin: Jito Staked SOL (jitosol)
[2025-11-23 23:20:05] Synced coin: Jupiter Perpetuals Liquidity Provider Token (jlp)
[2025-11-23 23:20:05] Synced coin: Ethena (ena)
[2025-11-23 23:20:05] Synced coin: Pepe (pepe)
[2025-11-23 23:20:05] Synced coin: Aptos (apt)
[2025-11-23 23:20:05] Synced coin: Binance-Peg WETH (weth)
[2025-11-23 23:20:05] Synced coin: Wrapped SOL (sol)
[2025-11-23 23:20:05] Synced coin: HTX DAO (htx)
[2025-11-23 23:20:05] Synced coin: Ondo (ondo)
[2025-11-23 23:20:05] Synced coin: Pump.fun (pump)
[2025-11-23 23:20:05] Synced coin: KuCoin (kcs)
[2025-11-23 23:20:05] Synced coin: Worldcoin (wld)
[2025-11-23 23:20:05] Synced coin: POL (ex-MATIC) (pol)
[2025-11-23 23:20:05] Synced coin: PAX Gold (paxg)
[2025-11-23 23:20:05] Synced coin: Provenance Blockchain (hash)
[2025-11-23 23:20:05] Synced coin: USDtb (usdtb)
[2025-11-23 23:20:05] Synced coin: BFUSD (bfusd)
[2025-11-23 23:20:05] Synced coin: syrupUSDC (syrupusdc)
[2025-11-23 23:20:05] Synced coin: Binance Bridged USDC (BNB Smart Chain) (usdc)
[2025-11-23 23:20:05] Synced coin: Official Trump (trump)
[2025-11-23 23:20:05] Synced coin: Algorand (algo)
[2025-11-23 23:20:05] Synced coin: Rocket Pool ETH (reth)
[2025-11-23 23:20:05] Synced coin: Cosmos Hub (atom)
[2025-11-23 23:20:05] Synced coin: Circle USYC (usyc)
[2025-11-23 23:20:05] Synced coin: Filecoin (fil)
[2025-11-23 23:20:05] Synced coin: Gate (gt)
[2025-11-23 23:20:05] Synced coin: Wrapped BNB (wbnb)
[2025-11-23 23:20:05] Synced coin: Global Dollar (usdg)
[2025-11-23 23:20:05] Synced coin: Ripple USD (rlusd)
[2025-11-23 23:20:05] Synced coin: Binance Staked SOL (bnsol)
[2025-11-23 23:20:05] Synced coin: Quant (qnt)
[2025-11-23 23:20:05] Synced coin: Arbitrum (arb)
[2025-11-23 23:20:05] Synced coin: VeChain (vet)
[2025-11-23 23:20:05] Synced coin: Kaspa (kas)
[2025-11-23 23:20:05] Synced coin: Flare (flr)
[2025-11-23 23:20:05] Synced coin: Function FBTC (fbtc)
[2025-11-23 23:20:05] Synced coin: Kelp DAO Restaked ETH (rseth)
[2025-11-23 23:20:05] Synced coin: Lombard Staked BTC (lbtc)
[2025-11-23 23:20:05] Synced coin: Sky (sky)
[2025-11-23 23:20:05] Sync completed successfully.
[2025-11-23 23:25:01] Synced coin: Bitcoin (btc)
[2025-11-23 23:25:01] Synced coin: Ethereum (eth)
[2025-11-23 23:25:01] Synced coin: Tether (usdt)
[2025-11-23 23:25:01] Synced coin: XRP (xrp)
[2025-11-23 23:25:01] Synced coin: BNB (bnb)
[2025-11-23 23:25:01] Synced coin: Solana (sol)
[2025-11-23 23:25:01] Synced coin: USDC (usdc)
[2025-11-23 23:25:01] Synced coin: TRON (trx)
[2025-11-23 23:25:01] Synced coin: Lido Staked Ether (steth)
[2025-11-23 23:25:01] Synced coin: Dogecoin (doge)
[2025-11-23 23:25:01] Synced coin: Cardano (ada)
[2025-11-23 23:25:01] Synced coin: Figure Heloc (figr_heloc)
[2025-11-23 23:25:01] Synced coin: WhiteBIT Coin (wbt)
[2025-11-23 23:25:01] Synced coin: Wrapped stETH (wsteth)
[2025-11-23 23:25:01] Synced coin: Bitcoin Cash (bch)
[2025-11-23 23:25:01] Synced coin: Wrapped Bitcoin (wbtc)
[2025-11-23 23:25:01] Synced coin: Wrapped Beacon ETH (wbeth)
[2025-11-23 23:25:01] Synced coin: Zcash (zec)
[2025-11-23 23:25:01] Synced coin: USDS (usds)
[2025-11-23 23:25:01] Synced coin: Binance Bridged USDT (BNB Smart Chain) (bsc-usd)
[2025-11-23 23:25:01] Synced coin: Chainlink (link)
[2025-11-23 23:25:01] Synced coin: LEO Token (leo)
[2025-11-23 23:25:01] Synced coin: Hyperliquid (hype)
[2025-11-23 23:25:01] Synced coin: Stellar (xlm)
[2025-11-23 23:25:01] Synced coin: WETH (weth)
[2025-11-23 23:25:01] Synced coin: Ethena USDe (usde)
[2025-11-23 23:25:01] Synced coin: Wrapped eETH (weeth)
[2025-11-23 23:25:01] Synced coin: Monero (xmr)
[2025-11-23 23:25:01] Synced coin: Coinbase Wrapped BTC (cbbtc)
[2025-11-23 23:25:01] Synced coin: Litecoin (ltc)
[2025-11-23 23:25:01] Synced coin: Hedera (hbar)
[2025-11-23 23:25:01] Synced coin: Avalanche (avax)
[2025-11-23 23:25:01] Synced coin: Sui (sui)
[2025-11-23 23:25:01] Synced coin: Shiba Inu (shib)
[2025-11-23 23:25:01] Synced coin: Dai (dai)
[2025-11-23 23:25:01] Synced coin: Ethena Staked USDe (susde)
[2025-11-23 23:25:01] Synced coin: World Liberty Financial (wlfi)
[2025-11-23 23:25:01] Synced coin: Cronos (cro)
[2025-11-23 23:25:01] Synced coin: USDT0 (usdt0)
[2025-11-23 23:25:01] Synced coin: Uniswap (uni)
[2025-11-23 23:25:01] Synced coin: sUSDS (susds)
[2025-11-23 23:25:02] Synced coin: Polkadot (dot)
[2025-11-23 23:25:02] Synced coin: Toncoin (ton)
[2025-11-23 23:25:02] Synced coin: PayPal USD (pyusd)
[2025-11-23 23:25:02] Synced coin: MemeCore (m)
[2025-11-23 23:25:02] Synced coin: Mantle (mnt)
[2025-11-23 23:25:02] Synced coin: Bittensor (tao)
[2025-11-23 23:25:02] Synced coin: Canton (cc)
[2025-11-23 23:25:02] Synced coin: USD1 (usd1)
[2025-11-23 23:25:02] Synced coin: Currency One USD (c1usd)
[2025-11-23 23:25:02] Synced coin: Aave (aave)
[2025-11-23 23:25:02] Synced coin: Bitget Token (bgb)
[2025-11-23 23:25:02] Synced coin: NEAR Protocol (near)
[2025-11-23 23:25:02] Synced coin: BlackRock USD Institutional Digital Liquidity Fund (buidl)
[2025-11-23 23:25:02] Synced coin: Aster (aster)
[2025-11-23 23:25:02] Synced coin: Internet Computer (icp)
[2025-11-23 23:25:02] Synced coin: OKB (okb)
[2025-11-23 23:25:02] Synced coin: Falcon USD (usdf)
[2025-11-23 23:25:02] Synced coin: Ethereum Classic (etc)
[2025-11-23 23:25:02] Synced coin: Tether Gold (xaut)
[2025-11-23 23:25:02] Synced coin: Pi Network (pi)
[2025-11-23 23:25:02] Synced coin: Jito Staked SOL (jitosol)
[2025-11-23 23:25:02] Synced coin: Jupiter Perpetuals Liquidity Provider Token (jlp)
[2025-11-23 23:25:02] Synced coin: Ethena (ena)
[2025-11-23 23:25:02] Synced coin: Pepe (pepe)
[2025-11-23 23:25:02] Synced coin: Aptos (apt)
[2025-11-23 23:25:02] Synced coin: Wrapped SOL (sol)
[2025-11-23 23:25:02] Synced coin: Binance-Peg WETH (weth)
[2025-11-23 23:25:02] Synced coin: HTX DAO (htx)
[2025-11-23 23:25:02] Synced coin: Ondo (ondo)
[2025-11-23 23:25:02] Synced coin: Pump.fun (pump)
[2025-11-23 23:25:02] Synced coin: KuCoin (kcs)
[2025-11-23 23:25:02] Synced coin: Worldcoin (wld)
[2025-11-23 23:25:02] Synced coin: POL (ex-MATIC) (pol)
[2025-11-23 23:25:02] Synced coin: PAX Gold (paxg)
[2025-11-23 23:25:02] Synced coin: Provenance Blockchain (hash)
[2025-11-23 23:25:02] Synced coin: USDtb (usdtb)
[2025-11-23 23:25:02] Synced coin: BFUSD (bfusd)
[2025-11-23 23:25:02] Synced coin: syrupUSDC (syrupusdc)
[2025-11-23 23:25:02] Synced coin: Binance Bridged USDC (BNB Smart Chain) (usdc)
[2025-11-23 23:25:02] Synced coin: Official Trump (trump)
[2025-11-23 23:25:02] Synced coin: Algorand (algo)
[2025-11-23 23:25:02] Synced coin: Rocket Pool ETH (reth)
[2025-11-23 23:25:02] Synced coin: Cosmos Hub (atom)
[2025-11-23 23:25:02] Synced coin: Circle USYC (usyc)
[2025-11-23 23:25:02] Synced coin: Filecoin (fil)
[2025-11-23 23:25:02] Synced coin: Gate (gt)
[2025-11-23 23:25:02] Synced coin: Wrapped BNB (wbnb)
[2025-11-23 23:25:02] Synced coin: Ripple USD (rlusd)
[2025-11-23 23:25:02] Synced coin: Global Dollar (usdg)
[2025-11-23 23:25:02] Synced coin: Binance Staked SOL (bnsol)
[2025-11-23 23:25:02] Synced coin: Quant (qnt)
[2025-11-23 23:25:02] Synced coin: Arbitrum (arb)
[2025-11-23 23:25:02] Synced coin: VeChain (vet)
[2025-11-23 23:25:02] Synced coin: Kaspa (kas)
[2025-11-23 23:25:02] Synced coin: Flare (flr)
[2025-11-23 23:25:02] Synced coin: Function FBTC (fbtc)
[2025-11-23 23:25:02] Synced coin: Kelp DAO Restaked ETH (rseth)
[2025-11-23 23:25:02] Synced coin: Lombard Staked BTC (lbtc)
[2025-11-23 23:25:02] Synced coin: Sky (sky)
[2025-11-23 23:25:02] Sync completed successfully.
[2025-11-23 23:30:01] Synced coin: Bitcoin (btc)
[2025-11-23 23:30:01] Synced coin: Ethereum (eth)
[2025-11-23 23:30:01] Synced coin: Tether (usdt)
[2025-11-23 23:30:01] Synced coin: XRP (xrp)
[2025-11-23 23:30:01] Synced coin: BNB (bnb)
[2025-11-23 23:30:01] Synced coin: USDC (usdc)
[2025-11-23 23:30:01] Synced coin: Solana (sol)
[2025-11-23 23:30:01] Synced coin: TRON (trx)
[2025-11-23 23:30:01] Synced coin: Lido Staked Ether (steth)
[2025-11-23 23:30:01] Synced coin: Dogecoin (doge)
[2025-11-23 23:30:01] Synced coin: Cardano (ada)
[2025-11-23 23:30:01] Synced coin: Figure Heloc (figr_heloc)
[2025-11-23 23:30:01] Synced coin: WhiteBIT Coin (wbt)
[2025-11-23 23:30:01] Synced coin: Wrapped stETH (wsteth)
[2025-11-23 23:30:01] Synced coin: Wrapped Bitcoin (wbtc)
[2025-11-23 23:30:01] Synced coin: Bitcoin Cash (bch)
[2025-11-23 23:30:01] Synced coin: Wrapped Beacon ETH (wbeth)
[2025-11-23 23:30:01] Synced coin: Zcash (zec)
[2025-11-23 23:30:01] Synced coin: USDS (usds)
[2025-11-23 23:30:01] Synced coin: Binance Bridged USDT (BNB Smart Chain) (bsc-usd)
[2025-11-23 23:30:01] Synced coin: Chainlink (link)
[2025-11-23 23:30:01] Synced coin: LEO Token (leo)
[2025-11-23 23:30:01] Synced coin: Hyperliquid (hype)
[2025-11-23 23:30:01] Synced coin: Stellar (xlm)
[2025-11-23 23:30:01] Synced coin: WETH (weth)
[2025-11-23 23:30:01] Synced coin: Ethena USDe (usde)
[2025-11-23 23:30:01] Synced coin: Wrapped eETH (weeth)
[2025-11-23 23:30:01] Synced coin: Monero (xmr)
[2025-11-23 23:30:01] Synced coin: Coinbase Wrapped BTC (cbbtc)
[2025-11-23 23:30:01] Synced coin: Litecoin (ltc)
[2025-11-23 23:30:01] Synced coin: Hedera (hbar)
[2025-11-23 23:30:01] Synced coin: Avalanche (avax)
[2025-11-23 23:30:01] Synced coin: Sui (sui)
[2025-11-23 23:30:01] Synced coin: Shiba Inu (shib)
[2025-11-23 23:30:01] Synced coin: Dai (dai)
[2025-11-23 23:30:01] Synced coin: Ethena Staked USDe (susde)
[2025-11-23 23:30:01] Synced coin: World Liberty Financial (wlfi)
[2025-11-23 23:30:01] Synced coin: Cronos (cro)
[2025-11-23 23:30:01] Synced coin: USDT0 (usdt0)
[2025-11-23 23:30:01] Synced coin: Uniswap (uni)
[2025-11-23 23:30:01] Synced coin: sUSDS (susds)
[2025-11-23 23:30:01] Synced coin: Polkadot (dot)
[2025-11-23 23:30:01] Synced coin: Toncoin (ton)
[2025-11-23 23:30:01] Synced coin: PayPal USD (pyusd)
[2025-11-23 23:30:01] Synced coin: MemeCore (m)
[2025-11-23 23:30:01] Synced coin: Mantle (mnt)
[2025-11-23 23:30:01] Synced coin: Bittensor (tao)
[2025-11-23 23:30:01] Synced coin: Canton (cc)
[2025-11-23 23:30:01] Synced coin: USD1 (usd1)
[2025-11-23 23:30:01] Synced coin: Currency One USD (c1usd)
[2025-11-23 23:30:01] Synced coin: Aave (aave)
[2025-11-23 23:30:01] Synced coin: Bitget Token (bgb)
[2025-11-23 23:30:01] Synced coin: NEAR Protocol (near)
[2025-11-23 23:30:01] Synced coin: BlackRock USD Institutional Digital Liquidity Fund (buidl)
[2025-11-23 23:30:01] Synced coin: Aster (aster)
[2025-11-23 23:30:01] Synced coin: OKB (okb)
[2025-11-23 23:30:01] Synced coin: Internet Computer (icp)
[2025-11-23 23:30:01] Synced coin: Falcon USD (usdf)
[2025-11-23 23:30:01] Synced coin: Ethereum Classic (etc)
[2025-11-23 23:30:01] Synced coin: Tether Gold (xaut)
[2025-11-23 23:30:01] Synced coin: Pi Network (pi)
[2025-11-23 23:30:01] Synced coin: Jito Staked SOL (jitosol)
[2025-11-23 23:30:01] Synced coin: Jupiter Perpetuals Liquidity Provider Token (jlp)
[2025-11-23 23:30:01] Synced coin: Ethena (ena)
[2025-11-23 23:30:01] Synced coin: Pepe (pepe)
[2025-11-23 23:30:01] Synced coin: Aptos (apt)
[2025-11-23 23:30:01] Synced coin: Binance-Peg WETH (weth)
[2025-11-23 23:30:01] Synced coin: Wrapped SOL (sol)
[2025-11-23 23:30:01] Synced coin: HTX DAO (htx)
[2025-11-23 23:30:01] Synced coin: Ondo (ondo)
[2025-11-23 23:30:01] Synced coin: KuCoin (kcs)
[2025-11-23 23:30:01] Synced coin: Pump.fun (pump)
[2025-11-23 23:30:01] Synced coin: Worldcoin (wld)
[2025-11-23 23:30:01] Synced coin: POL (ex-MATIC) (pol)
[2025-11-23 23:30:01] Synced coin: PAX Gold (paxg)
[2025-11-23 23:30:01] Synced coin: Provenance Blockchain (hash)
[2025-11-23 23:30:01] Synced coin: USDtb (usdtb)
[2025-11-23 23:30:01] Synced coin: BFUSD (bfusd)
[2025-11-23 23:30:01] Synced coin: syrupUSDC (syrupusdc)
[2025-11-23 23:30:01] Synced coin: Binance Bridged USDC (BNB Smart Chain) (usdc)
[2025-11-23 23:30:01] Synced coin: Official Trump (trump)
[2025-11-23 23:30:01] Synced coin: Algorand (algo)
[2025-11-23 23:30:01] Synced coin: Rocket Pool ETH (reth)
[2025-11-23 23:30:01] Synced coin: Cosmos Hub (atom)
[2025-11-23 23:30:01] Synced coin: Circle USYC (usyc)
[2025-11-23 23:30:01] Synced coin: Filecoin (fil)
[2025-11-23 23:30:01] Synced coin: Gate (gt)
[2025-11-23 23:30:01] Synced coin: Wrapped BNB (wbnb)
[2025-11-23 23:30:01] Synced coin: Ripple USD (rlusd)
[2025-11-23 23:30:01] Synced coin: Global Dollar (usdg)
[2025-11-23 23:30:01] Synced coin: Binance Staked SOL (bnsol)
[2025-11-23 23:30:01] Synced coin: Arbitrum (arb)
[2025-11-23 23:30:01] Synced coin: Quant (qnt)
[2025-11-23 23:30:01] Synced coin: VeChain (vet)
[2025-11-23 23:30:01] Synced coin: Kaspa (kas)
[2025-11-23 23:30:01] Synced coin: Flare (flr)
[2025-11-23 23:30:01] Synced coin: Function FBTC (fbtc)
[2025-11-23 23:30:01] Synced coin: Kelp DAO Restaked ETH (rseth)
[2025-11-23 23:30:01] Synced coin: Lombard Staked BTC (lbtc)
[2025-11-23 23:30:01] Synced coin: Sky (sky)
[2025-11-23 23:30:01] Sync completed successfully.
[2025-11-23 23:35:02] Synced coin: Bitcoin (btc)
[2025-11-23 23:35:02] Synced coin: Ethereum (eth)
[2025-11-23 23:35:02] Synced coin: Tether (usdt)
[2025-11-23 23:35:02] Synced coin: XRP (xrp)
[2025-11-23 23:35:02] Synced coin: BNB (bnb)
[2025-11-23 23:35:02] Synced coin: USDC (usdc)
[2025-11-23 23:35:02] Synced coin: Solana (sol)
[2025-11-23 23:35:02] Synced coin: TRON (trx)
[2025-11-23 23:35:02] Synced coin: Lido Staked Ether (steth)
[2025-11-23 23:35:02] Synced coin: Dogecoin (doge)
[2025-11-23 23:35:02] Synced coin: Cardano (ada)
[2025-11-23 23:35:02] Synced coin: Figure Heloc (figr_heloc)
[2025-11-23 23:35:02] Synced coin: WhiteBIT Coin (wbt)
[2025-11-23 23:35:02] Synced coin: Wrapped stETH (wsteth)
[2025-11-23 23:35:02] Synced coin: Wrapped Bitcoin (wbtc)
[2025-11-23 23:35:02] Synced coin: Bitcoin Cash (bch)
[2025-11-23 23:35:02] Synced coin: Wrapped Beacon ETH (wbeth)
[2025-11-23 23:35:02] Synced coin: Zcash (zec)
[2025-11-23 23:35:02] Synced coin: USDS (usds)
[2025-11-23 23:35:02] Synced coin: Binance Bridged USDT (BNB Smart Chain) (bsc-usd)
[2025-11-23 23:35:02] Synced coin: Chainlink (link)
[2025-11-23 23:35:02] Synced coin: LEO Token (leo)
[2025-11-23 23:35:02] Synced coin: Hyperliquid (hype)
[2025-11-23 23:35:02] Synced coin: Stellar (xlm)
[2025-11-23 23:35:02] Synced coin: WETH (weth)
[2025-11-23 23:35:02] Synced coin: Ethena USDe (usde)
[2025-11-23 23:35:02] Synced coin: Wrapped eETH (weeth)
[2025-11-23 23:35:02] Synced coin: Monero (xmr)
[2025-11-23 23:35:02] Synced coin: Coinbase Wrapped BTC (cbbtc)
[2025-11-23 23:35:02] Synced coin: Litecoin (ltc)
[2025-11-23 23:35:02] Synced coin: Hedera (hbar)
[2025-11-23 23:35:02] Synced coin: Avalanche (avax)
[2025-11-23 23:35:02] Synced coin: Sui (sui)
[2025-11-23 23:35:02] Synced coin: Shiba Inu (shib)
[2025-11-23 23:35:02] Synced coin: Dai (dai)
[2025-11-23 23:35:02] Synced coin: Ethena Staked USDe (susde)
[2025-11-23 23:35:02] Synced coin: World Liberty Financial (wlfi)
[2025-11-23 23:35:02] Synced coin: Cronos (cro)
[2025-11-23 23:35:02] Synced coin: USDT0 (usdt0)
[2025-11-23 23:35:02] Synced coin: Uniswap (uni)
[2025-11-23 23:35:02] Synced coin: sUSDS (susds)
[2025-11-23 23:35:02] Synced coin: Polkadot (dot)
[2025-11-23 23:35:02] Synced coin: Toncoin (ton)
[2025-11-23 23:35:02] Synced coin: PayPal USD (pyusd)
[2025-11-23 23:35:02] Synced coin: MemeCore (m)
[2025-11-23 23:35:02] Synced coin: Mantle (mnt)
[2025-11-23 23:35:02] Synced coin: Bittensor (tao)
[2025-11-23 23:35:02] Synced coin: Canton (cc)
[2025-11-23 23:35:02] Synced coin: USD1 (usd1)
[2025-11-23 23:35:02] Synced coin: Currency One USD (c1usd)
[2025-11-23 23:35:02] Synced coin: Aave (aave)
[2025-11-23 23:35:02] Synced coin: Bitget Token (bgb)
[2025-11-23 23:35:02] Synced coin: NEAR Protocol (near)
[2025-11-23 23:35:02] Synced coin: BlackRock USD Institutional Digital Liquidity Fund (buidl)
[2025-11-23 23:35:02] Synced coin: Aster (aster)
[2025-11-23 23:35:02] Synced coin: OKB (okb)
[2025-11-23 23:35:02] Synced coin: Internet Computer (icp)
[2025-11-23 23:35:02] Synced coin: Falcon USD (usdf)
[2025-11-23 23:35:02] Synced coin: Ethereum Classic (etc)
[2025-11-23 23:35:02] Synced coin: Tether Gold (xaut)
[2025-11-23 23:35:02] Synced coin: Pi Network (pi)
[2025-11-23 23:35:02] Synced coin: Jito Staked SOL (jitosol)
[2025-11-23 23:35:02] Synced coin: Jupiter Perpetuals Liquidity Provider Token (jlp)
[2025-11-23 23:35:02] Synced coin: Ethena (ena)
[2025-11-23 23:35:02] Synced coin: Pepe (pepe)
[2025-11-23 23:35:02] Synced coin: Aptos (apt)
[2025-11-23 23:35:02] Synced coin: Binance-Peg WETH (weth)
[2025-11-23 23:35:02] Synced coin: Wrapped SOL (sol)
[2025-11-23 23:35:02] Synced coin: HTX DAO (htx)
[2025-11-23 23:35:02] Synced coin: Ondo (ondo)
[2025-11-23 23:35:02] Synced coin: KuCoin (kcs)
[2025-11-23 23:35:02] Synced coin: Pump.fun (pump)
[2025-11-23 23:35:02] Synced coin: Worldcoin (wld)
[2025-11-23 23:35:02] Synced coin: POL (ex-MATIC) (pol)
[2025-11-23 23:35:02] Synced coin: PAX Gold (paxg)
[2025-11-23 23:35:02] Synced coin: Provenance Blockchain (hash)
[2025-11-23 23:35:02] Synced coin: USDtb (usdtb)
[2025-11-23 23:35:02] Synced coin: BFUSD (bfusd)
[2025-11-23 23:35:02] Synced coin: syrupUSDC (syrupusdc)
[2025-11-23 23:35:02] Synced coin: Binance Bridged USDC (BNB Smart Chain) (usdc)
[2025-11-23 23:35:02] Synced coin: Official Trump (trump)
[2025-11-23 23:35:02] Synced coin: Algorand (algo)
[2025-11-23 23:35:02] Synced coin: Rocket Pool ETH (reth)
[2025-11-23 23:35:02] Synced coin: Cosmos Hub (atom)
[2025-11-23 23:35:02] Synced coin: Circle USYC (usyc)
[2025-11-23 23:35:02] Synced coin: Filecoin (fil)
[2025-11-23 23:35:02] Synced coin: Gate (gt)
[2025-11-23 23:35:02] Synced coin: Wrapped BNB (wbnb)
[2025-11-23 23:35:02] Synced coin: Ripple USD (rlusd)
[2025-11-23 23:35:02] Synced coin: Global Dollar (usdg)
[2025-11-23 23:35:02] Synced coin: Binance Staked SOL (bnsol)
[2025-11-23 23:35:02] Synced coin: Arbitrum (arb)
[2025-11-23 23:35:02] Synced coin: Quant (qnt)
[2025-11-23 23:35:02] Synced coin: VeChain (vet)
[2025-11-23 23:35:02] Synced coin: Kaspa (kas)
[2025-11-23 23:35:02] Synced coin: Flare (flr)
[2025-11-23 23:35:02] Synced coin: Function FBTC (fbtc)
[2025-11-23 23:35:02] Synced coin: Kelp DAO Restaked ETH (rseth)
[2025-11-23 23:35:02] Synced coin: Lombard Staked BTC (lbtc)
[2025-11-23 23:35:02] Synced coin: Sky (sky)
[2025-11-23 23:35:02] Sync completed successfully.
[2025-11-23 23:40:04] Synced coin: Bitcoin (btc)
[2025-11-23 23:40:04] Synced coin: Ethereum (eth)
[2025-11-23 23:40:04] Synced coin: Tether (usdt)
[2025-11-23 23:40:04] Synced coin: XRP (xrp)
[2025-11-23 23:40:04] Synced coin: BNB (bnb)
[2025-11-23 23:40:04] Synced coin: USDC (usdc)
[2025-11-23 23:40:04] Synced coin: Solana (sol)
[2025-11-23 23:40:04] Synced coin: TRON (trx)
[2025-11-23 23:40:04] Synced coin: Lido Staked Ether (steth)
[2025-11-23 23:40:04] Synced coin: Dogecoin (doge)
[2025-11-23 23:40:04] Synced coin: Cardano (ada)
[2025-11-23 23:40:04] Synced coin: Figure Heloc (figr_heloc)
[2025-11-23 23:40:04] Synced coin: WhiteBIT Coin (wbt)
[2025-11-23 23:40:04] Synced coin: Wrapped stETH (wsteth)
[2025-11-23 23:40:04] Synced coin: Wrapped Bitcoin (wbtc)
[2025-11-23 23:40:04] Synced coin: Bitcoin Cash (bch)
[2025-11-23 23:40:04] Synced coin: Wrapped Beacon ETH (wbeth)
[2025-11-23 23:40:04] Synced coin: Zcash (zec)
[2025-11-23 23:40:04] Synced coin: USDS (usds)
[2025-11-23 23:40:04] Synced coin: Binance Bridged USDT (BNB Smart Chain) (bsc-usd)
[2025-11-23 23:40:04] Synced coin: Chainlink (link)
[2025-11-23 23:40:04] Synced coin: LEO Token (leo)
[2025-11-23 23:40:04] Synced coin: Hyperliquid (hype)
[2025-11-23 23:40:04] Synced coin: Stellar (xlm)
[2025-11-23 23:40:04] Synced coin: WETH (weth)
[2025-11-23 23:40:04] Synced coin: Ethena USDe (usde)
[2025-11-23 23:40:04] Synced coin: Wrapped eETH (weeth)
[2025-11-23 23:40:04] Synced coin: Monero (xmr)
[2025-11-23 23:40:04] Synced coin: Coinbase Wrapped BTC (cbbtc)
[2025-11-23 23:40:04] Synced coin: Litecoin (ltc)
[2025-11-23 23:40:04] Synced coin: Hedera (hbar)
[2025-11-23 23:40:04] Synced coin: Avalanche (avax)
[2025-11-23 23:40:04] Synced coin: Sui (sui)
[2025-11-23 23:40:04] Synced coin: Shiba Inu (shib)
[2025-11-23 23:40:04] Synced coin: Dai (dai)
[2025-11-23 23:40:04] Synced coin: Ethena Staked USDe (susde)
[2025-11-23 23:40:04] Synced coin: World Liberty Financial (wlfi)
[2025-11-23 23:40:04] Synced coin: Cronos (cro)
[2025-11-23 23:40:04] Synced coin: USDT0 (usdt0)
[2025-11-23 23:40:04] Synced coin: Uniswap (uni)
[2025-11-23 23:40:04] Synced coin: sUSDS (susds)
[2025-11-23 23:40:04] Synced coin: Polkadot (dot)
[2025-11-23 23:40:04] Synced coin: Toncoin (ton)
[2025-11-23 23:40:04] Synced coin: PayPal USD (pyusd)
[2025-11-23 23:40:04] Synced coin: MemeCore (m)
[2025-11-23 23:40:04] Synced coin: Mantle (mnt)
[2025-11-23 23:40:04] Synced coin: Bittensor (tao)
[2025-11-23 23:40:04] Synced coin: Canton (cc)
[2025-11-23 23:40:04] Synced coin: USD1 (usd1)
[2025-11-23 23:40:04] Synced coin: Currency One USD (c1usd)
[2025-11-23 23:40:04] Synced coin: Aave (aave)
[2025-11-23 23:40:04] Synced coin: Bitget Token (bgb)
[2025-11-23 23:40:04] Synced coin: NEAR Protocol (near)
[2025-11-23 23:40:04] Synced coin: BlackRock USD Institutional Digital Liquidity Fund (buidl)
[2025-11-23 23:40:04] Synced coin: Aster (aster)
[2025-11-23 23:40:04] Synced coin: Internet Computer (icp)
[2025-11-23 23:40:04] Synced coin: OKB (okb)
[2025-11-23 23:40:04] Synced coin: Falcon USD (usdf)
[2025-11-23 23:40:04] Synced coin: Ethereum Classic (etc)
[2025-11-23 23:40:04] Synced coin: Tether Gold (xaut)
[2025-11-23 23:40:04] Synced coin: Pi Network (pi)
[2025-11-23 23:40:04] Synced coin: Jito Staked SOL (jitosol)
[2025-11-23 23:40:04] Synced coin: Jupiter Perpetuals Liquidity Provider Token (jlp)
[2025-11-23 23:40:04] Synced coin: Ethena (ena)
[2025-11-23 23:40:04] Synced coin: Pepe (pepe)
[2025-11-23 23:40:04] Synced coin: Aptos (apt)
[2025-11-23 23:40:04] Synced coin: Binance-Peg WETH (weth)
[2025-11-23 23:40:04] Synced coin: Wrapped SOL (sol)
[2025-11-23 23:40:04] Synced coin: HTX DAO (htx)
[2025-11-23 23:40:04] Synced coin: Ondo (ondo)
[2025-11-23 23:40:04] Synced coin: Pump.fun (pump)
[2025-11-23 23:40:04] Synced coin: KuCoin (kcs)
[2025-11-23 23:40:04] Synced coin: Worldcoin (wld)
[2025-11-23 23:40:04] Synced coin: POL (ex-MATIC) (pol)
[2025-11-23 23:40:04] Synced coin: PAX Gold (paxg)
[2025-11-23 23:40:04] Synced coin: Provenance Blockchain (hash)
[2025-11-23 23:40:04] Synced coin: USDtb (usdtb)
[2025-11-23 23:40:04] Synced coin: BFUSD (bfusd)
[2025-11-23 23:40:04] Synced coin: syrupUSDC (syrupusdc)
[2025-11-23 23:40:04] Synced coin: Binance Bridged USDC (BNB Smart Chain) (usdc)
[2025-11-23 23:40:04] Synced coin: Official Trump (trump)
[2025-11-23 23:40:04] Synced coin: Algorand (algo)
[2025-11-23 23:40:04] Synced coin: Cosmos Hub (atom)
[2025-11-23 23:40:04] Synced coin: Rocket Pool ETH (reth)
[2025-11-23 23:40:04] Synced coin: Circle USYC (usyc)
[2025-11-23 23:40:04] Synced coin: Filecoin (fil)
[2025-11-23 23:40:04] Synced coin: Gate (gt)
[2025-11-23 23:40:04] Synced coin: Wrapped BNB (wbnb)
[2025-11-23 23:40:04] Synced coin: Global Dollar (usdg)
[2025-11-23 23:40:04] Synced coin: Ripple USD (rlusd)
[2025-11-23 23:40:04] Synced coin: Binance Staked SOL (bnsol)
[2025-11-23 23:40:04] Synced coin: Arbitrum (arb)
[2025-11-23 23:40:04] Synced coin: Quant (qnt)
[2025-11-23 23:40:04] Synced coin: VeChain (vet)
[2025-11-23 23:40:04] Synced coin: Kaspa (kas)
[2025-11-23 23:40:04] Synced coin: Flare (flr)
[2025-11-23 23:40:04] Synced coin: Function FBTC (fbtc)
[2025-11-23 23:40:04] Synced coin: Lombard Staked BTC (lbtc)
[2025-11-23 23:40:04] Synced coin: Kelp DAO Restaked ETH (rseth)
[2025-11-23 23:40:04] Synced coin: Sky (sky)
[2025-11-23 23:40:04] Sync completed successfully.
[2025-11-23 23:45:03] Synced coin: Bitcoin (btc)
[2025-11-23 23:45:03] Synced coin: Ethereum (eth)
[2025-11-23 23:45:03] Synced coin: Tether (usdt)
[2025-11-23 23:45:03] Synced coin: XRP (xrp)
[2025-11-23 23:45:03] Synced coin: BNB (bnb)
[2025-11-23 23:45:03] Synced coin: Solana (sol)
[2025-11-23 23:45:03] Synced coin: USDC (usdc)
[2025-11-23 23:45:03] Synced coin: TRON (trx)
[2025-11-23 23:45:03] Synced coin: Lido Staked Ether (steth)
[2025-11-23 23:45:03] Synced coin: Dogecoin (doge)
[2025-11-23 23:45:03] Synced coin: Cardano (ada)
[2025-11-23 23:45:03] Synced coin: Figure Heloc (figr_heloc)
[2025-11-23 23:45:03] Synced coin: WhiteBIT Coin (wbt)
[2025-11-23 23:45:03] Synced coin: Wrapped stETH (wsteth)
[2025-11-23 23:45:03] Synced coin: Wrapped Bitcoin (wbtc)
[2025-11-23 23:45:03] Synced coin: Bitcoin Cash (bch)
[2025-11-23 23:45:03] Synced coin: Wrapped Beacon ETH (wbeth)
[2025-11-23 23:45:03] Synced coin: Zcash (zec)
[2025-11-23 23:45:03] Synced coin: USDS (usds)
[2025-11-23 23:45:03] Synced coin: Binance Bridged USDT (BNB Smart Chain) (bsc-usd)
[2025-11-23 23:45:03] Synced coin: Chainlink (link)
[2025-11-23 23:45:03] Synced coin: LEO Token (leo)
[2025-11-23 23:45:03] Synced coin: Hyperliquid (hype)
[2025-11-23 23:45:03] Synced coin: Stellar (xlm)
[2025-11-23 23:45:03] Synced coin: WETH (weth)
[2025-11-23 23:45:03] Synced coin: Ethena USDe (usde)
[2025-11-23 23:45:03] Synced coin: Monero (xmr)
[2025-11-23 23:45:03] Synced coin: Wrapped eETH (weeth)
[2025-11-23 23:45:03] Synced coin: Coinbase Wrapped BTC (cbbtc)
[2025-11-23 23:45:03] Synced coin: Litecoin (ltc)
[2025-11-23 23:45:03] Synced coin: Hedera (hbar)
[2025-11-23 23:45:03] Synced coin: Avalanche (avax)
[2025-11-23 23:45:03] Synced coin: Sui (sui)
[2025-11-23 23:45:03] Synced coin: Shiba Inu (shib)
[2025-11-23 23:45:03] Synced coin: Dai (dai)
[2025-11-23 23:45:03] Synced coin: Ethena Staked USDe (susde)
[2025-11-23 23:45:03] Synced coin: World Liberty Financial (wlfi)
[2025-11-23 23:45:03] Synced coin: Cronos (cro)
[2025-11-23 23:45:03] Synced coin: USDT0 (usdt0)
[2025-11-23 23:45:03] Synced coin: Uniswap (uni)
[2025-11-23 23:45:03] Synced coin: sUSDS (susds)
[2025-11-23 23:45:03] Synced coin: Polkadot (dot)
[2025-11-23 23:45:03] Synced coin: Toncoin (ton)
[2025-11-23 23:45:03] Synced coin: PayPal USD (pyusd)
[2025-11-23 23:45:03] Synced coin: MemeCore (m)
[2025-11-23 23:45:03] Synced coin: Mantle (mnt)
[2025-11-23 23:45:03] Synced coin: Bittensor (tao)
[2025-11-23 23:45:03] Synced coin: Canton (cc)
[2025-11-23 23:45:03] Synced coin: USD1 (usd1)
[2025-11-23 23:45:03] Synced coin: Currency One USD (c1usd)
[2025-11-23 23:45:03] Synced coin: Aave (aave)
[2025-11-23 23:45:03] Synced coin: Bitget Token (bgb)
[2025-11-23 23:45:03] Synced coin: NEAR Protocol (near)
[2025-11-23 23:45:03] Synced coin: BlackRock USD Institutional Digital Liquidity Fund (buidl)
[2025-11-23 23:45:03] Synced coin: Aster (aster)
[2025-11-23 23:45:03] Synced coin: Internet Computer (icp)
[2025-11-23 23:45:03] Synced coin: OKB (okb)
[2025-11-23 23:45:03] Synced coin: Falcon USD (usdf)
[2025-11-23 23:45:03] Synced coin: Ethereum Classic (etc)
[2025-11-23 23:45:03] Synced coin: Tether Gold (xaut)
[2025-11-23 23:45:03] Synced coin: Pi Network (pi)
[2025-11-23 23:45:03] Synced coin: Jito Staked SOL (jitosol)
[2025-11-23 23:45:03] Synced coin: Jupiter Perpetuals Liquidity Provider Token (jlp)
[2025-11-23 23:45:03] Synced coin: Ethena (ena)
[2025-11-23 23:45:03] Synced coin: Pepe (pepe)
[2025-11-23 23:45:03] Synced coin: Aptos (apt)
[2025-11-23 23:45:03] Synced coin: Binance-Peg WETH (weth)
[2025-11-23 23:45:03] Synced coin: Wrapped SOL (sol)
[2025-11-23 23:45:03] Synced coin: HTX DAO (htx)
[2025-11-23 23:45:03] Synced coin: Ondo (ondo)
[2025-11-23 23:45:03] Synced coin: Pump.fun (pump)
[2025-11-23 23:45:03] Synced coin: KuCoin (kcs)
[2025-11-23 23:45:03] Synced coin: Worldcoin (wld)
[2025-11-23 23:45:03] Synced coin: POL (ex-MATIC) (pol)
[2025-11-23 23:45:03] Synced coin: Provenance Blockchain (hash)
[2025-11-23 23:45:03] Synced coin: PAX Gold (paxg)
[2025-11-23 23:45:03] Synced coin: USDtb (usdtb)
[2025-11-23 23:45:03] Synced coin: BFUSD (bfusd)
[2025-11-23 23:45:03] Synced coin: syrupUSDC (syrupusdc)
[2025-11-23 23:45:03] Synced coin: Binance Bridged USDC (BNB Smart Chain) (usdc)
[2025-11-23 23:45:03] Synced coin: Official Trump (trump)
[2025-11-23 23:45:03] Synced coin: Algorand (algo)
[2025-11-23 23:45:03] Synced coin: Cosmos Hub (atom)
[2025-11-23 23:45:03] Synced coin: Rocket Pool ETH (reth)
[2025-11-23 23:45:03] Synced coin: Circle USYC (usyc)
[2025-11-23 23:45:03] Synced coin: Filecoin (fil)
[2025-11-23 23:45:03] Synced coin: Gate (gt)
[2025-11-23 23:45:03] Synced coin: Wrapped BNB (wbnb)
[2025-11-23 23:45:03] Synced coin: Global Dollar (usdg)
[2025-11-23 23:45:03] Synced coin: Ripple USD (rlusd)
[2025-11-23 23:45:03] Synced coin: Binance Staked SOL (bnsol)
[2025-11-23 23:45:03] Synced coin: Arbitrum (arb)
[2025-11-23 23:45:03] Synced coin: Quant (qnt)
[2025-11-23 23:45:03] Synced coin: VeChain (vet)
[2025-11-23 23:45:03] Synced coin: Kaspa (kas)
[2025-11-23 23:45:03] Synced coin: Flare (flr)
[2025-11-23 23:45:03] Synced coin: Function FBTC (fbtc)
[2025-11-23 23:45:03] Synced coin: Lombard Staked BTC (lbtc)
[2025-11-23 23:45:03] Synced coin: Kelp DAO Restaked ETH (rseth)
[2025-11-23 23:45:03] Synced coin: Sky (sky)
[2025-11-23 23:45:03] Sync completed successfully.
[2025-11-23 23:50:01] Synced coin: Bitcoin (btc)
[2025-11-23 23:50:01] Synced coin: Ethereum (eth)
[2025-11-23 23:50:01] Synced coin: Tether (usdt)
[2025-11-23 23:50:01] Synced coin: XRP (xrp)
[2025-11-23 23:50:01] Synced coin: BNB (bnb)
[2025-11-23 23:50:01] Synced coin: Solana (sol)
[2025-11-23 23:50:01] Synced coin: USDC (usdc)
[2025-11-23 23:50:01] Synced coin: TRON (trx)
[2025-11-23 23:50:01] Synced coin: Lido Staked Ether (steth)
[2025-11-23 23:50:01] Synced coin: Dogecoin (doge)
[2025-11-23 23:50:01] Synced coin: Cardano (ada)
[2025-11-23 23:50:01] Synced coin: Figure Heloc (figr_heloc)
[2025-11-23 23:50:01] Synced coin: WhiteBIT Coin (wbt)
[2025-11-23 23:50:01] Synced coin: Wrapped stETH (wsteth)
[2025-11-23 23:50:01] Synced coin: Wrapped Bitcoin (wbtc)
[2025-11-23 23:50:01] Synced coin: Bitcoin Cash (bch)
[2025-11-23 23:50:01] Synced coin: Wrapped Beacon ETH (wbeth)
[2025-11-23 23:50:01] Synced coin: Zcash (zec)
[2025-11-23 23:50:01] Synced coin: USDS (usds)
[2025-11-23 23:50:01] Synced coin: Binance Bridged USDT (BNB Smart Chain) (bsc-usd)
[2025-11-23 23:50:01] Synced coin: Chainlink (link)
[2025-11-23 23:50:01] Synced coin: LEO Token (leo)
[2025-11-23 23:50:01] Synced coin: Hyperliquid (hype)
[2025-11-23 23:50:01] Synced coin: Stellar (xlm)
[2025-11-23 23:50:01] Synced coin: WETH (weth)
[2025-11-23 23:50:01] Synced coin: Ethena USDe (usde)
[2025-11-23 23:50:01] Synced coin: Monero (xmr)
[2025-11-23 23:50:01] Synced coin: Wrapped eETH (weeth)
[2025-11-23 23:50:01] Synced coin: Coinbase Wrapped BTC (cbbtc)
[2025-11-23 23:50:01] Synced coin: Litecoin (ltc)
[2025-11-23 23:50:01] Synced coin: Hedera (hbar)
[2025-11-23 23:50:01] Synced coin: Avalanche (avax)
[2025-11-23 23:50:01] Synced coin: Sui (sui)
[2025-11-23 23:50:01] Synced coin: Shiba Inu (shib)
[2025-11-23 23:50:01] Synced coin: Dai (dai)
[2025-11-23 23:50:01] Synced coin: Ethena Staked USDe (susde)
[2025-11-23 23:50:01] Synced coin: World Liberty Financial (wlfi)
[2025-11-23 23:50:01] Synced coin: Cronos (cro)
[2025-11-23 23:50:01] Synced coin: USDT0 (usdt0)
[2025-11-23 23:50:01] Synced coin: Uniswap (uni)
[2025-11-23 23:50:01] Synced coin: sUSDS (susds)
[2025-11-23 23:50:01] Synced coin: Polkadot (dot)
[2025-11-23 23:50:01] Synced coin: Toncoin (ton)
[2025-11-23 23:50:01] Synced coin: PayPal USD (pyusd)
[2025-11-23 23:50:01] Synced coin: MemeCore (m)
[2025-11-23 23:50:01] Synced coin: Mantle (mnt)
[2025-11-23 23:50:01] Synced coin: Bittensor (tao)
[2025-11-23 23:50:01] Synced coin: Canton (cc)
[2025-11-23 23:50:01] Synced coin: USD1 (usd1)
[2025-11-23 23:50:01] Synced coin: Currency One USD (c1usd)
[2025-11-23 23:50:01] Synced coin: Aave (aave)
[2025-11-23 23:50:01] Synced coin: Bitget Token (bgb)
[2025-11-23 23:50:01] Synced coin: NEAR Protocol (near)
[2025-11-23 23:50:01] Synced coin: BlackRock USD Institutional Digital Liquidity Fund (buidl)
[2025-11-23 23:50:01] Synced coin: Aster (aster)
[2025-11-23 23:50:01] Synced coin: Internet Computer (icp)
[2025-11-23 23:50:01] Synced coin: OKB (okb)
[2025-11-23 23:50:01] Synced coin: Falcon USD (usdf)
[2025-11-23 23:50:01] Synced coin: Ethereum Classic (etc)
[2025-11-23 23:50:01] Synced coin: Tether Gold (xaut)
[2025-11-23 23:50:01] Synced coin: Pi Network (pi)
[2025-11-23 23:50:01] Synced coin: Jito Staked SOL (jitosol)
[2025-11-23 23:50:01] Synced coin: Jupiter Perpetuals Liquidity Provider Token (jlp)
[2025-11-23 23:50:01] Synced coin: Ethena (ena)
[2025-11-23 23:50:01] Synced coin: Pepe (pepe)
[2025-11-23 23:50:01] Synced coin: Aptos (apt)
[2025-11-23 23:50:01] Synced coin: Binance-Peg WETH (weth)
[2025-11-23 23:50:01] Synced coin: Wrapped SOL (sol)
[2025-11-23 23:50:01] Synced coin: HTX DAO (htx)
[2025-11-23 23:50:01] Synced coin: Ondo (ondo)
[2025-11-23 23:50:01] Synced coin: Pump.fun (pump)
[2025-11-23 23:50:01] Synced coin: KuCoin (kcs)
[2025-11-23 23:50:01] Synced coin: Worldcoin (wld)
[2025-11-23 23:50:01] Synced coin: POL (ex-MATIC) (pol)
[2025-11-23 23:50:01] Synced coin: Provenance Blockchain (hash)
[2025-11-23 23:50:01] Synced coin: PAX Gold (paxg)
[2025-11-23 23:50:01] Synced coin: USDtb (usdtb)
[2025-11-23 23:50:01] Synced coin: BFUSD (bfusd)
[2025-11-23 23:50:01] Synced coin: syrupUSDC (syrupusdc)
[2025-11-23 23:50:01] Synced coin: Binance Bridged USDC (BNB Smart Chain) (usdc)
[2025-11-23 23:50:01] Synced coin: Official Trump (trump)
[2025-11-23 23:50:01] Synced coin: Algorand (algo)
[2025-11-23 23:50:01] Synced coin: Cosmos Hub (atom)
[2025-11-23 23:50:01] Synced coin: Rocket Pool ETH (reth)
[2025-11-23 23:50:01] Synced coin: Filecoin (fil)
[2025-11-23 23:50:01] Synced coin: Circle USYC (usyc)
[2025-11-23 23:50:01] Synced coin: Gate (gt)
[2025-11-23 23:50:01] Synced coin: Wrapped BNB (wbnb)
[2025-11-23 23:50:01] Synced coin: Global Dollar (usdg)
[2025-11-23 23:50:01] Synced coin: Ripple USD (rlusd)
[2025-11-23 23:50:01] Synced coin: Binance Staked SOL (bnsol)
[2025-11-23 23:50:01] Synced coin: Quant (qnt)
[2025-11-23 23:50:01] Synced coin: Arbitrum (arb)
[2025-11-23 23:50:01] Synced coin: VeChain (vet)
[2025-11-23 23:50:01] Synced coin: Kaspa (kas)
[2025-11-23 23:50:01] Synced coin: Flare (flr)
[2025-11-23 23:50:01] Synced coin: Function FBTC (fbtc)
[2025-11-23 23:50:01] Synced coin: Lombard Staked BTC (lbtc)
[2025-11-23 23:50:01] Synced coin: Kelp DAO Restaked ETH (rseth)
[2025-11-23 23:50:01] Synced coin: Sky (sky)
[2025-11-23 23:50:01] Sync completed successfully.
[2025-11-23 23:55:03] Synced coin: Bitcoin (btc)
[2025-11-23 23:55:03] Synced coin: Ethereum (eth)
[2025-11-23 23:55:03] Synced coin: Tether (usdt)
[2025-11-23 23:55:03] Synced coin: XRP (xrp)
[2025-11-23 23:55:03] Synced coin: BNB (bnb)
[2025-11-23 23:55:03] Synced coin: Solana (sol)
[2025-11-23 23:55:03] Synced coin: USDC (usdc)
[2025-11-23 23:55:03] Synced coin: TRON (trx)
[2025-11-23 23:55:03] Synced coin: Lido Staked Ether (steth)
[2025-11-23 23:55:03] Synced coin: Dogecoin (doge)
[2025-11-23 23:55:03] Synced coin: Cardano (ada)
[2025-11-23 23:55:03] Synced coin: Figure Heloc (figr_heloc)
[2025-11-23 23:55:03] Synced coin: WhiteBIT Coin (wbt)
[2025-11-23 23:55:03] Synced coin: Wrapped stETH (wsteth)
[2025-11-23 23:55:03] Synced coin: Bitcoin Cash (bch)
[2025-11-23 23:55:03] Synced coin: Wrapped Bitcoin (wbtc)
[2025-11-23 23:55:03] Synced coin: Wrapped Beacon ETH (wbeth)
[2025-11-23 23:55:03] Synced coin: Zcash (zec)
[2025-11-23 23:55:03] Synced coin: USDS (usds)
[2025-11-23 23:55:03] Synced coin: Binance Bridged USDT (BNB Smart Chain) (bsc-usd)
[2025-11-23 23:55:03] Synced coin: Chainlink (link)
[2025-11-23 23:55:03] Synced coin: LEO Token (leo)
[2025-11-23 23:55:03] Synced coin: Hyperliquid (hype)
[2025-11-23 23:55:03] Synced coin: Stellar (xlm)
[2025-11-23 23:55:03] Synced coin: WETH (weth)
[2025-11-23 23:55:03] Synced coin: Ethena USDe (usde)
[2025-11-23 23:55:03] Synced coin: Monero (xmr)
[2025-11-23 23:55:03] Synced coin: Wrapped eETH (weeth)
[2025-11-23 23:55:03] Synced coin: Coinbase Wrapped BTC (cbbtc)
[2025-11-23 23:55:03] Synced coin: Litecoin (ltc)
[2025-11-23 23:55:03] Synced coin: Hedera (hbar)
[2025-11-23 23:55:03] Synced coin: Avalanche (avax)
[2025-11-23 23:55:03] Synced coin: Sui (sui)
[2025-11-23 23:55:03] Synced coin: Shiba Inu (shib)
[2025-11-23 23:55:03] Synced coin: Dai (dai)
[2025-11-23 23:55:03] Synced coin: Ethena Staked USDe (susde)
[2025-11-23 23:55:03] Synced coin: World Liberty Financial (wlfi)
[2025-11-23 23:55:03] Synced coin: Cronos (cro)
[2025-11-23 23:55:03] Synced coin: USDT0 (usdt0)
[2025-11-23 23:55:03] Synced coin: Uniswap (uni)
[2025-11-23 23:55:03] Synced coin: sUSDS (susds)
[2025-11-23 23:55:03] Synced coin: Polkadot (dot)
[2025-11-23 23:55:03] Synced coin: Toncoin (ton)
[2025-11-23 23:55:03] Synced coin: PayPal USD (pyusd)
[2025-11-23 23:55:03] Synced coin: MemeCore (m)
[2025-11-23 23:55:03] Synced coin: Mantle (mnt)
[2025-11-23 23:55:03] Synced coin: Bittensor (tao)
[2025-11-23 23:55:03] Synced coin: Canton (cc)
[2025-11-23 23:55:03] Synced coin: USD1 (usd1)
[2025-11-23 23:55:03] Synced coin: Currency One USD (c1usd)
[2025-11-23 23:55:03] Synced coin: Aave (aave)
[2025-11-23 23:55:03] Synced coin: Bitget Token (bgb)
[2025-11-23 23:55:03] Synced coin: NEAR Protocol (near)
[2025-11-23 23:55:03] Synced coin: BlackRock USD Institutional Digital Liquidity Fund (buidl)
[2025-11-23 23:55:03] Synced coin: Aster (aster)
[2025-11-23 23:55:03] Synced coin: Internet Computer (icp)
[2025-11-23 23:55:03] Synced coin: OKB (okb)
[2025-11-23 23:55:03] Synced coin: Falcon USD (usdf)
[2025-11-23 23:55:03] Synced coin: Ethereum Classic (etc)
[2025-11-23 23:55:03] Synced coin: Tether Gold (xaut)
[2025-11-23 23:55:03] Synced coin: Pi Network (pi)
[2025-11-23 23:55:03] Synced coin: Jito Staked SOL (jitosol)
[2025-11-23 23:55:03] Synced coin: Jupiter Perpetuals Liquidity Provider Token (jlp)
[2025-11-23 23:55:03] Synced coin: Ethena (ena)
[2025-11-23 23:55:03] Synced coin: Pepe (pepe)
[2025-11-23 23:55:03] Synced coin: Aptos (apt)
[2025-11-23 23:55:03] Synced coin: Binance-Peg WETH (weth)
[2025-11-23 23:55:03] Synced coin: Wrapped SOL (sol)
[2025-11-23 23:55:03] Synced coin: HTX DAO (htx)
[2025-11-23 23:55:03] Synced coin: Ondo (ondo)
[2025-11-23 23:55:03] Synced coin: Pump.fun (pump)
[2025-11-23 23:55:03] Synced coin: KuCoin (kcs)
[2025-11-23 23:55:03] Synced coin: Worldcoin (wld)
[2025-11-23 23:55:03] Synced coin: POL (ex-MATIC) (pol)
[2025-11-23 23:55:03] Synced coin: Provenance Blockchain (hash)
[2025-11-23 23:55:03] Synced coin: PAX Gold (paxg)
[2025-11-23 23:55:03] Synced coin: USDtb (usdtb)
[2025-11-23 23:55:03] Synced coin: BFUSD (bfusd)
[2025-11-23 23:55:03] Synced coin: syrupUSDC (syrupusdc)
[2025-11-23 23:55:03] Synced coin: Binance Bridged USDC (BNB Smart Chain) (usdc)
[2025-11-23 23:55:03] Synced coin: Official Trump (trump)
[2025-11-23 23:55:03] Synced coin: Algorand (algo)
[2025-11-23 23:55:03] Synced coin: Rocket Pool ETH (reth)
[2025-11-23 23:55:03] Synced coin: Cosmos Hub (atom)
[2025-11-23 23:55:03] Synced coin: Filecoin (fil)
[2025-11-23 23:55:03] Synced coin: Circle USYC (usyc)
[2025-11-23 23:55:03] Synced coin: Gate (gt)
[2025-11-23 23:55:03] Synced coin: Wrapped BNB (wbnb)
[2025-11-23 23:55:03] Synced coin: Ripple USD (rlusd)
[2025-11-23 23:55:03] Synced coin: Global Dollar (usdg)
[2025-11-23 23:55:03] Synced coin: Binance Staked SOL (bnsol)
[2025-11-23 23:55:03] Synced coin: Quant (qnt)
[2025-11-23 23:55:03] Synced coin: Arbitrum (arb)
[2025-11-23 23:55:03] Synced coin: VeChain (vet)
[2025-11-23 23:55:03] Synced coin: Kaspa (kas)
[2025-11-23 23:55:03] Synced coin: Flare (flr)
[2025-11-23 23:55:03] Synced coin: Function FBTC (fbtc)
[2025-11-23 23:55:03] Synced coin: Lombard Staked BTC (lbtc)
[2025-11-23 23:55:03] Synced coin: Kelp DAO Restaked ETH (rseth)
[2025-11-23 23:55:03] Synced coin: Sky (sky)
[2025-11-23 23:55:03] Sync completed successfully.
[2025-11-24 00:00:02] Synced coin: Bitcoin (btc)
[2025-11-24 00:00:02] Synced coin: Ethereum (eth)
[2025-11-24 00:00:02] Synced coin: Tether (usdt)
[2025-11-24 00:00:02] Synced coin: XRP (xrp)
[2025-11-24 00:00:02] Synced coin: BNB (bnb)
[2025-11-24 00:00:02] Synced coin: Solana (sol)
[2025-11-24 00:00:02] Synced coin: USDC (usdc)
[2025-11-24 00:00:02] Synced coin: TRON (trx)
[2025-11-24 00:00:02] Synced coin: Lido Staked Ether (steth)
[2025-11-24 00:00:02] Synced coin: Dogecoin (doge)
[2025-11-24 00:00:02] Synced coin: Cardano (ada)
[2025-11-24 00:00:02] Synced coin: Figure Heloc (figr_heloc)
[2025-11-24 00:00:02] Synced coin: WhiteBIT Coin (wbt)
[2025-11-24 00:00:02] Synced coin: Wrapped stETH (wsteth)
[2025-11-24 00:00:02] Synced coin: Bitcoin Cash (bch)
[2025-11-24 00:00:02] Synced coin: Wrapped Bitcoin (wbtc)
[2025-11-24 00:00:02] Synced coin: Wrapped Beacon ETH (wbeth)
[2025-11-24 00:00:02] Synced coin: Zcash (zec)
[2025-11-24 00:00:02] Synced coin: USDS (usds)
[2025-11-24 00:00:02] Synced coin: Binance Bridged USDT (BNB Smart Chain) (bsc-usd)
[2025-11-24 00:00:02] Synced coin: Chainlink (link)
[2025-11-24 00:00:02] Synced coin: LEO Token (leo)
[2025-11-24 00:00:02] Synced coin: Hyperliquid (hype)
[2025-11-24 00:00:02] Synced coin: Stellar (xlm)
[2025-11-24 00:00:02] Synced coin: WETH (weth)
[2025-11-24 00:00:02] Synced coin: Ethena USDe (usde)
[2025-11-24 00:00:02] Synced coin: Wrapped eETH (weeth)
[2025-11-24 00:00:02] Synced coin: Monero (xmr)
[2025-11-24 00:00:02] Synced coin: Coinbase Wrapped BTC (cbbtc)
[2025-11-24 00:00:02] Synced coin: Litecoin (ltc)
[2025-11-24 00:00:02] Synced coin: Hedera (hbar)
[2025-11-24 00:00:02] Synced coin: Avalanche (avax)
[2025-11-24 00:00:02] Synced coin: Sui (sui)
[2025-11-24 00:00:02] Synced coin: Shiba Inu (shib)
[2025-11-24 00:00:02] Synced coin: Dai (dai)
[2025-11-24 00:00:02] Synced coin: Ethena Staked USDe (susde)
[2025-11-24 00:00:02] Synced coin: World Liberty Financial (wlfi)
[2025-11-24 00:00:02] Synced coin: Cronos (cro)
[2025-11-24 00:00:02] Synced coin: USDT0 (usdt0)
[2025-11-24 00:00:02] Synced coin: Uniswap (uni)
[2025-11-24 00:00:02] Synced coin: sUSDS (susds)
[2025-11-24 00:00:02] Synced coin: Polkadot (dot)
[2025-11-24 00:00:02] Synced coin: Toncoin (ton)
[2025-11-24 00:00:02] Synced coin: PayPal USD (pyusd)
[2025-11-24 00:00:02] Synced coin: MemeCore (m)
[2025-11-24 00:00:02] Synced coin: Mantle (mnt)
[2025-11-24 00:00:02] Synced coin: Bittensor (tao)
[2025-11-24 00:00:02] Synced coin: Canton (cc)
[2025-11-24 00:00:02] Synced coin: USD1 (usd1)
[2025-11-24 00:00:02] Synced coin: Currency One USD (c1usd)
[2025-11-24 00:00:02] Synced coin: Aave (aave)
[2025-11-24 00:00:02] Synced coin: Bitget Token (bgb)
[2025-11-24 00:00:02] Synced coin: NEAR Protocol (near)
[2025-11-24 00:00:02] Synced coin: BlackRock USD Institutional Digital Liquidity Fund (buidl)
[2025-11-24 00:00:02] Synced coin: Aster (aster)
[2025-11-24 00:00:02] Synced coin: Internet Computer (icp)
[2025-11-24 00:00:02] Synced coin: OKB (okb)
[2025-11-24 00:00:02] Synced coin: Falcon USD (usdf)
[2025-11-24 00:00:02] Synced coin: Ethereum Classic (etc)
[2025-11-24 00:00:02] Synced coin: Tether Gold (xaut)
[2025-11-24 00:00:02] Synced coin: Pi Network (pi)
[2025-11-24 00:00:02] Synced coin: Jito Staked SOL (jitosol)
[2025-11-24 00:00:02] Synced coin: Jupiter Perpetuals Liquidity Provider Token (jlp)
[2025-11-24 00:00:02] Synced coin: Ethena (ena)
[2025-11-24 00:00:02] Synced coin: Pepe (pepe)
[2025-11-24 00:00:02] Synced coin: Aptos (apt)
[2025-11-24 00:00:02] Synced coin: Wrapped SOL (sol)
[2025-11-24 00:00:02] Synced coin: Binance-Peg WETH (weth)
[2025-11-24 00:00:02] Synced coin: HTX DAO (htx)
[2025-11-24 00:00:02] Synced coin: Ondo (ondo)
[2025-11-24 00:00:02] Synced coin: Pump.fun (pump)
[2025-11-24 00:00:02] Synced coin: KuCoin (kcs)
[2025-11-24 00:00:02] Synced coin: Worldcoin (wld)
[2025-11-24 00:00:02] Synced coin: POL (ex-MATIC) (pol)
[2025-11-24 00:00:02] Synced coin: Provenance Blockchain (hash)
[2025-11-24 00:00:02] Synced coin: PAX Gold (paxg)
[2025-11-24 00:00:02] Synced coin: USDtb (usdtb)
[2025-11-24 00:00:02] Synced coin: BFUSD (bfusd)
[2025-11-24 00:00:02] Synced coin: syrupUSDC (syrupusdc)
[2025-11-24 00:00:02] Synced coin: Binance Bridged USDC (BNB Smart Chain) (usdc)
[2025-11-24 00:00:02] Synced coin: Official Trump (trump)
[2025-11-24 00:00:02] Synced coin: Algorand (algo)
[2025-11-24 00:00:02] Synced coin: Cosmos Hub (atom)
[2025-11-24 00:00:02] Synced coin: Rocket Pool ETH (reth)
[2025-11-24 00:00:02] Synced coin: Filecoin (fil)
[2025-11-24 00:00:02] Synced coin: Circle USYC (usyc)
[2025-11-24 00:00:02] Synced coin: Gate (gt)
[2025-11-24 00:00:02] Synced coin: Wrapped BNB (wbnb)
[2025-11-24 00:00:02] Synced coin: Ripple USD (rlusd)
[2025-11-24 00:00:02] Synced coin: Global Dollar (usdg)
[2025-11-24 00:00:02] Synced coin: Quant (qnt)
[2025-11-24 00:00:02] Synced coin: Binance Staked SOL (bnsol)
[2025-11-24 00:00:02] Synced coin: Arbitrum (arb)
[2025-11-24 00:00:02] Synced coin: VeChain (vet)
[2025-11-24 00:00:02] Synced coin: Kaspa (kas)
[2025-11-24 00:00:02] Synced coin: Flare (flr)
[2025-11-24 00:00:02] Synced coin: Function FBTC (fbtc)
[2025-11-24 00:00:02] Synced coin: Lombard Staked BTC (lbtc)
[2025-11-24 00:00:02] Synced coin: Kelp DAO Restaked ETH (rseth)
[2025-11-24 00:00:02] Synced coin: Sky (sky)
[2025-11-24 00:00:02] Sync completed successfully.
[2025-11-24 19:50:02] Synced coin: Bitcoin (btc)
[2025-11-24 19:50:02] Synced coin: Ethereum (eth)
[2025-11-24 19:50:03] Synced coin: Tether (usdt)
[2025-11-24 19:50:03] Synced coin: XRP (xrp)
[2025-11-24 19:50:03] Synced coin: BNB (bnb)
[2025-11-24 19:50:03] Synced coin: USDC (usdc)
[2025-11-24 19:50:03] Synced coin: Solana (sol)
[2025-11-24 19:50:03] Synced coin: TRON (trx)
[2025-11-24 19:50:03] Synced coin: Lido Staked Ether (steth)
[2025-11-24 19:50:03] Synced coin: Dogecoin (doge)
[2025-11-24 19:50:03] Synced coin: Cardano (ada)
[2025-11-24 19:50:03] Synced coin: Figure Heloc (figr_heloc)
[2025-11-24 19:50:03] Synced coin: WhiteBIT Coin (wbt)
[2025-11-24 19:50:03] Synced coin: Wrapped stETH (wsteth)
[2025-11-24 19:50:03] Synced coin: Bitcoin Cash (bch)
[2025-11-24 19:50:03] Synced coin: Wrapped Bitcoin (wbtc)
[2025-11-24 19:50:03] Synced coin: Wrapped Beacon ETH (wbeth)
[2025-11-24 19:50:03] Synced coin: USDS (usds)
[2025-11-24 19:50:03] Synced coin: Binance Bridged USDT (BNB Smart Chain) (bsc-usd)
[2025-11-24 19:50:03] Synced coin: Zcash (zec)
[2025-11-24 19:50:03] Synced coin: LEO Token (leo)
[2025-11-24 19:50:03] Synced coin: Chainlink (link)
[2025-11-24 19:50:03] Synced coin: Hyperliquid (hype)
[2025-11-24 19:50:03] Synced coin: Stellar (xlm)
[2025-11-24 19:50:03] Synced coin: WETH (weth)
[2025-11-24 19:50:03] Synced coin: Ethena USDe (usde)
[2025-11-24 19:50:03] Synced coin: Monero (xmr)
[2025-11-24 19:50:03] Synced coin: Wrapped eETH (weeth)
[2025-11-24 19:50:03] Synced coin: Coinbase Wrapped BTC (cbbtc)
[2025-11-24 19:50:03] Synced coin: Litecoin (ltc)
[2025-11-24 19:50:03] Synced coin: Hedera (hbar)
[2025-11-24 19:50:03] Synced coin: Avalanche (avax)
[2025-11-24 19:50:03] Synced coin: Sui (sui)
[2025-11-24 19:50:03] Synced coin: Shiba Inu (shib)
[2025-11-24 19:50:03] Synced coin: Dai (dai)
[2025-11-24 19:50:03] Synced coin: Ethena Staked USDe (susde)
[2025-11-24 19:50:03] Synced coin: World Liberty Financial (wlfi)
[2025-11-24 19:50:03] Synced coin: USDT0 (usdt0)
[2025-11-24 19:50:03] Synced coin: Cronos (cro)
[2025-11-24 19:50:03] Synced coin: Uniswap (uni)
[2025-11-24 19:50:03] Synced coin: sUSDS (susds)
[2025-11-24 19:50:03] Synced coin: Polkadot (dot)
[2025-11-24 19:50:03] Synced coin: Toncoin (ton)
[2025-11-24 19:50:03] Synced coin: PayPal USD (pyusd)
[2025-11-24 19:50:03] Synced coin: MemeCore (m)
[2025-11-24 19:50:03] Synced coin: Mantle (mnt)
[2025-11-24 19:50:03] Synced coin: Canton (cc)
[2025-11-24 19:50:03] Synced coin: USD1 (usd1)
[2025-11-24 19:50:03] Synced coin: Bittensor (tao)
[2025-11-24 19:50:03] Synced coin: Aave (aave)
[2025-11-24 19:50:03] Synced coin: Bitget Token (bgb)
[2025-11-24 19:50:03] Synced coin: NEAR Protocol (near)
[2025-11-24 19:50:03] Synced coin: BlackRock USD Institutional Digital Liquidity Fund (buidl)
[2025-11-24 19:50:03] Synced coin: Aster (aster)
[2025-11-24 19:50:03] Synced coin: Falcon USD (usdf)
[2025-11-24 19:50:03] Synced coin: OKB (okb)
[2025-11-24 19:50:03] Synced coin: Internet Computer (icp)
[2025-11-24 19:50:03] Synced coin: Tether Gold (xaut)
[2025-11-24 19:50:03] Synced coin: Ethereum Classic (etc)
[2025-11-24 19:50:03] Synced coin: Pi Network (pi)
[2025-11-24 19:50:03] Synced coin: Jito Staked SOL (jitosol)
[2025-11-24 19:50:03] Synced coin: Jupiter Perpetuals Liquidity Provider Token (jlp)
[2025-11-24 19:50:03] Synced coin: Ethena (ena)
[2025-11-24 19:50:03] Synced coin: Pepe (pepe)
[2025-11-24 19:50:03] Synced coin: Binance-Peg WETH (weth)
[2025-11-24 19:50:03] Synced coin: Aptos (apt)
[2025-11-24 19:50:03] Synced coin: Wrapped SOL (sol)
[2025-11-24 19:50:03] Synced coin: HTX DAO (htx)
[2025-11-24 19:50:03] Synced coin: Pump.fun (pump)
[2025-11-24 19:50:03] Synced coin: Ondo (ondo)
[2025-11-24 19:50:03] Synced coin: KuCoin (kcs)
[2025-11-24 19:50:03] Synced coin: Worldcoin (wld)
[2025-11-24 19:50:03] Synced coin: POL (ex-MATIC) (pol)
[2025-11-24 19:50:03] Synced coin: PAX Gold (paxg)
[2025-11-24 19:50:03] Synced coin: USDtb (usdtb)
[2025-11-24 19:50:03] Synced coin: BFUSD (bfusd)
[2025-11-24 19:50:03] Synced coin: syrupUSDC (syrupusdc)
[2025-11-24 19:50:03] Synced coin: Binance Bridged USDC (BNB Smart Chain) (usdc)
[2025-11-24 19:50:03] Synced coin: Algorand (algo)
[2025-11-24 19:50:03] Synced coin: Official Trump (trump)
[2025-11-24 19:50:03] Synced coin: Provenance Blockchain (hash)
[2025-11-24 19:50:03] Synced coin: Rocket Pool ETH (reth)
[2025-11-24 19:50:03] Synced coin: Circle USYC (usyc)
[2025-11-24 19:50:03] Synced coin: Global Dollar (usdg)
[2025-11-24 19:50:03] Synced coin: Cosmos Hub (atom)
[2025-11-24 19:50:03] Synced coin: Gate (gt)
[2025-11-24 19:50:03] Synced coin: Ripple USD (rlusd)
[2025-11-24 19:50:03] Synced coin: Filecoin (fil)
[2025-11-24 19:50:03] Synced coin: Wrapped BNB (wbnb)
[2025-11-24 19:50:03] Synced coin: Arbitrum (arb)
[2025-11-24 19:50:03] Synced coin: Quant (qnt)
[2025-11-24 19:50:03] Synced coin: Binance Staked SOL (bnsol)
[2025-11-24 19:50:03] Synced coin: VeChain (vet)
[2025-11-24 19:50:03] Synced coin: Kaspa (kas)
[2025-11-24 19:50:03] Synced coin: Flare (flr)
[2025-11-24 19:50:03] Synced coin: Function FBTC (fbtc)
[2025-11-24 19:50:03] Synced coin: Kelp DAO Restaked ETH (rseth)
[2025-11-24 19:50:03] Synced coin: Lombard Staked BTC (lbtc)
[2025-11-24 19:50:03] Synced coin: XDC Network (xdc)
[2025-11-24 19:50:03] Synced coin: Sky (sky)
[2025-11-24 19:50:03] Sync completed successfully.
[2025-11-24 19:55:07] Synced coin: Bitcoin (btc)
[2025-11-24 19:55:07] Synced coin: Ethereum (eth)
[2025-11-24 19:55:07] Synced coin: Tether (usdt)
[2025-11-24 19:55:07] Synced coin: XRP (xrp)
[2025-11-24 19:55:07] Synced coin: BNB (bnb)
[2025-11-24 19:55:07] Synced coin: USDC (usdc)
[2025-11-24 19:55:07] Synced coin: Solana (sol)
[2025-11-24 19:55:07] Synced coin: TRON (trx)
[2025-11-24 19:55:07] Synced coin: Lido Staked Ether (steth)
[2025-11-24 19:55:07] Synced coin: Dogecoin (doge)
[2025-11-24 19:55:07] Synced coin: Cardano (ada)
[2025-11-24 19:55:07] Synced coin: Figure Heloc (figr_heloc)
[2025-11-24 19:55:07] Synced coin: WhiteBIT Coin (wbt)
[2025-11-24 19:55:07] Synced coin: Wrapped stETH (wsteth)
[2025-11-24 19:55:07] Synced coin: Bitcoin Cash (bch)
[2025-11-24 19:55:07] Synced coin: Wrapped Bitcoin (wbtc)
[2025-11-24 19:55:07] Synced coin: Wrapped Beacon ETH (wbeth)
[2025-11-24 19:55:07] Synced coin: USDS (usds)
[2025-11-24 19:55:07] Synced coin: Binance Bridged USDT (BNB Smart Chain) (bsc-usd)
[2025-11-24 19:55:07] Synced coin: Zcash (zec)
[2025-11-24 19:55:07] Synced coin: LEO Token (leo)
[2025-11-24 19:55:07] Synced coin: Chainlink (link)
[2025-11-24 19:55:07] Synced coin: Hyperliquid (hype)
[2025-11-24 19:55:07] Synced coin: Stellar (xlm)
[2025-11-24 19:55:07] Synced coin: WETH (weth)
[2025-11-24 19:55:07] Synced coin: Ethena USDe (usde)
[2025-11-24 19:55:07] Synced coin: Monero (xmr)
[2025-11-24 19:55:07] Synced coin: Wrapped eETH (weeth)
[2025-11-24 19:55:07] Synced coin: Coinbase Wrapped BTC (cbbtc)
[2025-11-24 19:55:07] Synced coin: Litecoin (ltc)
[2025-11-24 19:55:07] Synced coin: Hedera (hbar)
[2025-11-24 19:55:07] Synced coin: Avalanche (avax)
[2025-11-24 19:55:07] Synced coin: Sui (sui)
[2025-11-24 19:55:07] Synced coin: Shiba Inu (shib)
[2025-11-24 19:55:07] Synced coin: Dai (dai)
[2025-11-24 19:55:07] Synced coin: Ethena Staked USDe (susde)
[2025-11-24 19:55:07] Synced coin: USDT0 (usdt0)
[2025-11-24 19:55:07] Synced coin: World Liberty Financial (wlfi)
[2025-11-24 19:55:07] Synced coin: Cronos (cro)
[2025-11-24 19:55:07] Synced coin: Uniswap (uni)
[2025-11-24 19:55:07] Synced coin: sUSDS (susds)
[2025-11-24 19:55:07] Synced coin: Polkadot (dot)
[2025-11-24 19:55:07] Synced coin: Toncoin (ton)
[2025-11-24 19:55:07] Synced coin: PayPal USD (pyusd)
[2025-11-24 19:55:07] Synced coin: MemeCore (m)
[2025-11-24 19:55:07] Synced coin: Mantle (mnt)
[2025-11-24 19:55:07] Synced coin: Canton (cc)
[2025-11-24 19:55:07] Synced coin: USD1 (usd1)
[2025-11-24 19:55:07] Synced coin: Bittensor (tao)
[2025-11-24 19:55:07] Synced coin: Aave (aave)
[2025-11-24 19:55:07] Synced coin: Bitget Token (bgb)
[2025-11-24 19:55:07] Synced coin: NEAR Protocol (near)
[2025-11-24 19:55:07] Synced coin: BlackRock USD Institutional Digital Liquidity Fund (buidl)
[2025-11-24 19:55:07] Synced coin: Aster (aster)
[2025-11-24 19:55:07] Synced coin: Falcon USD (usdf)
[2025-11-24 19:55:07] Synced coin: OKB (okb)
[2025-11-24 19:55:07] Synced coin: Tether Gold (xaut)
[2025-11-24 19:55:07] Synced coin: Internet Computer (icp)
[2025-11-24 19:55:07] Synced coin: Ethereum Classic (etc)
[2025-11-24 19:55:07] Synced coin: Pi Network (pi)
[2025-11-24 19:55:07] Synced coin: Jito Staked SOL (jitosol)
[2025-11-24 19:55:07] Synced coin: Jupiter Perpetuals Liquidity Provider Token (jlp)
[2025-11-24 19:55:07] Synced coin: Ethena (ena)
[2025-11-24 19:55:07] Synced coin: Pepe (pepe)
[2025-11-24 19:55:07] Synced coin: Binance-Peg WETH (weth)
[2025-11-24 19:55:07] Synced coin: Aptos (apt)
[2025-11-24 19:55:07] Synced coin: Wrapped SOL (sol)
[2025-11-24 19:55:07] Synced coin: HTX DAO (htx)
[2025-11-24 19:55:07] Synced coin: Pump.fun (pump)
[2025-11-24 19:55:07] Synced coin: Ondo (ondo)
[2025-11-24 19:55:07] Synced coin: KuCoin (kcs)
[2025-11-24 19:55:07] Synced coin: Worldcoin (wld)
[2025-11-24 19:55:07] Synced coin: POL (ex-MATIC) (pol)
[2025-11-24 19:55:07] Synced coin: PAX Gold (paxg)
[2025-11-24 19:55:07] Synced coin: USDtb (usdtb)
[2025-11-24 19:55:07] Synced coin: BFUSD (bfusd)
[2025-11-24 19:55:07] Synced coin: syrupUSDC (syrupusdc)
[2025-11-24 19:55:07] Synced coin: Binance Bridged USDC (BNB Smart Chain) (usdc)
[2025-11-24 19:55:07] Synced coin: Official Trump (trump)
[2025-11-24 19:55:07] Synced coin: Algorand (algo)
[2025-11-24 19:55:07] Synced coin: Rocket Pool ETH (reth)
[2025-11-24 19:55:07] Synced coin: Provenance Blockchain (hash)
[2025-11-24 19:55:07] Synced coin: Circle USYC (usyc)
[2025-11-24 19:55:07] Synced coin: Global Dollar (usdg)
[2025-11-24 19:55:07] Synced coin: Cosmos Hub (atom)
[2025-11-24 19:55:07] Synced coin: Gate (gt)
[2025-11-24 19:55:07] Synced coin: Ripple USD (rlusd)
[2025-11-24 19:55:07] Synced coin: Wrapped BNB (wbnb)
[2025-11-24 19:55:07] Synced coin: Filecoin (fil)
[2025-11-24 19:55:07] Synced coin: Arbitrum (arb)
[2025-11-24 19:55:07] Synced coin: Quant (qnt)
[2025-11-24 19:55:07] Synced coin: Binance Staked SOL (bnsol)
[2025-11-24 19:55:07] Synced coin: VeChain (vet)
[2025-11-24 19:55:07] Synced coin: Kaspa (kas)
[2025-11-24 19:55:07] Synced coin: Flare (flr)
[2025-11-24 19:55:07] Synced coin: Function FBTC (fbtc)
[2025-11-24 19:55:07] Synced coin: Kelp DAO Restaked ETH (rseth)
[2025-11-24 19:55:07] Synced coin: Lombard Staked BTC (lbtc)
[2025-11-24 19:55:07] Synced coin: XDC Network (xdc)
[2025-11-24 19:55:07] Synced coin: Sky (sky)
[2025-11-24 19:55:07] Sync completed successfully.
[2025-11-24 20:00:02] Synced coin: Bitcoin (btc)
[2025-11-24 20:00:02] Synced coin: Ethereum (eth)
[2025-11-24 20:00:02] Synced coin: Tether (usdt)
[2025-11-24 20:00:02] Synced coin: XRP (xrp)
[2025-11-24 20:00:02] Synced coin: BNB (bnb)
[2025-11-24 20:00:02] Synced coin: USDC (usdc)
[2025-11-24 20:00:02] Synced coin: Solana (sol)
[2025-11-24 20:00:02] Synced coin: TRON (trx)
[2025-11-24 20:00:02] Synced coin: Lido Staked Ether (steth)
[2025-11-24 20:00:02] Synced coin: Dogecoin (doge)
[2025-11-24 20:00:02] Synced coin: Cardano (ada)
[2025-11-24 20:00:02] Synced coin: Figure Heloc (figr_heloc)
[2025-11-24 20:00:02] Synced coin: WhiteBIT Coin (wbt)
[2025-11-24 20:00:02] Synced coin: Wrapped stETH (wsteth)
[2025-11-24 20:00:02] Synced coin: Bitcoin Cash (bch)
[2025-11-24 20:00:02] Synced coin: Wrapped Bitcoin (wbtc)
[2025-11-24 20:00:02] Synced coin: Wrapped Beacon ETH (wbeth)
[2025-11-24 20:00:02] Synced coin: USDS (usds)
[2025-11-24 20:00:02] Synced coin: Binance Bridged USDT (BNB Smart Chain) (bsc-usd)
[2025-11-24 20:00:02] Synced coin: Zcash (zec)
[2025-11-24 20:00:02] Synced coin: LEO Token (leo)
[2025-11-24 20:00:02] Synced coin: Chainlink (link)
[2025-11-24 20:00:02] Synced coin: Hyperliquid (hype)
[2025-11-24 20:00:02] Synced coin: Stellar (xlm)
[2025-11-24 20:00:02] Synced coin: WETH (weth)
[2025-11-24 20:00:02] Synced coin: Ethena USDe (usde)
[2025-11-24 20:00:02] Synced coin: Monero (xmr)
[2025-11-24 20:00:02] Synced coin: Wrapped eETH (weeth)
[2025-11-24 20:00:02] Synced coin: Coinbase Wrapped BTC (cbbtc)
[2025-11-24 20:00:02] Synced coin: Litecoin (ltc)
[2025-11-24 20:00:02] Synced coin: Hedera (hbar)
[2025-11-24 20:00:02] Synced coin: Avalanche (avax)
[2025-11-24 20:00:02] Synced coin: Sui (sui)
[2025-11-24 20:00:02] Synced coin: Shiba Inu (shib)
[2025-11-24 20:00:02] Synced coin: Dai (dai)
[2025-11-24 20:00:02] Synced coin: Ethena Staked USDe (susde)
[2025-11-24 20:00:02] Synced coin: USDT0 (usdt0)
[2025-11-24 20:00:02] Synced coin: World Liberty Financial (wlfi)
[2025-11-24 20:00:02] Synced coin: Cronos (cro)
[2025-11-24 20:00:02] Synced coin: sUSDS (susds)
[2025-11-24 20:00:02] Synced coin: Uniswap (uni)
[2025-11-24 20:00:02] Synced coin: Polkadot (dot)
[2025-11-24 20:00:02] Synced coin: Toncoin (ton)
[2025-11-24 20:00:02] Synced coin: PayPal USD (pyusd)
[2025-11-24 20:00:02] Synced coin: MemeCore (m)
[2025-11-24 20:00:02] Synced coin: Mantle (mnt)
[2025-11-24 20:00:02] Synced coin: Canton (cc)
[2025-11-24 20:00:02] Synced coin: USD1 (usd1)
[2025-11-24 20:00:02] Synced coin: Bittensor (tao)
[2025-11-24 20:00:02] Synced coin: Aave (aave)
[2025-11-24 20:00:02] Synced coin: Bitget Token (bgb)
[2025-11-24 20:00:02] Synced coin: NEAR Protocol (near)
[2025-11-24 20:00:02] Synced coin: BlackRock USD Institutional Digital Liquidity Fund (buidl)
[2025-11-24 20:00:02] Synced coin: Aster (aster)
[2025-11-24 20:00:02] Synced coin: Falcon USD (usdf)
[2025-11-24 20:00:02] Synced coin: OKB (okb)
[2025-11-24 20:00:02] Synced coin: Tether Gold (xaut)
[2025-11-24 20:00:02] Synced coin: Internet Computer (icp)
[2025-11-24 20:00:02] Synced coin: Ethereum Classic (etc)
[2025-11-24 20:00:02] Synced coin: Pi Network (pi)
[2025-11-24 20:00:02] Synced coin: Jito Staked SOL (jitosol)
[2025-11-24 20:00:02] Synced coin: Jupiter Perpetuals Liquidity Provider Token (jlp)
[2025-11-24 20:00:02] Synced coin: Ethena (ena)
[2025-11-24 20:00:02] Synced coin: Pepe (pepe)
[2025-11-24 20:00:02] Synced coin: Binance-Peg WETH (weth)
[2025-11-24 20:00:02] Synced coin: Aptos (apt)
[2025-11-24 20:00:02] Synced coin: Wrapped SOL (sol)
[2025-11-24 20:00:02] Synced coin: HTX DAO (htx)
[2025-11-24 20:00:02] Synced coin: Pump.fun (pump)
[2025-11-24 20:00:02] Synced coin: Ondo (ondo)
[2025-11-24 20:00:02] Synced coin: KuCoin (kcs)
[2025-11-24 20:00:02] Synced coin: Worldcoin (wld)
[2025-11-24 20:00:02] Synced coin: POL (ex-MATIC) (pol)
[2025-11-24 20:00:02] Synced coin: PAX Gold (paxg)
[2025-11-24 20:00:02] Synced coin: USDtb (usdtb)
[2025-11-24 20:00:02] Synced coin: BFUSD (bfusd)
[2025-11-24 20:00:02] Synced coin: syrupUSDC (syrupusdc)
[2025-11-24 20:00:02] Synced coin: Binance Bridged USDC (BNB Smart Chain) (usdc)
[2025-11-24 20:00:02] Synced coin: Official Trump (trump)
[2025-11-24 20:00:02] Synced coin: Algorand (algo)
[2025-11-24 20:00:02] Synced coin: Provenance Blockchain (hash)
[2025-11-24 20:00:02] Synced coin: Rocket Pool ETH (reth)
[2025-11-24 20:00:02] Synced coin: Circle USYC (usyc)
[2025-11-24 20:00:02] Synced coin: Global Dollar (usdg)
[2025-11-24 20:00:02] Synced coin: Gate (gt)
[2025-11-24 20:00:02] Synced coin: Cosmos Hub (atom)
[2025-11-24 20:00:02] Synced coin: Ripple USD (rlusd)
[2025-11-24 20:00:02] Synced coin: Filecoin (fil)
[2025-11-24 20:00:02] Synced coin: Wrapped BNB (wbnb)
[2025-11-24 20:00:02] Synced coin: Arbitrum (arb)
[2025-11-24 20:00:02] Synced coin: Quant (qnt)
[2025-11-24 20:00:02] Synced coin: Binance Staked SOL (bnsol)
[2025-11-24 20:00:02] Synced coin: VeChain (vet)
[2025-11-24 20:00:02] Synced coin: Kaspa (kas)
[2025-11-24 20:00:02] Synced coin: Flare (flr)
[2025-11-24 20:00:02] Synced coin: Function FBTC (fbtc)
[2025-11-24 20:00:02] Synced coin: Kelp DAO Restaked ETH (rseth)
[2025-11-24 20:00:02] Synced coin: Lombard Staked BTC (lbtc)
[2025-11-24 20:00:02] Synced coin: XDC Network (xdc)
[2025-11-24 20:00:02] Synced coin: Sky (sky)
[2025-11-24 20:00:02] Sync completed successfully.
[2025-11-24 20:05:01] Synced coin: Bitcoin (btc)
[2025-11-24 20:05:01] Synced coin: Ethereum (eth)
[2025-11-24 20:05:01] Synced coin: Tether (usdt)
[2025-11-24 20:05:01] Synced coin: XRP (xrp)
[2025-11-24 20:05:01] Synced coin: BNB (bnb)
[2025-11-24 20:05:01] Synced coin: USDC (usdc)
[2025-11-24 20:05:01] Synced coin: Solana (sol)
[2025-11-24 20:05:01] Synced coin: TRON (trx)
[2025-11-24 20:05:01] Synced coin: Lido Staked Ether (steth)
[2025-11-24 20:05:01] Synced coin: Dogecoin (doge)
[2025-11-24 20:05:01] Synced coin: Cardano (ada)
[2025-11-24 20:05:01] Synced coin: Figure Heloc (figr_heloc)
[2025-11-24 20:05:01] Synced coin: WhiteBIT Coin (wbt)
[2025-11-24 20:05:01] Synced coin: Wrapped stETH (wsteth)
[2025-11-24 20:05:01] Synced coin: Bitcoin Cash (bch)
[2025-11-24 20:05:01] Synced coin: Wrapped Bitcoin (wbtc)
[2025-11-24 20:05:01] Synced coin: Wrapped Beacon ETH (wbeth)
[2025-11-24 20:05:01] Synced coin: USDS (usds)
[2025-11-24 20:05:01] Synced coin: Binance Bridged USDT (BNB Smart Chain) (bsc-usd)
[2025-11-24 20:05:01] Synced coin: Zcash (zec)
[2025-11-24 20:05:01] Synced coin: LEO Token (leo)
[2025-11-24 20:05:01] Synced coin: Chainlink (link)
[2025-11-24 20:05:01] Synced coin: Hyperliquid (hype)
[2025-11-24 20:05:01] Synced coin: Stellar (xlm)
[2025-11-24 20:05:01] Synced coin: WETH (weth)
[2025-11-24 20:05:01] Synced coin: Ethena USDe (usde)
[2025-11-24 20:05:01] Synced coin: Monero (xmr)
[2025-11-24 20:05:01] Synced coin: Wrapped eETH (weeth)
[2025-11-24 20:05:01] Synced coin: Coinbase Wrapped BTC (cbbtc)
[2025-11-24 20:05:01] Synced coin: Litecoin (ltc)
[2025-11-24 20:05:01] Synced coin: Hedera (hbar)
[2025-11-24 20:05:01] Synced coin: Avalanche (avax)
[2025-11-24 20:05:01] Synced coin: Sui (sui)
[2025-11-24 20:05:01] Synced coin: Shiba Inu (shib)
[2025-11-24 20:05:01] Synced coin: Dai (dai)
[2025-11-24 20:05:01] Synced coin: Ethena Staked USDe (susde)
[2025-11-24 20:05:01] Synced coin: World Liberty Financial (wlfi)
[2025-11-24 20:05:01] Synced coin: USDT0 (usdt0)
[2025-11-24 20:05:01] Synced coin: Cronos (cro)
[2025-11-24 20:05:01] Synced coin: Uniswap (uni)
[2025-11-24 20:05:01] Synced coin: sUSDS (susds)
[2025-11-24 20:05:01] Synced coin: Polkadot (dot)
[2025-11-24 20:05:01] Synced coin: Toncoin (ton)
[2025-11-24 20:05:01] Synced coin: PayPal USD (pyusd)
[2025-11-24 20:05:01] Synced coin: MemeCore (m)
[2025-11-24 20:05:01] Synced coin: Mantle (mnt)
[2025-11-24 20:05:01] Synced coin: Canton (cc)
[2025-11-24 20:05:01] Synced coin: USD1 (usd1)
[2025-11-24 20:05:01] Synced coin: Bittensor (tao)
[2025-11-24 20:05:01] Synced coin: Aave (aave)
[2025-11-24 20:05:01] Synced coin: Bitget Token (bgb)
[2025-11-24 20:05:01] Synced coin: NEAR Protocol (near)
[2025-11-24 20:05:01] Synced coin: BlackRock USD Institutional Digital Liquidity Fund (buidl)
[2025-11-24 20:05:01] Synced coin: Aster (aster)
[2025-11-24 20:05:01] Synced coin: Falcon USD (usdf)
[2025-11-24 20:05:01] Synced coin: OKB (okb)
[2025-11-24 20:05:01] Synced coin: Tether Gold (xaut)
[2025-11-24 20:05:01] Synced coin: Internet Computer (icp)
[2025-11-24 20:05:01] Synced coin: Ethereum Classic (etc)
[2025-11-24 20:05:01] Synced coin: Pi Network (pi)
[2025-11-24 20:05:01] Synced coin: Jito Staked SOL (jitosol)
[2025-11-24 20:05:01] Synced coin: Jupiter Perpetuals Liquidity Provider Token (jlp)
[2025-11-24 20:05:01] Synced coin: Ethena (ena)
[2025-11-24 20:05:01] Synced coin: Pepe (pepe)
[2025-11-24 20:05:01] Synced coin: Binance-Peg WETH (weth)
[2025-11-24 20:05:01] Synced coin: Aptos (apt)
[2025-11-24 20:05:01] Synced coin: Wrapped SOL (sol)
[2025-11-24 20:05:01] Synced coin: HTX DAO (htx)
[2025-11-24 20:05:01] Synced coin: Pump.fun (pump)
[2025-11-24 20:05:01] Synced coin: Ondo (ondo)
[2025-11-24 20:05:01] Synced coin: KuCoin (kcs)
[2025-11-24 20:05:01] Synced coin: Worldcoin (wld)
[2025-11-24 20:05:01] Synced coin: POL (ex-MATIC) (pol)
[2025-11-24 20:05:01] Synced coin: PAX Gold (paxg)
[2025-11-24 20:05:01] Synced coin: USDtb (usdtb)
[2025-11-24 20:05:01] Synced coin: BFUSD (bfusd)
[2025-11-24 20:05:01] Synced coin: syrupUSDC (syrupusdc)
[2025-11-24 20:05:01] Synced coin: Binance Bridged USDC (BNB Smart Chain) (usdc)
[2025-11-24 20:05:01] Synced coin: Official Trump (trump)
[2025-11-24 20:05:01] Synced coin: Algorand (algo)
[2025-11-24 20:05:01] Synced coin: Rocket Pool ETH (reth)
[2025-11-24 20:05:01] Synced coin: Provenance Blockchain (hash)
[2025-11-24 20:05:01] Synced coin: Circle USYC (usyc)
[2025-11-24 20:05:01] Synced coin: Global Dollar (usdg)
[2025-11-24 20:05:01] Synced coin: Gate (gt)
[2025-11-24 20:05:01] Synced coin: Cosmos Hub (atom)
[2025-11-24 20:05:01] Synced coin: Ripple USD (rlusd)
[2025-11-24 20:05:01] Synced coin: Wrapped BNB (wbnb)
[2025-11-24 20:05:01] Synced coin: Filecoin (fil)
[2025-11-24 20:05:01] Synced coin: Arbitrum (arb)
[2025-11-24 20:05:01] Synced coin: Quant (qnt)
[2025-11-24 20:05:01] Synced coin: Binance Staked SOL (bnsol)
[2025-11-24 20:05:01] Synced coin: VeChain (vet)
[2025-11-24 20:05:01] Synced coin: Kaspa (kas)
[2025-11-24 20:05:01] Synced coin: Flare (flr)
[2025-11-24 20:05:01] Synced coin: Function FBTC (fbtc)
[2025-11-24 20:05:01] Synced coin: Kelp DAO Restaked ETH (rseth)
[2025-11-24 20:05:01] Synced coin: Lombard Staked BTC (lbtc)
[2025-11-24 20:05:01] Synced coin: XDC Network (xdc)
[2025-11-24 20:05:01] Synced coin: Sky (sky)
[2025-11-24 20:05:01] Sync completed successfully.
[2025-11-24 20:10:03] Synced coin: Bitcoin (btc)
[2025-11-24 20:10:03] Synced coin: Ethereum (eth)
[2025-11-24 20:10:03] Synced coin: Tether (usdt)
[2025-11-24 20:10:03] Synced coin: XRP (xrp)
[2025-11-24 20:10:03] Synced coin: BNB (bnb)
[2025-11-24 20:10:03] Synced coin: USDC (usdc)
[2025-11-24 20:10:03] Synced coin: Solana (sol)
[2025-11-24 20:10:03] Synced coin: TRON (trx)
[2025-11-24 20:10:03] Synced coin: Lido Staked Ether (steth)
[2025-11-24 20:10:03] Synced coin: Dogecoin (doge)
[2025-11-24 20:10:03] Synced coin: Cardano (ada)
[2025-11-24 20:10:03] Synced coin: Figure Heloc (figr_heloc)
[2025-11-24 20:10:03] Synced coin: WhiteBIT Coin (wbt)
[2025-11-24 20:10:03] Synced coin: Wrapped stETH (wsteth)
[2025-11-24 20:10:03] Synced coin: Bitcoin Cash (bch)
[2025-11-24 20:10:03] Synced coin: Wrapped Bitcoin (wbtc)
[2025-11-24 20:10:03] Synced coin: Wrapped Beacon ETH (wbeth)
[2025-11-24 20:10:03] Synced coin: USDS (usds)
[2025-11-24 20:10:03] Synced coin: Binance Bridged USDT (BNB Smart Chain) (bsc-usd)
[2025-11-24 20:10:03] Synced coin: Zcash (zec)
[2025-11-24 20:10:03] Synced coin: LEO Token (leo)
[2025-11-24 20:10:03] Synced coin: Chainlink (link)
[2025-11-24 20:10:03] Synced coin: Hyperliquid (hype)
[2025-11-24 20:10:03] Synced coin: Stellar (xlm)
[2025-11-24 20:10:03] Synced coin: WETH (weth)
[2025-11-24 20:10:03] Synced coin: Ethena USDe (usde)
[2025-11-24 20:10:03] Synced coin: Monero (xmr)
[2025-11-24 20:10:03] Synced coin: Wrapped eETH (weeth)
[2025-11-24 20:10:03] Synced coin: Coinbase Wrapped BTC (cbbtc)
[2025-11-24 20:10:03] Synced coin: Litecoin (ltc)
[2025-11-24 20:10:03] Synced coin: Hedera (hbar)
[2025-11-24 20:10:03] Synced coin: Avalanche (avax)
[2025-11-24 20:10:03] Synced coin: Sui (sui)
[2025-11-24 20:10:03] Synced coin: Shiba Inu (shib)
[2025-11-24 20:10:03] Synced coin: Dai (dai)
[2025-11-24 20:10:03] Synced coin: Ethena Staked USDe (susde)
[2025-11-24 20:10:03] Synced coin: World Liberty Financial (wlfi)
[2025-11-24 20:10:03] Synced coin: USDT0 (usdt0)
[2025-11-24 20:10:03] Synced coin: Cronos (cro)
[2025-11-24 20:10:03] Synced coin: Uniswap (uni)
[2025-11-24 20:10:03] Synced coin: sUSDS (susds)
[2025-11-24 20:10:03] Synced coin: Polkadot (dot)
[2025-11-24 20:10:03] Synced coin: Toncoin (ton)
[2025-11-24 20:10:03] Synced coin: PayPal USD (pyusd)
[2025-11-24 20:10:03] Synced coin: MemeCore (m)
[2025-11-24 20:10:03] Synced coin: Mantle (mnt)
[2025-11-24 20:10:03] Synced coin: Canton (cc)
[2025-11-24 20:10:03] Synced coin: USD1 (usd1)
[2025-11-24 20:10:03] Synced coin: Bittensor (tao)
[2025-11-24 20:10:03] Synced coin: Aave (aave)
[2025-11-24 20:10:03] Synced coin: Bitget Token (bgb)
[2025-11-24 20:10:03] Synced coin: NEAR Protocol (near)
[2025-11-24 20:10:03] Synced coin: BlackRock USD Institutional Digital Liquidity Fund (buidl)
[2025-11-24 20:10:03] Synced coin: Aster (aster)
[2025-11-24 20:10:03] Synced coin: Falcon USD (usdf)
[2025-11-24 20:10:03] Synced coin: OKB (okb)
[2025-11-24 20:10:03] Synced coin: Internet Computer (icp)
[2025-11-24 20:10:03] Synced coin: Tether Gold (xaut)
[2025-11-24 20:10:03] Synced coin: Ethereum Classic (etc)
[2025-11-24 20:10:03] Synced coin: Pi Network (pi)
[2025-11-24 20:10:03] Synced coin: Jito Staked SOL (jitosol)
[2025-11-24 20:10:03] Synced coin: Jupiter Perpetuals Liquidity Provider Token (jlp)
[2025-11-24 20:10:03] Synced coin: Ethena (ena)
[2025-11-24 20:10:03] Synced coin: Pepe (pepe)
[2025-11-24 20:10:03] Synced coin: Binance-Peg WETH (weth)
[2025-11-24 20:10:03] Synced coin: Aptos (apt)
[2025-11-24 20:10:03] Synced coin: Wrapped SOL (sol)
[2025-11-24 20:10:03] Synced coin: HTX DAO (htx)
[2025-11-24 20:10:03] Synced coin: Pump.fun (pump)
[2025-11-24 20:10:03] Synced coin: Ondo (ondo)
[2025-11-24 20:10:03] Synced coin: KuCoin (kcs)
[2025-11-24 20:10:03] Synced coin: Worldcoin (wld)
[2025-11-24 20:10:03] Synced coin: POL (ex-MATIC) (pol)
[2025-11-24 20:10:03] Synced coin: PAX Gold (paxg)
[2025-11-24 20:10:03] Synced coin: USDtb (usdtb)
[2025-11-24 20:10:03] Synced coin: BFUSD (bfusd)
[2025-11-24 20:10:03] Synced coin: syrupUSDC (syrupusdc)
[2025-11-24 20:10:03] Synced coin: Binance Bridged USDC (BNB Smart Chain) (usdc)
[2025-11-24 20:10:03] Synced coin: Official Trump (trump)
[2025-11-24 20:10:03] Synced coin: Algorand (algo)
[2025-11-24 20:10:03] Synced coin: Rocket Pool ETH (reth)
[2025-11-24 20:10:03] Synced coin: Provenance Blockchain (hash)
[2025-11-24 20:10:03] Synced coin: Circle USYC (usyc)
[2025-11-24 20:10:03] Synced coin: Global Dollar (usdg)
[2025-11-24 20:10:03] Synced coin: Cosmos Hub (atom)
[2025-11-24 20:10:03] Synced coin: Gate (gt)
[2025-11-24 20:10:03] Synced coin: Ripple USD (rlusd)
[2025-11-24 20:10:03] Synced coin: Wrapped BNB (wbnb)
[2025-11-24 20:10:03] Synced coin: Filecoin (fil)
[2025-11-24 20:10:03] Synced coin: Arbitrum (arb)
[2025-11-24 20:10:03] Synced coin: Quant (qnt)
[2025-11-24 20:10:03] Synced coin: Binance Staked SOL (bnsol)
[2025-11-24 20:10:03] Synced coin: VeChain (vet)
[2025-11-24 20:10:03] Synced coin: Kaspa (kas)
[2025-11-24 20:10:03] Synced coin: Flare (flr)
[2025-11-24 20:10:03] Synced coin: Function FBTC (fbtc)
[2025-11-24 20:10:03] Synced coin: Kelp DAO Restaked ETH (rseth)
[2025-11-24 20:10:03] Synced coin: Lombard Staked BTC (lbtc)
[2025-11-24 20:10:03] Synced coin: XDC Network (xdc)
[2025-11-24 20:10:03] Synced coin: Sky (sky)
[2025-11-24 20:10:03] Sync completed successfully.
[2025-11-24 20:15:02] Synced coin: Bitcoin (btc)
[2025-11-24 20:15:02] Synced coin: Ethereum (eth)
[2025-11-24 20:15:02] Synced coin: Tether (usdt)
[2025-11-24 20:15:02] Synced coin: XRP (xrp)
[2025-11-24 20:15:02] Synced coin: BNB (bnb)
[2025-11-24 20:15:02] Synced coin: USDC (usdc)
[2025-11-24 20:15:02] Synced coin: Solana (sol)
[2025-11-24 20:15:02] Synced coin: TRON (trx)
[2025-11-24 20:15:02] Synced coin: Lido Staked Ether (steth)
[2025-11-24 20:15:02] Synced coin: Dogecoin (doge)
[2025-11-24 20:15:02] Synced coin: Cardano (ada)
[2025-11-24 20:15:02] Synced coin: Figure Heloc (figr_heloc)
[2025-11-24 20:15:02] Synced coin: WhiteBIT Coin (wbt)
[2025-11-24 20:15:02] Synced coin: Wrapped stETH (wsteth)
[2025-11-24 20:15:02] Synced coin: Bitcoin Cash (bch)
[2025-11-24 20:15:02] Synced coin: Wrapped Bitcoin (wbtc)
[2025-11-24 20:15:02] Synced coin: Wrapped Beacon ETH (wbeth)
[2025-11-24 20:15:02] Synced coin: USDS (usds)
[2025-11-24 20:15:02] Synced coin: Binance Bridged USDT (BNB Smart Chain) (bsc-usd)
[2025-11-24 20:15:02] Synced coin: Zcash (zec)
[2025-11-24 20:15:02] Synced coin: LEO Token (leo)
[2025-11-24 20:15:02] Synced coin: Chainlink (link)
[2025-11-24 20:15:02] Synced coin: Hyperliquid (hype)
[2025-11-24 20:15:02] Synced coin: Stellar (xlm)
[2025-11-24 20:15:02] Synced coin: WETH (weth)
[2025-11-24 20:15:02] Synced coin: Ethena USDe (usde)
[2025-11-24 20:15:02] Synced coin: Wrapped eETH (weeth)
[2025-11-24 20:15:02] Synced coin: Monero (xmr)
[2025-11-24 20:15:02] Synced coin: Coinbase Wrapped BTC (cbbtc)
[2025-11-24 20:15:02] Synced coin: Litecoin (ltc)
[2025-11-24 20:15:02] Synced coin: Hedera (hbar)
[2025-11-24 20:15:02] Synced coin: Avalanche (avax)
[2025-11-24 20:15:02] Synced coin: Sui (sui)
[2025-11-24 20:15:02] Synced coin: Shiba Inu (shib)
[2025-11-24 20:15:02] Synced coin: Dai (dai)
[2025-11-24 20:15:02] Synced coin: Ethena Staked USDe (susde)
[2025-11-24 20:15:02] Synced coin: World Liberty Financial (wlfi)
[2025-11-24 20:15:02] Synced coin: USDT0 (usdt0)
[2025-11-24 20:15:02] Synced coin: Cronos (cro)
[2025-11-24 20:15:02] Synced coin: sUSDS (susds)
[2025-11-24 20:15:02] Synced coin: Uniswap (uni)
[2025-11-24 20:15:02] Synced coin: Polkadot (dot)
[2025-11-24 20:15:02] Synced coin: Toncoin (ton)
[2025-11-24 20:15:02] Synced coin: PayPal USD (pyusd)
[2025-11-24 20:15:02] Synced coin: MemeCore (m)
[2025-11-24 20:15:02] Synced coin: Mantle (mnt)
[2025-11-24 20:15:02] Synced coin: Canton (cc)
[2025-11-24 20:15:02] Synced coin: USD1 (usd1)
[2025-11-24 20:15:02] Synced coin: Bittensor (tao)
[2025-11-24 20:15:02] Synced coin: Aave (aave)
[2025-11-24 20:15:02] Synced coin: Bitget Token (bgb)
[2025-11-24 20:15:02] Synced coin: NEAR Protocol (near)
[2025-11-24 20:15:02] Synced coin: BlackRock USD Institutional Digital Liquidity Fund (buidl)
[2025-11-24 20:15:02] Synced coin: Aster (aster)
[2025-11-24 20:15:02] Synced coin: Falcon USD (usdf)
[2025-11-24 20:15:02] Synced coin: OKB (okb)
[2025-11-24 20:15:02] Synced coin: Internet Computer (icp)
[2025-11-24 20:15:02] Synced coin: Tether Gold (xaut)
[2025-11-24 20:15:02] Synced coin: Ethereum Classic (etc)
[2025-11-24 20:15:02] Synced coin: Pi Network (pi)
[2025-11-24 20:15:02] Synced coin: Jito Staked SOL (jitosol)
[2025-11-24 20:15:02] Synced coin: Jupiter Perpetuals Liquidity Provider Token (jlp)
[2025-11-24 20:15:02] Synced coin: Ethena (ena)
[2025-11-24 20:15:02] Synced coin: Pepe (pepe)
[2025-11-24 20:15:02] Synced coin: Binance-Peg WETH (weth)
[2025-11-24 20:15:02] Synced coin: Aptos (apt)
[2025-11-24 20:15:02] Synced coin: Wrapped SOL (sol)
[2025-11-24 20:15:02] Synced coin: HTX DAO (htx)
[2025-11-24 20:15:02] Synced coin: Pump.fun (pump)
[2025-11-24 20:15:02] Synced coin: Ondo (ondo)
[2025-11-24 20:15:02] Synced coin: KuCoin (kcs)
[2025-11-24 20:15:02] Synced coin: Worldcoin (wld)
[2025-11-24 20:15:02] Synced coin: POL (ex-MATIC) (pol)
[2025-11-24 20:15:02] Synced coin: PAX Gold (paxg)
[2025-11-24 20:15:02] Synced coin: USDtb (usdtb)
[2025-11-24 20:15:02] Synced coin: BFUSD (bfusd)
[2025-11-24 20:15:02] Synced coin: syrupUSDC (syrupusdc)
[2025-11-24 20:15:02] Synced coin: Binance Bridged USDC (BNB Smart Chain) (usdc)
[2025-11-24 20:15:02] Synced coin: Official Trump (trump)
[2025-11-24 20:15:02] Synced coin: Algorand (algo)
[2025-11-24 20:15:02] Synced coin: Rocket Pool ETH (reth)
[2025-11-24 20:15:02] Synced coin: Provenance Blockchain (hash)
[2025-11-24 20:15:02] Synced coin: Circle USYC (usyc)
[2025-11-24 20:15:02] Synced coin: Global Dollar (usdg)
[2025-11-24 20:15:02] Synced coin: Cosmos Hub (atom)
[2025-11-24 20:15:02] Synced coin: Gate (gt)
[2025-11-24 20:15:02] Synced coin: Ripple USD (rlusd)
[2025-11-24 20:15:02] Synced coin: Filecoin (fil)
[2025-11-24 20:15:02] Synced coin: Wrapped BNB (wbnb)
[2025-11-24 20:15:02] Synced coin: Arbitrum (arb)
[2025-11-24 20:15:02] Synced coin: Quant (qnt)
[2025-11-24 20:15:02] Synced coin: Binance Staked SOL (bnsol)
[2025-11-24 20:15:02] Synced coin: VeChain (vet)
[2025-11-24 20:15:02] Synced coin: Kaspa (kas)
[2025-11-24 20:15:02] Synced coin: Flare (flr)
[2025-11-24 20:15:02] Synced coin: Function FBTC (fbtc)
[2025-11-24 20:15:02] Synced coin: Kelp DAO Restaked ETH (rseth)
[2025-11-24 20:15:02] Synced coin: Lombard Staked BTC (lbtc)
[2025-11-24 20:15:02] Synced coin: XDC Network (xdc)
[2025-11-24 20:15:02] Synced coin: Sky (sky)
[2025-11-24 20:15:02] Sync completed successfully.
[2025-11-24 20:20:02] Synced coin: Bitcoin (btc)
[2025-11-24 20:20:02] Synced coin: Ethereum (eth)
[2025-11-24 20:20:02] Synced coin: Tether (usdt)
[2025-11-24 20:20:02] Synced coin: XRP (xrp)
[2025-11-24 20:20:02] Synced coin: BNB (bnb)
[2025-11-24 20:20:02] Synced coin: USDC (usdc)
[2025-11-24 20:20:02] Synced coin: Solana (sol)
[2025-11-24 20:20:02] Synced coin: TRON (trx)
[2025-11-24 20:20:02] Synced coin: Lido Staked Ether (steth)
[2025-11-24 20:20:02] Synced coin: Dogecoin (doge)
[2025-11-24 20:20:02] Synced coin: Cardano (ada)
[2025-11-24 20:20:02] Synced coin: Figure Heloc (figr_heloc)
[2025-11-24 20:20:02] Synced coin: WhiteBIT Coin (wbt)
[2025-11-24 20:20:02] Synced coin: Wrapped stETH (wsteth)
[2025-11-24 20:20:02] Synced coin: Bitcoin Cash (bch)
[2025-11-24 20:20:02] Synced coin: Wrapped Bitcoin (wbtc)
[2025-11-24 20:20:02] Synced coin: Wrapped Beacon ETH (wbeth)
[2025-11-24 20:20:02] Synced coin: USDS (usds)
[2025-11-24 20:20:02] Synced coin: Binance Bridged USDT (BNB Smart Chain) (bsc-usd)
[2025-11-24 20:20:02] Synced coin: Zcash (zec)
[2025-11-24 20:20:02] Synced coin: LEO Token (leo)
[2025-11-24 20:20:02] Synced coin: Chainlink (link)
[2025-11-24 20:20:02] Synced coin: Hyperliquid (hype)
[2025-11-24 20:20:02] Synced coin: Stellar (xlm)
[2025-11-24 20:20:02] Synced coin: WETH (weth)
[2025-11-24 20:20:02] Synced coin: Ethena USDe (usde)
[2025-11-24 20:20:02] Synced coin: Wrapped eETH (weeth)
[2025-11-24 20:20:02] Synced coin: Monero (xmr)
[2025-11-24 20:20:02] Synced coin: Coinbase Wrapped BTC (cbbtc)
[2025-11-24 20:20:02] Synced coin: Litecoin (ltc)
[2025-11-24 20:20:02] Synced coin: Hedera (hbar)
[2025-11-24 20:20:02] Synced coin: Avalanche (avax)
[2025-11-24 20:20:02] Synced coin: Sui (sui)
[2025-11-24 20:20:02] Synced coin: Shiba Inu (shib)
[2025-11-24 20:20:02] Synced coin: Dai (dai)
[2025-11-24 20:20:02] Synced coin: Ethena Staked USDe (susde)
[2025-11-24 20:20:02] Synced coin: World Liberty Financial (wlfi)
[2025-11-24 20:20:02] Synced coin: USDT0 (usdt0)
[2025-11-24 20:20:02] Synced coin: Cronos (cro)
[2025-11-24 20:20:02] Synced coin: sUSDS (susds)
[2025-11-24 20:20:02] Synced coin: Uniswap (uni)
[2025-11-24 20:20:02] Synced coin: Polkadot (dot)
[2025-11-24 20:20:02] Synced coin: Toncoin (ton)
[2025-11-24 20:20:02] Synced coin: PayPal USD (pyusd)
[2025-11-24 20:20:02] Synced coin: MemeCore (m)
[2025-11-24 20:20:02] Synced coin: Mantle (mnt)
[2025-11-24 20:20:02] Synced coin: Canton (cc)
[2025-11-24 20:20:02] Synced coin: USD1 (usd1)
[2025-11-24 20:20:02] Synced coin: Bittensor (tao)
[2025-11-24 20:20:02] Synced coin: Aave (aave)
[2025-11-24 20:20:02] Synced coin: Bitget Token (bgb)
[2025-11-24 20:20:02] Synced coin: NEAR Protocol (near)
[2025-11-24 20:20:02] Synced coin: BlackRock USD Institutional Digital Liquidity Fund (buidl)
[2025-11-24 20:20:02] Synced coin: Aster (aster)
[2025-11-24 20:20:02] Synced coin: Falcon USD (usdf)
[2025-11-24 20:20:02] Synced coin: OKB (okb)
[2025-11-24 20:20:02] Synced coin: Internet Computer (icp)
[2025-11-24 20:20:02] Synced coin: Tether Gold (xaut)
[2025-11-24 20:20:02] Synced coin: Ethereum Classic (etc)
[2025-11-24 20:20:02] Synced coin: Pi Network (pi)
[2025-11-24 20:20:02] Synced coin: Jito Staked SOL (jitosol)
[2025-11-24 20:20:02] Synced coin: Jupiter Perpetuals Liquidity Provider Token (jlp)
[2025-11-24 20:20:02] Synced coin: Ethena (ena)
[2025-11-24 20:20:02] Synced coin: Pepe (pepe)
[2025-11-24 20:20:02] Synced coin: Binance-Peg WETH (weth)
[2025-11-24 20:20:02] Synced coin: Aptos (apt)
[2025-11-24 20:20:02] Synced coin: Wrapped SOL (sol)
[2025-11-24 20:20:02] Synced coin: HTX DAO (htx)
[2025-11-24 20:20:02] Synced coin: Pump.fun (pump)
[2025-11-24 20:20:02] Synced coin: Ondo (ondo)
[2025-11-24 20:20:02] Synced coin: KuCoin (kcs)
[2025-11-24 20:20:02] Synced coin: Worldcoin (wld)
[2025-11-24 20:20:02] Synced coin: POL (ex-MATIC) (pol)
[2025-11-24 20:20:02] Synced coin: PAX Gold (paxg)
[2025-11-24 20:20:02] Synced coin: USDtb (usdtb)
[2025-11-24 20:20:02] Synced coin: BFUSD (bfusd)
[2025-11-24 20:20:02] Synced coin: syrupUSDC (syrupusdc)
[2025-11-24 20:20:02] Synced coin: Binance Bridged USDC (BNB Smart Chain) (usdc)
[2025-11-24 20:20:02] Synced coin: Official Trump (trump)
[2025-11-24 20:20:02] Synced coin: Algorand (algo)
[2025-11-24 20:20:02] Synced coin: Rocket Pool ETH (reth)
[2025-11-24 20:20:02] Synced coin: Provenance Blockchain (hash)
[2025-11-24 20:20:02] Synced coin: Circle USYC (usyc)
[2025-11-24 20:20:02] Synced coin: Global Dollar (usdg)
[2025-11-24 20:20:02] Synced coin: Cosmos Hub (atom)
[2025-11-24 20:20:02] Synced coin: Gate (gt)
[2025-11-24 20:20:02] Synced coin: Ripple USD (rlusd)
[2025-11-24 20:20:02] Synced coin: Filecoin (fil)
[2025-11-24 20:20:02] Synced coin: Wrapped BNB (wbnb)
[2025-11-24 20:20:02] Synced coin: Arbitrum (arb)
[2025-11-24 20:20:02] Synced coin: Quant (qnt)
[2025-11-24 20:20:02] Synced coin: Binance Staked SOL (bnsol)
[2025-11-24 20:20:02] Synced coin: VeChain (vet)
[2025-11-24 20:20:02] Synced coin: Kaspa (kas)
[2025-11-24 20:20:02] Synced coin: Flare (flr)
[2025-11-24 20:20:02] Synced coin: Function FBTC (fbtc)
[2025-11-24 20:20:02] Synced coin: Kelp DAO Restaked ETH (rseth)
[2025-11-24 20:20:02] Synced coin: Lombard Staked BTC (lbtc)
[2025-11-24 20:20:02] Synced coin: XDC Network (xdc)
[2025-11-24 20:20:02] Synced coin: Sky (sky)
[2025-11-24 20:20:02] Sync completed successfully.
[2025-11-24 20:25:02] Synced coin: Bitcoin (btc)
[2025-11-24 20:25:02] Synced coin: Ethereum (eth)
[2025-11-24 20:25:02] Synced coin: Tether (usdt)
[2025-11-24 20:25:02] Synced coin: XRP (xrp)
[2025-11-24 20:25:02] Synced coin: BNB (bnb)
[2025-11-24 20:25:02] Synced coin: USDC (usdc)
[2025-11-24 20:25:02] Synced coin: Solana (sol)
[2025-11-24 20:25:02] Synced coin: TRON (trx)
[2025-11-24 20:25:02] Synced coin: Lido Staked Ether (steth)
[2025-11-24 20:25:02] Synced coin: Dogecoin (doge)
[2025-11-24 20:25:02] Synced coin: Cardano (ada)
[2025-11-24 20:25:02] Synced coin: Figure Heloc (figr_heloc)
[2025-11-24 20:25:02] Synced coin: WhiteBIT Coin (wbt)
[2025-11-24 20:25:02] Synced coin: Wrapped stETH (wsteth)
[2025-11-24 20:25:02] Synced coin: Bitcoin Cash (bch)
[2025-11-24 20:25:02] Synced coin: Wrapped Bitcoin (wbtc)
[2025-11-24 20:25:02] Synced coin: Wrapped Beacon ETH (wbeth)
[2025-11-24 20:25:02] Synced coin: USDS (usds)
[2025-11-24 20:25:02] Synced coin: Binance Bridged USDT (BNB Smart Chain) (bsc-usd)
[2025-11-24 20:25:02] Synced coin: Zcash (zec)
[2025-11-24 20:25:02] Synced coin: LEO Token (leo)
[2025-11-24 20:25:02] Synced coin: Chainlink (link)
[2025-11-24 20:25:02] Synced coin: Hyperliquid (hype)
[2025-11-24 20:25:02] Synced coin: Stellar (xlm)
[2025-11-24 20:25:02] Synced coin: WETH (weth)
[2025-11-24 20:25:02] Synced coin: Ethena USDe (usde)
[2025-11-24 20:25:02] Synced coin: Wrapped eETH (weeth)
[2025-11-24 20:25:02] Synced coin: Monero (xmr)
[2025-11-24 20:25:02] Synced coin: Coinbase Wrapped BTC (cbbtc)
[2025-11-24 20:25:02] Synced coin: Litecoin (ltc)
[2025-11-24 20:25:02] Synced coin: Hedera (hbar)
[2025-11-24 20:25:02] Synced coin: Avalanche (avax)
[2025-11-24 20:25:02] Synced coin: Sui (sui)
[2025-11-24 20:25:02] Synced coin: Shiba Inu (shib)
[2025-11-24 20:25:02] Synced coin: Dai (dai)
[2025-11-24 20:25:02] Synced coin: Ethena Staked USDe (susde)
[2025-11-24 20:25:02] Synced coin: World Liberty Financial (wlfi)
[2025-11-24 20:25:02] Synced coin: USDT0 (usdt0)
[2025-11-24 20:25:02] Synced coin: Cronos (cro)
[2025-11-24 20:25:02] Synced coin: sUSDS (susds)
[2025-11-24 20:25:02] Synced coin: Uniswap (uni)
[2025-11-24 20:25:02] Synced coin: Polkadot (dot)
[2025-11-24 20:25:02] Synced coin: Toncoin (ton)
[2025-11-24 20:25:02] Synced coin: PayPal USD (pyusd)
[2025-11-24 20:25:02] Synced coin: MemeCore (m)
[2025-11-24 20:25:02] Synced coin: Mantle (mnt)
[2025-11-24 20:25:02] Synced coin: Canton (cc)
[2025-11-24 20:25:02] Synced coin: Bittensor (tao)
[2025-11-24 20:25:02] Synced coin: USD1 (usd1)
[2025-11-24 20:25:02] Synced coin: Aave (aave)
[2025-11-24 20:25:02] Synced coin: Bitget Token (bgb)
[2025-11-24 20:25:02] Synced coin: NEAR Protocol (near)
[2025-11-24 20:25:02] Synced coin: BlackRock USD Institutional Digital Liquidity Fund (buidl)
[2025-11-24 20:25:02] Synced coin: Aster (aster)
[2025-11-24 20:25:02] Synced coin: Falcon USD (usdf)
[2025-11-24 20:25:02] Synced coin: OKB (okb)
[2025-11-24 20:25:02] Synced coin: Internet Computer (icp)
[2025-11-24 20:25:02] Synced coin: Tether Gold (xaut)
[2025-11-24 20:25:02] Synced coin: Ethereum Classic (etc)
[2025-11-24 20:25:02] Synced coin: Pi Network (pi)
[2025-11-24 20:25:02] Synced coin: Jito Staked SOL (jitosol)
[2025-11-24 20:25:02] Synced coin: Jupiter Perpetuals Liquidity Provider Token (jlp)
[2025-11-24 20:25:02] Synced coin: Ethena (ena)
[2025-11-24 20:25:02] Synced coin: Pepe (pepe)
[2025-11-24 20:25:02] Synced coin: Binance-Peg WETH (weth)
[2025-11-24 20:25:02] Synced coin: Aptos (apt)
[2025-11-24 20:25:02] Synced coin: Wrapped SOL (sol)
[2025-11-24 20:25:02] Synced coin: HTX DAO (htx)
[2025-11-24 20:25:02] Synced coin: Pump.fun (pump)
[2025-11-24 20:25:02] Synced coin: Ondo (ondo)
[2025-11-24 20:25:02] Synced coin: KuCoin (kcs)
[2025-11-24 20:25:02] Synced coin: Worldcoin (wld)
[2025-11-24 20:25:02] Synced coin: POL (ex-MATIC) (pol)
[2025-11-24 20:25:02] Synced coin: PAX Gold (paxg)
[2025-11-24 20:25:02] Synced coin: USDtb (usdtb)
[2025-11-24 20:25:02] Synced coin: BFUSD (bfusd)
[2025-11-24 20:25:02] Synced coin: syrupUSDC (syrupusdc)
[2025-11-24 20:25:02] Synced coin: Binance Bridged USDC (BNB Smart Chain) (usdc)
[2025-11-24 20:25:02] Synced coin: Official Trump (trump)
[2025-11-24 20:25:02] Synced coin: Algorand (algo)
[2025-11-24 20:25:02] Synced coin: Rocket Pool ETH (reth)
[2025-11-24 20:25:02] Synced coin: Provenance Blockchain (hash)
[2025-11-24 20:25:02] Synced coin: Circle USYC (usyc)
[2025-11-24 20:25:02] Synced coin: Global Dollar (usdg)
[2025-11-24 20:25:02] Synced coin: Cosmos Hub (atom)
[2025-11-24 20:25:02] Synced coin: Gate (gt)
[2025-11-24 20:25:02] Synced coin: Ripple USD (rlusd)
[2025-11-24 20:25:02] Synced coin: Filecoin (fil)
[2025-11-24 20:25:02] Synced coin: Wrapped BNB (wbnb)
[2025-11-24 20:25:02] Synced coin: Arbitrum (arb)
[2025-11-24 20:25:02] Synced coin: Quant (qnt)
[2025-11-24 20:25:02] Synced coin: Binance Staked SOL (bnsol)
[2025-11-24 20:25:02] Synced coin: VeChain (vet)
[2025-11-24 20:25:02] Synced coin: Kaspa (kas)
[2025-11-24 20:25:02] Synced coin: Flare (flr)
[2025-11-24 20:25:02] Synced coin: Function FBTC (fbtc)
[2025-11-24 20:25:02] Synced coin: Kelp DAO Restaked ETH (rseth)
[2025-11-24 20:25:02] Synced coin: Lombard Staked BTC (lbtc)
[2025-11-24 20:25:02] Synced coin: XDC Network (xdc)
[2025-11-24 20:25:02] Synced coin: Sky (sky)
[2025-11-24 20:25:02] Sync completed successfully.
[2025-11-24 20:30:02] Synced coin: Bitcoin (btc)
[2025-11-24 20:30:02] Synced coin: Ethereum (eth)
[2025-11-24 20:30:02] Synced coin: Tether (usdt)
[2025-11-24 20:30:02] Synced coin: XRP (xrp)
[2025-11-24 20:30:02] Synced coin: BNB (bnb)
[2025-11-24 20:30:02] Synced coin: USDC (usdc)
[2025-11-24 20:30:02] Synced coin: Solana (sol)
[2025-11-24 20:30:02] Synced coin: TRON (trx)
[2025-11-24 20:30:02] Synced coin: Lido Staked Ether (steth)
[2025-11-24 20:30:02] Synced coin: Dogecoin (doge)
[2025-11-24 20:30:02] Synced coin: Cardano (ada)
[2025-11-24 20:30:02] Synced coin: Figure Heloc (figr_heloc)
[2025-11-24 20:30:02] Synced coin: WhiteBIT Coin (wbt)
[2025-11-24 20:30:02] Synced coin: Wrapped stETH (wsteth)
[2025-11-24 20:30:02] Synced coin: Bitcoin Cash (bch)
[2025-11-24 20:30:02] Synced coin: Wrapped Bitcoin (wbtc)
[2025-11-24 20:30:02] Synced coin: Wrapped Beacon ETH (wbeth)
[2025-11-24 20:30:02] Synced coin: USDS (usds)
[2025-11-24 20:30:02] Synced coin: Binance Bridged USDT (BNB Smart Chain) (bsc-usd)
[2025-11-24 20:30:02] Synced coin: Zcash (zec)
[2025-11-24 20:30:02] Synced coin: Chainlink (link)
[2025-11-24 20:30:02] Synced coin: LEO Token (leo)
[2025-11-24 20:30:02] Synced coin: Hyperliquid (hype)
[2025-11-24 20:30:02] Synced coin: Stellar (xlm)
[2025-11-24 20:30:02] Synced coin: WETH (weth)
[2025-11-24 20:30:02] Synced coin: Ethena USDe (usde)
[2025-11-24 20:30:02] Synced coin: Wrapped eETH (weeth)
[2025-11-24 20:30:02] Synced coin: Monero (xmr)
[2025-11-24 20:30:02] Synced coin: Coinbase Wrapped BTC (cbbtc)
[2025-11-24 20:30:02] Synced coin: Litecoin (ltc)
[2025-11-24 20:30:02] Synced coin: Hedera (hbar)
[2025-11-24 20:30:02] Synced coin: Avalanche (avax)
[2025-11-24 20:30:02] Synced coin: Sui (sui)
[2025-11-24 20:30:02] Synced coin: Shiba Inu (shib)
[2025-11-24 20:30:02] Synced coin: Dai (dai)
[2025-11-24 20:30:02] Synced coin: Ethena Staked USDe (susde)
[2025-11-24 20:30:02] Synced coin: World Liberty Financial (wlfi)
[2025-11-24 20:30:02] Synced coin: USDT0 (usdt0)
[2025-11-24 20:30:02] Synced coin: Cronos (cro)
[2025-11-24 20:30:02] Synced coin: Uniswap (uni)
[2025-11-24 20:30:02] Synced coin: sUSDS (susds)
[2025-11-24 20:30:02] Synced coin: Polkadot (dot)
[2025-11-24 20:30:02] Synced coin: Toncoin (ton)
[2025-11-24 20:30:02] Synced coin: PayPal USD (pyusd)
[2025-11-24 20:30:02] Synced coin: MemeCore (m)
[2025-11-24 20:30:02] Synced coin: Mantle (mnt)
[2025-11-24 20:30:02] Synced coin: Canton (cc)
[2025-11-24 20:30:02] Synced coin: Bittensor (tao)
[2025-11-24 20:30:02] Synced coin: USD1 (usd1)
[2025-11-24 20:30:02] Synced coin: Aave (aave)
[2025-11-24 20:30:02] Synced coin: Bitget Token (bgb)
[2025-11-24 20:30:02] Synced coin: NEAR Protocol (near)
[2025-11-24 20:30:02] Synced coin: BlackRock USD Institutional Digital Liquidity Fund (buidl)
[2025-11-24 20:30:02] Synced coin: Aster (aster)
[2025-11-24 20:30:02] Synced coin: OKB (okb)
[2025-11-24 20:30:02] Synced coin: Falcon USD (usdf)
[2025-11-24 20:30:02] Synced coin: Internet Computer (icp)
[2025-11-24 20:30:02] Synced coin: Tether Gold (xaut)
[2025-11-24 20:30:02] Synced coin: Ethereum Classic (etc)
[2025-11-24 20:30:02] Synced coin: Pi Network (pi)
[2025-11-24 20:30:02] Synced coin: Jito Staked SOL (jitosol)
[2025-11-24 20:30:02] Synced coin: Jupiter Perpetuals Liquidity Provider Token (jlp)
[2025-11-24 20:30:02] Synced coin: Ethena (ena)
[2025-11-24 20:30:02] Synced coin: Pepe (pepe)
[2025-11-24 20:30:02] Synced coin: Binance-Peg WETH (weth)
[2025-11-24 20:30:02] Synced coin: Aptos (apt)
[2025-11-24 20:30:02] Synced coin: Wrapped SOL (sol)
[2025-11-24 20:30:02] Synced coin: Rain (rain)
[2025-11-24 20:30:02] Synced coin: HTX DAO (htx)
[2025-11-24 20:30:02] Synced coin: Pump.fun (pump)
[2025-11-24 20:30:02] Synced coin: Ondo (ondo)
[2025-11-24 20:30:02] Synced coin: KuCoin (kcs)
[2025-11-24 20:30:02] Synced coin: Worldcoin (wld)
[2025-11-24 20:30:02] Synced coin: POL (ex-MATIC) (pol)
[2025-11-24 20:30:02] Synced coin: PAX Gold (paxg)
[2025-11-24 20:30:02] Synced coin: USDtb (usdtb)
[2025-11-24 20:30:02] Synced coin: BFUSD (bfusd)
[2025-11-24 20:30:02] Synced coin: syrupUSDC (syrupusdc)
[2025-11-24 20:30:02] Synced coin: Binance Bridged USDC (BNB Smart Chain) (usdc)
[2025-11-24 20:30:02] Synced coin: Algorand (algo)
[2025-11-24 20:30:02] Synced coin: Official Trump (trump)
[2025-11-24 20:30:02] Synced coin: Rocket Pool ETH (reth)
[2025-11-24 20:30:02] Synced coin: Provenance Blockchain (hash)
[2025-11-24 20:30:02] Synced coin: Circle USYC (usyc)
[2025-11-24 20:30:02] Synced coin: Global Dollar (usdg)
[2025-11-24 20:30:02] Synced coin: Cosmos Hub (atom)
[2025-11-24 20:30:02] Synced coin: Gate (gt)
[2025-11-24 20:30:02] Synced coin: Filecoin (fil)
[2025-11-24 20:30:02] Synced coin: Ripple USD (rlusd)
[2025-11-24 20:30:02] Synced coin: Wrapped BNB (wbnb)
[2025-11-24 20:30:02] Synced coin: Arbitrum (arb)
[2025-11-24 20:30:02] Synced coin: Quant (qnt)
[2025-11-24 20:30:02] Synced coin: Binance Staked SOL (bnsol)
[2025-11-24 20:30:02] Synced coin: VeChain (vet)
[2025-11-24 20:30:02] Synced coin: Kaspa (kas)
[2025-11-24 20:30:02] Synced coin: Flare (flr)
[2025-11-24 20:30:02] Synced coin: Function FBTC (fbtc)
[2025-11-24 20:30:02] Synced coin: Kelp DAO Restaked ETH (rseth)
[2025-11-24 20:30:02] Synced coin: Lombard Staked BTC (lbtc)
[2025-11-24 20:30:02] Synced coin: XDC Network (xdc)
[2025-11-24 20:30:02] Sync completed successfully.
[2025-11-24 20:35:05] Synced coin: Bitcoin (btc)
[2025-11-24 20:35:05] Synced coin: Ethereum (eth)
[2025-11-24 20:35:05] Synced coin: Tether (usdt)
[2025-11-24 20:35:05] Synced coin: XRP (xrp)
[2025-11-24 20:35:05] Synced coin: BNB (bnb)
[2025-11-24 20:35:05] Synced coin: USDC (usdc)
[2025-11-24 20:35:05] Synced coin: Solana (sol)
[2025-11-24 20:35:05] Synced coin: TRON (trx)
[2025-11-24 20:35:05] Synced coin: Lido Staked Ether (steth)
[2025-11-24 20:35:05] Synced coin: Dogecoin (doge)
[2025-11-24 20:35:05] Synced coin: Cardano (ada)
[2025-11-24 20:35:05] Synced coin: Figure Heloc (figr_heloc)
[2025-11-24 20:35:05] Synced coin: WhiteBIT Coin (wbt)
[2025-11-24 20:35:05] Synced coin: Wrapped stETH (wsteth)
[2025-11-24 20:35:05] Synced coin: Bitcoin Cash (bch)
[2025-11-24 20:35:05] Synced coin: Wrapped Bitcoin (wbtc)
[2025-11-24 20:35:05] Synced coin: Wrapped Beacon ETH (wbeth)
[2025-11-24 20:35:05] Synced coin: USDS (usds)
[2025-11-24 20:35:05] Synced coin: Binance Bridged USDT (BNB Smart Chain) (bsc-usd)
[2025-11-24 20:35:05] Synced coin: Zcash (zec)
[2025-11-24 20:35:05] Synced coin: Chainlink (link)
[2025-11-24 20:35:05] Synced coin: LEO Token (leo)
[2025-11-24 20:35:05] Synced coin: Hyperliquid (hype)
[2025-11-24 20:35:05] Synced coin: Stellar (xlm)
[2025-11-24 20:35:05] Synced coin: WETH (weth)
[2025-11-24 20:35:05] Synced coin: Ethena USDe (usde)
[2025-11-24 20:35:05] Synced coin: Wrapped eETH (weeth)
[2025-11-24 20:35:05] Synced coin: Monero (xmr)
[2025-11-24 20:35:05] Synced coin: Coinbase Wrapped BTC (cbbtc)
[2025-11-24 20:35:05] Synced coin: Litecoin (ltc)
[2025-11-24 20:35:05] Synced coin: Hedera (hbar)
[2025-11-24 20:35:05] Synced coin: Avalanche (avax)
[2025-11-24 20:35:05] Synced coin: Sui (sui)
[2025-11-24 20:35:05] Synced coin: Shiba Inu (shib)
[2025-11-24 20:35:05] Synced coin: Dai (dai)
[2025-11-24 20:35:05] Synced coin: Ethena Staked USDe (susde)
[2025-11-24 20:35:05] Synced coin: World Liberty Financial (wlfi)
[2025-11-24 20:35:05] Synced coin: USDT0 (usdt0)
[2025-11-24 20:35:05] Synced coin: Cronos (cro)
[2025-11-24 20:35:05] Synced coin: Uniswap (uni)
[2025-11-24 20:35:05] Synced coin: sUSDS (susds)
[2025-11-24 20:35:05] Synced coin: Polkadot (dot)
[2025-11-24 20:35:05] Synced coin: Toncoin (ton)
[2025-11-24 20:35:05] Synced coin: PayPal USD (pyusd)
[2025-11-24 20:35:05] Synced coin: MemeCore (m)
[2025-11-24 20:35:05] Synced coin: Mantle (mnt)
[2025-11-24 20:35:05] Synced coin: Canton (cc)
[2025-11-24 20:35:05] Synced coin: Bittensor (tao)
[2025-11-24 20:35:05] Synced coin: USD1 (usd1)
[2025-11-24 20:35:05] Synced coin: Aave (aave)
[2025-11-24 20:35:05] Synced coin: Bitget Token (bgb)
[2025-11-24 20:35:05] Synced coin: NEAR Protocol (near)
[2025-11-24 20:35:05] Synced coin: BlackRock USD Institutional Digital Liquidity Fund (buidl)
[2025-11-24 20:35:05] Synced coin: Aster (aster)
[2025-11-24 20:35:05] Synced coin: OKB (okb)
[2025-11-24 20:35:05] Synced coin: Falcon USD (usdf)
[2025-11-24 20:35:05] Synced coin: Internet Computer (icp)
[2025-11-24 20:35:05] Synced coin: Tether Gold (xaut)
[2025-11-24 20:35:05] Synced coin: Ethereum Classic (etc)
[2025-11-24 20:35:05] Synced coin: Pi Network (pi)
[2025-11-24 20:35:05] Synced coin: Jito Staked SOL (jitosol)
[2025-11-24 20:35:05] Synced coin: Jupiter Perpetuals Liquidity Provider Token (jlp)
[2025-11-24 20:35:05] Synced coin: Ethena (ena)
[2025-11-24 20:35:05] Synced coin: Pepe (pepe)
[2025-11-24 20:35:05] Synced coin: Binance-Peg WETH (weth)
[2025-11-24 20:35:05] Synced coin: Aptos (apt)
[2025-11-24 20:35:05] Synced coin: Wrapped SOL (sol)
[2025-11-24 20:35:05] Synced coin: Rain (rain)
[2025-11-24 20:35:05] Synced coin: HTX DAO (htx)
[2025-11-24 20:35:05] Synced coin: Pump.fun (pump)
[2025-11-24 20:35:05] Synced coin: Ondo (ondo)
[2025-11-24 20:35:05] Synced coin: KuCoin (kcs)
[2025-11-24 20:35:05] Synced coin: Worldcoin (wld)
[2025-11-24 20:35:05] Synced coin: POL (ex-MATIC) (pol)
[2025-11-24 20:35:05] Synced coin: PAX Gold (paxg)
[2025-11-24 20:35:05] Synced coin: USDtb (usdtb)
[2025-11-24 20:35:05] Synced coin: BFUSD (bfusd)
[2025-11-24 20:35:05] Synced coin: syrupUSDC (syrupusdc)
[2025-11-24 20:35:05] Synced coin: Binance Bridged USDC (BNB Smart Chain) (usdc)
[2025-11-24 20:35:05] Synced coin: Algorand (algo)
[2025-11-24 20:35:05] Synced coin: Official Trump (trump)
[2025-11-24 20:35:05] Synced coin: Rocket Pool ETH (reth)
[2025-11-24 20:35:05] Synced coin: Provenance Blockchain (hash)
[2025-11-24 20:35:05] Synced coin: Circle USYC (usyc)
[2025-11-24 20:35:05] Synced coin: Global Dollar (usdg)
[2025-11-24 20:35:05] Synced coin: Cosmos Hub (atom)
[2025-11-24 20:35:05] Synced coin: Gate (gt)
[2025-11-24 20:35:05] Synced coin: Filecoin (fil)
[2025-11-24 20:35:05] Synced coin: Ripple USD (rlusd)
[2025-11-24 20:35:05] Synced coin: Wrapped BNB (wbnb)
[2025-11-24 20:35:05] Synced coin: Arbitrum (arb)
[2025-11-24 20:35:05] Synced coin: Quant (qnt)
[2025-11-24 20:35:05] Synced coin: Binance Staked SOL (bnsol)
[2025-11-24 20:35:05] Synced coin: VeChain (vet)
[2025-11-24 20:35:05] Synced coin: Kaspa (kas)
[2025-11-24 20:35:05] Synced coin: Flare (flr)
[2025-11-24 20:35:05] Synced coin: Function FBTC (fbtc)
[2025-11-24 20:35:05] Synced coin: Kelp DAO Restaked ETH (rseth)
[2025-11-24 20:35:05] Synced coin: Lombard Staked BTC (lbtc)
[2025-11-24 20:35:05] Synced coin: XDC Network (xdc)
[2025-11-24 20:35:05] Sync completed successfully.
[2025-11-24 20:40:06] Synced coin: Bitcoin (btc)
[2025-11-24 20:40:06] Synced coin: Ethereum (eth)
[2025-11-24 20:40:06] Synced coin: Tether (usdt)
[2025-11-24 20:40:06] Synced coin: XRP (xrp)
[2025-11-24 20:40:06] Synced coin: BNB (bnb)
[2025-11-24 20:40:06] Synced coin: USDC (usdc)
[2025-11-24 20:40:06] Synced coin: Solana (sol)
[2025-11-24 20:40:06] Synced coin: TRON (trx)
[2025-11-24 20:40:06] Synced coin: Lido Staked Ether (steth)
[2025-11-24 20:40:06] Synced coin: Dogecoin (doge)
[2025-11-24 20:40:06] Synced coin: Cardano (ada)
[2025-11-24 20:40:06] Synced coin: Figure Heloc (figr_heloc)
[2025-11-24 20:40:06] Synced coin: WhiteBIT Coin (wbt)
[2025-11-24 20:40:06] Synced coin: Wrapped stETH (wsteth)
[2025-11-24 20:40:06] Synced coin: Bitcoin Cash (bch)
[2025-11-24 20:40:06] Synced coin: Wrapped Bitcoin (wbtc)
[2025-11-24 20:40:06] Synced coin: Wrapped Beacon ETH (wbeth)
[2025-11-24 20:40:06] Synced coin: USDS (usds)
[2025-11-24 20:40:06] Synced coin: Binance Bridged USDT (BNB Smart Chain) (bsc-usd)
[2025-11-24 20:40:06] Synced coin: Zcash (zec)
[2025-11-24 20:40:06] Synced coin: Chainlink (link)
[2025-11-24 20:40:06] Synced coin: LEO Token (leo)
[2025-11-24 20:40:06] Synced coin: Hyperliquid (hype)
[2025-11-24 20:40:06] Synced coin: Stellar (xlm)
[2025-11-24 20:40:06] Synced coin: WETH (weth)
[2025-11-24 20:40:06] Synced coin: Ethena USDe (usde)
[2025-11-24 20:40:06] Synced coin: Wrapped eETH (weeth)
[2025-11-24 20:40:06] Synced coin: Monero (xmr)
[2025-11-24 20:40:06] Synced coin: Coinbase Wrapped BTC (cbbtc)
[2025-11-24 20:40:06] Synced coin: Litecoin (ltc)
[2025-11-24 20:40:06] Synced coin: Hedera (hbar)
[2025-11-24 20:40:06] Synced coin: Avalanche (avax)
[2025-11-24 20:40:06] Synced coin: Sui (sui)
[2025-11-24 20:40:06] Synced coin: Shiba Inu (shib)
[2025-11-24 20:40:06] Synced coin: Dai (dai)
[2025-11-24 20:40:06] Synced coin: Ethena Staked USDe (susde)
[2025-11-24 20:40:06] Synced coin: World Liberty Financial (wlfi)
[2025-11-24 20:40:06] Synced coin: Cronos (cro)
[2025-11-24 20:40:06] Synced coin: USDT0 (usdt0)
[2025-11-24 20:40:06] Synced coin: Uniswap (uni)
[2025-11-24 20:40:06] Synced coin: sUSDS (susds)
[2025-11-24 20:40:06] Synced coin: Polkadot (dot)
[2025-11-24 20:40:06] Synced coin: Toncoin (ton)
[2025-11-24 20:40:06] Synced coin: PayPal USD (pyusd)
[2025-11-24 20:40:06] Synced coin: MemeCore (m)
[2025-11-24 20:40:06] Synced coin: Mantle (mnt)
[2025-11-24 20:40:06] Synced coin: Canton (cc)
[2025-11-24 20:40:06] Synced coin: Bittensor (tao)
[2025-11-24 20:40:06] Synced coin: USD1 (usd1)
[2025-11-24 20:40:06] Synced coin: Aave (aave)
[2025-11-24 20:40:06] Synced coin: Bitget Token (bgb)
[2025-11-24 20:40:06] Synced coin: NEAR Protocol (near)
[2025-11-24 20:40:06] Synced coin: BlackRock USD Institutional Digital Liquidity Fund (buidl)
[2025-11-24 20:40:06] Synced coin: Aster (aster)
[2025-11-24 20:40:06] Synced coin: OKB (okb)
[2025-11-24 20:40:06] Synced coin: Falcon USD (usdf)
[2025-11-24 20:40:06] Synced coin: Internet Computer (icp)
[2025-11-24 20:40:06] Synced coin: Tether Gold (xaut)
[2025-11-24 20:40:06] Synced coin: Ethereum Classic (etc)
[2025-11-24 20:40:06] Synced coin: Pi Network (pi)
[2025-11-24 20:40:06] Synced coin: Jito Staked SOL (jitosol)
[2025-11-24 20:40:06] Synced coin: Jupiter Perpetuals Liquidity Provider Token (jlp)
[2025-11-24 20:40:06] Synced coin: Ethena (ena)
[2025-11-24 20:40:06] Synced coin: Pepe (pepe)
[2025-11-24 20:40:06] Synced coin: Rain (rain)
[2025-11-24 20:40:06] Synced coin: Binance-Peg WETH (weth)
[2025-11-24 20:40:06] Synced coin: Aptos (apt)
[2025-11-24 20:40:06] Synced coin: Wrapped SOL (sol)
[2025-11-24 20:40:06] Synced coin: HTX DAO (htx)
[2025-11-24 20:40:06] Synced coin: Pump.fun (pump)
[2025-11-24 20:40:06] Synced coin: Ondo (ondo)
[2025-11-24 20:40:06] Synced coin: KuCoin (kcs)
[2025-11-24 20:40:06] Synced coin: Worldcoin (wld)
[2025-11-24 20:40:06] Synced coin: POL (ex-MATIC) (pol)
[2025-11-24 20:40:06] Synced coin: PAX Gold (paxg)
[2025-11-24 20:40:06] Synced coin: USDtb (usdtb)
[2025-11-24 20:40:06] Synced coin: BFUSD (bfusd)
[2025-11-24 20:40:06] Synced coin: syrupUSDC (syrupusdc)
[2025-11-24 20:40:06] Synced coin: Binance Bridged USDC (BNB Smart Chain) (usdc)
[2025-11-24 20:40:06] Synced coin: Algorand (algo)
[2025-11-24 20:40:06] Synced coin: Official Trump (trump)
[2025-11-24 20:40:06] Synced coin: Provenance Blockchain (hash)
[2025-11-24 20:40:06] Synced coin: Rocket Pool ETH (reth)
[2025-11-24 20:40:06] Synced coin: Circle USYC (usyc)
[2025-11-24 20:40:06] Synced coin: Global Dollar (usdg)
[2025-11-24 20:40:06] Synced coin: Cosmos Hub (atom)
[2025-11-24 20:40:06] Synced coin: Gate (gt)
[2025-11-24 20:40:06] Synced coin: Filecoin (fil)
[2025-11-24 20:40:06] Synced coin: Ripple USD (rlusd)
[2025-11-24 20:40:06] Synced coin: Wrapped BNB (wbnb)
[2025-11-24 20:40:06] Synced coin: Arbitrum (arb)
[2025-11-24 20:40:06] Synced coin: Quant (qnt)
[2025-11-24 20:40:06] Synced coin: Binance Staked SOL (bnsol)
[2025-11-24 20:40:06] Synced coin: VeChain (vet)
[2025-11-24 20:40:06] Synced coin: Kaspa (kas)
[2025-11-24 20:40:06] Synced coin: Flare (flr)
[2025-11-24 20:40:06] Synced coin: Function FBTC (fbtc)
[2025-11-24 20:40:06] Synced coin: Kelp DAO Restaked ETH (rseth)
[2025-11-24 20:40:06] Synced coin: Lombard Staked BTC (lbtc)
[2025-11-24 20:40:06] Synced coin: XDC Network (xdc)
[2025-11-24 20:40:06] Sync completed successfully.
[2025-11-24 20:45:02] Synced coin: Bitcoin (btc)
[2025-11-24 20:45:02] Synced coin: Ethereum (eth)
[2025-11-24 20:45:02] Synced coin: Tether (usdt)
[2025-11-24 20:45:02] Synced coin: XRP (xrp)
[2025-11-24 20:45:02] Synced coin: BNB (bnb)
[2025-11-24 20:45:02] Synced coin: USDC (usdc)
[2025-11-24 20:45:02] Synced coin: Solana (sol)
[2025-11-24 20:45:02] Synced coin: TRON (trx)
[2025-11-24 20:45:02] Synced coin: Lido Staked Ether (steth)
[2025-11-24 20:45:02] Synced coin: Dogecoin (doge)
[2025-11-24 20:45:02] Synced coin: Cardano (ada)
[2025-11-24 20:45:02] Synced coin: Figure Heloc (figr_heloc)
[2025-11-24 20:45:02] Synced coin: WhiteBIT Coin (wbt)
[2025-11-24 20:45:02] Synced coin: Wrapped stETH (wsteth)
[2025-11-24 20:45:02] Synced coin: Bitcoin Cash (bch)
[2025-11-24 20:45:02] Synced coin: Wrapped Bitcoin (wbtc)
[2025-11-24 20:45:02] Synced coin: Wrapped Beacon ETH (wbeth)
[2025-11-24 20:45:02] Synced coin: USDS (usds)
[2025-11-24 20:45:02] Synced coin: Binance Bridged USDT (BNB Smart Chain) (bsc-usd)
[2025-11-24 20:45:02] Synced coin: Zcash (zec)
[2025-11-24 20:45:02] Synced coin: Chainlink (link)
[2025-11-24 20:45:02] Synced coin: LEO Token (leo)
[2025-11-24 20:45:02] Synced coin: Hyperliquid (hype)
[2025-11-24 20:45:02] Synced coin: Stellar (xlm)
[2025-11-24 20:45:02] Synced coin: WETH (weth)
[2025-11-24 20:45:02] Synced coin: Ethena USDe (usde)
[2025-11-24 20:45:02] Synced coin: Wrapped eETH (weeth)
[2025-11-24 20:45:02] Synced coin: Monero (xmr)
[2025-11-24 20:45:02] Synced coin: Coinbase Wrapped BTC (cbbtc)
[2025-11-24 20:45:02] Synced coin: Litecoin (ltc)
[2025-11-24 20:45:02] Synced coin: Hedera (hbar)
[2025-11-24 20:45:02] Synced coin: Avalanche (avax)
[2025-11-24 20:45:02] Synced coin: Sui (sui)
[2025-11-24 20:45:02] Synced coin: Shiba Inu (shib)
[2025-11-24 20:45:02] Synced coin: Dai (dai)
[2025-11-24 20:45:02] Synced coin: Ethena Staked USDe (susde)
[2025-11-24 20:45:02] Synced coin: World Liberty Financial (wlfi)
[2025-11-24 20:45:02] Synced coin: Cronos (cro)
[2025-11-24 20:45:02] Synced coin: USDT0 (usdt0)
[2025-11-24 20:45:02] Synced coin: Uniswap (uni)
[2025-11-24 20:45:02] Synced coin: sUSDS (susds)
[2025-11-24 20:45:02] Synced coin: Polkadot (dot)
[2025-11-24 20:45:02] Synced coin: Toncoin (ton)
[2025-11-24 20:45:02] Synced coin: PayPal USD (pyusd)
[2025-11-24 20:45:02] Synced coin: MemeCore (m)
[2025-11-24 20:45:02] Synced coin: Mantle (mnt)
[2025-11-24 20:45:02] Synced coin: Canton (cc)
[2025-11-24 20:45:02] Synced coin: Bittensor (tao)
[2025-11-24 20:45:02] Synced coin: USD1 (usd1)
[2025-11-24 20:45:02] Synced coin: Aave (aave)
[2025-11-24 20:45:02] Synced coin: Bitget Token (bgb)
[2025-11-24 20:45:02] Synced coin: NEAR Protocol (near)
[2025-11-24 20:45:02] Synced coin: BlackRock USD Institutional Digital Liquidity Fund (buidl)
[2025-11-24 20:45:02] Synced coin: Aster (aster)
[2025-11-24 20:45:02] Synced coin: OKB (okb)
[2025-11-24 20:45:02] Synced coin: Falcon USD (usdf)
[2025-11-24 20:45:02] Synced coin: Internet Computer (icp)
[2025-11-24 20:45:02] Synced coin: Tether Gold (xaut)
[2025-11-24 20:45:02] Synced coin: Ethereum Classic (etc)
[2025-11-24 20:45:02] Synced coin: Pi Network (pi)
[2025-11-24 20:45:02] Synced coin: Jito Staked SOL (jitosol)
[2025-11-24 20:45:02] Synced coin: Jupiter Perpetuals Liquidity Provider Token (jlp)
[2025-11-24 20:45:02] Synced coin: Ethena (ena)
[2025-11-24 20:45:02] Synced coin: Rain (rain)
[2025-11-24 20:45:02] Synced coin: Pepe (pepe)
[2025-11-24 20:45:02] Synced coin: Binance-Peg WETH (weth)
[2025-11-24 20:45:02] Synced coin: Aptos (apt)
[2025-11-24 20:45:02] Synced coin: Wrapped SOL (sol)
[2025-11-24 20:45:02] Synced coin: HTX DAO (htx)
[2025-11-24 20:45:02] Synced coin: Pump.fun (pump)
[2025-11-24 20:45:02] Synced coin: Ondo (ondo)
[2025-11-24 20:45:02] Synced coin: KuCoin (kcs)
[2025-11-24 20:45:02] Synced coin: Worldcoin (wld)
[2025-11-24 20:45:02] Synced coin: POL (ex-MATIC) (pol)
[2025-11-24 20:45:02] Synced coin: PAX Gold (paxg)
[2025-11-24 20:45:02] Synced coin: USDtb (usdtb)
[2025-11-24 20:45:02] Synced coin: BFUSD (bfusd)
[2025-11-24 20:45:02] Synced coin: syrupUSDC (syrupusdc)
[2025-11-24 20:45:02] Synced coin: Binance Bridged USDC (BNB Smart Chain) (usdc)
[2025-11-24 20:45:02] Synced coin: Algorand (algo)
[2025-11-24 20:45:02] Synced coin: Official Trump (trump)
[2025-11-24 20:45:02] Synced coin: Provenance Blockchain (hash)
[2025-11-24 20:45:02] Synced coin: Rocket Pool ETH (reth)
[2025-11-24 20:45:02] Synced coin: Circle USYC (usyc)
[2025-11-24 20:45:02] Synced coin: Global Dollar (usdg)
[2025-11-24 20:45:02] Synced coin: Cosmos Hub (atom)
[2025-11-24 20:45:02] Synced coin: Filecoin (fil)
[2025-11-24 20:45:02] Synced coin: Gate (gt)
[2025-11-24 20:45:02] Synced coin: Wrapped BNB (wbnb)
[2025-11-24 20:45:02] Synced coin: Ripple USD (rlusd)
[2025-11-24 20:45:02] Synced coin: Arbitrum (arb)
[2025-11-24 20:45:02] Synced coin: Quant (qnt)
[2025-11-24 20:45:02] Synced coin: Binance Staked SOL (bnsol)
[2025-11-24 20:45:02] Synced coin: VeChain (vet)
[2025-11-24 20:45:02] Synced coin: Kaspa (kas)
[2025-11-24 20:45:02] Synced coin: Flare (flr)
[2025-11-24 20:45:02] Synced coin: Function FBTC (fbtc)
[2025-11-24 20:45:02] Synced coin: Kelp DAO Restaked ETH (rseth)
[2025-11-24 20:45:02] Synced coin: Lombard Staked BTC (lbtc)
[2025-11-24 20:45:02] Synced coin: XDC Network (xdc)
[2025-11-24 20:45:02] Sync completed successfully.
[2025-11-24 20:50:02] Synced coin: Bitcoin (btc)
[2025-11-24 20:50:02] Synced coin: Ethereum (eth)
[2025-11-24 20:50:02] Synced coin: Tether (usdt)
[2025-11-24 20:50:02] Synced coin: XRP (xrp)
[2025-11-24 20:50:02] Synced coin: BNB (bnb)
[2025-11-24 20:50:02] Synced coin: USDC (usdc)
[2025-11-24 20:50:02] Synced coin: Solana (sol)
[2025-11-24 20:50:02] Synced coin: TRON (trx)
[2025-11-24 20:50:02] Synced coin: Lido Staked Ether (steth)
[2025-11-24 20:50:02] Synced coin: Dogecoin (doge)
[2025-11-24 20:50:02] Synced coin: Cardano (ada)
[2025-11-24 20:50:02] Synced coin: Figure Heloc (figr_heloc)
[2025-11-24 20:50:02] Synced coin: WhiteBIT Coin (wbt)
[2025-11-24 20:50:02] Synced coin: Wrapped stETH (wsteth)
[2025-11-24 20:50:02] Synced coin: Bitcoin Cash (bch)
[2025-11-24 20:50:02] Synced coin: Wrapped Bitcoin (wbtc)
[2025-11-24 20:50:02] Synced coin: Wrapped Beacon ETH (wbeth)
[2025-11-24 20:50:02] Synced coin: USDS (usds)
[2025-11-24 20:50:02] Synced coin: Binance Bridged USDT (BNB Smart Chain) (bsc-usd)
[2025-11-24 20:50:02] Synced coin: Zcash (zec)
[2025-11-24 20:50:02] Synced coin: Chainlink (link)
[2025-11-24 20:50:02] Synced coin: LEO Token (leo)
[2025-11-24 20:50:02] Synced coin: Hyperliquid (hype)
[2025-11-24 20:50:02] Synced coin: Stellar (xlm)
[2025-11-24 20:50:02] Synced coin: WETH (weth)
[2025-11-24 20:50:02] Synced coin: Ethena USDe (usde)
[2025-11-24 20:50:02] Synced coin: Wrapped eETH (weeth)
[2025-11-24 20:50:02] Synced coin: Monero (xmr)
[2025-11-24 20:50:02] Synced coin: Coinbase Wrapped BTC (cbbtc)
[2025-11-24 20:50:02] Synced coin: Litecoin (ltc)
[2025-11-24 20:50:02] Synced coin: Hedera (hbar)
[2025-11-24 20:50:02] Synced coin: Avalanche (avax)
[2025-11-24 20:50:02] Synced coin: Sui (sui)
[2025-11-24 20:50:02] Synced coin: Shiba Inu (shib)
[2025-11-24 20:50:02] Synced coin: Dai (dai)
[2025-11-24 20:50:02] Synced coin: Ethena Staked USDe (susde)
[2025-11-24 20:50:02] Synced coin: World Liberty Financial (wlfi)
[2025-11-24 20:50:02] Synced coin: Cronos (cro)
[2025-11-24 20:50:02] Synced coin: USDT0 (usdt0)
[2025-11-24 20:50:02] Synced coin: Uniswap (uni)
[2025-11-24 20:50:02] Synced coin: sUSDS (susds)
[2025-11-24 20:50:02] Synced coin: Polkadot (dot)
[2025-11-24 20:50:02] Synced coin: Toncoin (ton)
[2025-11-24 20:50:02] Synced coin: PayPal USD (pyusd)
[2025-11-24 20:50:02] Synced coin: MemeCore (m)
[2025-11-24 20:50:02] Synced coin: Mantle (mnt)
[2025-11-24 20:50:02] Synced coin: Canton (cc)
[2025-11-24 20:50:02] Synced coin: Bittensor (tao)
[2025-11-24 20:50:02] Synced coin: USD1 (usd1)
[2025-11-24 20:50:02] Synced coin: Aave (aave)
[2025-11-24 20:50:02] Synced coin: Bitget Token (bgb)
[2025-11-24 20:50:02] Synced coin: NEAR Protocol (near)
[2025-11-24 20:50:02] Synced coin: BlackRock USD Institutional Digital Liquidity Fund (buidl)
[2025-11-24 20:50:02] Synced coin: Aster (aster)
[2025-11-24 20:50:02] Synced coin: OKB (okb)
[2025-11-24 20:50:02] Synced coin: Falcon USD (usdf)
[2025-11-24 20:50:02] Synced coin: Internet Computer (icp)
[2025-11-24 20:50:02] Synced coin: Tether Gold (xaut)
[2025-11-24 20:50:02] Synced coin: Ethereum Classic (etc)
[2025-11-24 20:50:02] Synced coin: Pi Network (pi)
[2025-11-24 20:50:02] Synced coin: Jito Staked SOL (jitosol)
[2025-11-24 20:50:02] Synced coin: Jupiter Perpetuals Liquidity Provider Token (jlp)
[2025-11-24 20:50:02] Synced coin: Ethena (ena)
[2025-11-24 20:50:02] Synced coin: Rain (rain)
[2025-11-24 20:50:02] Synced coin: Pepe (pepe)
[2025-11-24 20:50:02] Synced coin: Binance-Peg WETH (weth)
[2025-11-24 20:50:02] Synced coin: Aptos (apt)
[2025-11-24 20:50:02] Synced coin: Wrapped SOL (sol)
[2025-11-24 20:50:02] Synced coin: HTX DAO (htx)
[2025-11-24 20:50:02] Synced coin: Pump.fun (pump)
[2025-11-24 20:50:02] Synced coin: Ondo (ondo)
[2025-11-24 20:50:02] Synced coin: KuCoin (kcs)
[2025-11-24 20:50:02] Synced coin: Worldcoin (wld)
[2025-11-24 20:50:02] Synced coin: POL (ex-MATIC) (pol)
[2025-11-24 20:50:02] Synced coin: PAX Gold (paxg)
[2025-11-24 20:50:02] Synced coin: USDtb (usdtb)
[2025-11-24 20:50:02] Synced coin: BFUSD (bfusd)
[2025-11-24 20:50:02] Synced coin: syrupUSDC (syrupusdc)
[2025-11-24 20:50:02] Synced coin: Binance Bridged USDC (BNB Smart Chain) (usdc)
[2025-11-24 20:50:02] Synced coin: Algorand (algo)
[2025-11-24 20:50:02] Synced coin: Official Trump (trump)
[2025-11-24 20:50:02] Synced coin: Provenance Blockchain (hash)
[2025-11-24 20:50:02] Synced coin: Rocket Pool ETH (reth)
[2025-11-24 20:50:02] Synced coin: Circle USYC (usyc)
[2025-11-24 20:50:02] Synced coin: Global Dollar (usdg)
[2025-11-24 20:50:02] Synced coin: Cosmos Hub (atom)
[2025-11-24 20:50:02] Synced coin: Filecoin (fil)
[2025-11-24 20:50:02] Synced coin: Gate (gt)
[2025-11-24 20:50:02] Synced coin: Wrapped BNB (wbnb)
[2025-11-24 20:50:02] Synced coin: Ripple USD (rlusd)
[2025-11-24 20:50:02] Synced coin: Arbitrum (arb)
[2025-11-24 20:50:02] Synced coin: Quant (qnt)
[2025-11-24 20:50:02] Synced coin: Binance Staked SOL (bnsol)
[2025-11-24 20:50:02] Synced coin: VeChain (vet)
[2025-11-24 20:50:02] Synced coin: Kaspa (kas)
[2025-11-24 20:50:02] Synced coin: Flare (flr)
[2025-11-24 20:50:02] Synced coin: Function FBTC (fbtc)
[2025-11-24 20:50:02] Synced coin: Kelp DAO Restaked ETH (rseth)
[2025-11-24 20:50:02] Synced coin: Lombard Staked BTC (lbtc)
[2025-11-24 20:50:02] Synced coin: XDC Network (xdc)
[2025-11-24 20:50:02] Sync completed successfully.
[2025-11-24 20:55:06] Synced coin: Bitcoin (btc)
[2025-11-24 20:55:06] Synced coin: Ethereum (eth)
[2025-11-24 20:55:06] Synced coin: Tether (usdt)
[2025-11-24 20:55:06] Synced coin: XRP (xrp)
[2025-11-24 20:55:06] Synced coin: BNB (bnb)
[2025-11-24 20:55:06] Synced coin: USDC (usdc)
[2025-11-24 20:55:06] Synced coin: Solana (sol)
[2025-11-24 20:55:06] Synced coin: TRON (trx)
[2025-11-24 20:55:06] Synced coin: Lido Staked Ether (steth)
[2025-11-24 20:55:06] Synced coin: Dogecoin (doge)
[2025-11-24 20:55:06] Synced coin: Cardano (ada)
[2025-11-24 20:55:06] Synced coin: Figure Heloc (figr_heloc)
[2025-11-24 20:55:06] Synced coin: WhiteBIT Coin (wbt)
[2025-11-24 20:55:06] Synced coin: Wrapped stETH (wsteth)
[2025-11-24 20:55:06] Synced coin: Bitcoin Cash (bch)
[2025-11-24 20:55:06] Synced coin: Wrapped Bitcoin (wbtc)
[2025-11-24 20:55:06] Synced coin: Wrapped Beacon ETH (wbeth)
[2025-11-24 20:55:06] Synced coin: USDS (usds)
[2025-11-24 20:55:06] Synced coin: Binance Bridged USDT (BNB Smart Chain) (bsc-usd)
[2025-11-24 20:55:06] Synced coin: Zcash (zec)
[2025-11-24 20:55:06] Synced coin: Chainlink (link)
[2025-11-24 20:55:06] Synced coin: LEO Token (leo)
[2025-11-24 20:55:06] Synced coin: Hyperliquid (hype)
[2025-11-24 20:55:06] Synced coin: Stellar (xlm)
[2025-11-24 20:55:06] Synced coin: WETH (weth)
[2025-11-24 20:55:06] Synced coin: Ethena USDe (usde)
[2025-11-24 20:55:06] Synced coin: Wrapped eETH (weeth)
[2025-11-24 20:55:06] Synced coin: Monero (xmr)
[2025-11-24 20:55:06] Synced coin: Coinbase Wrapped BTC (cbbtc)
[2025-11-24 20:55:06] Synced coin: Litecoin (ltc)
[2025-11-24 20:55:06] Synced coin: Hedera (hbar)
[2025-11-24 20:55:06] Synced coin: Avalanche (avax)
[2025-11-24 20:55:06] Synced coin: Sui (sui)
[2025-11-24 20:55:06] Synced coin: Shiba Inu (shib)
[2025-11-24 20:55:06] Synced coin: Dai (dai)
[2025-11-24 20:55:06] Synced coin: Ethena Staked USDe (susde)
[2025-11-24 20:55:06] Synced coin: World Liberty Financial (wlfi)
[2025-11-24 20:55:06] Synced coin: Cronos (cro)
[2025-11-24 20:55:06] Synced coin: USDT0 (usdt0)
[2025-11-24 20:55:06] Synced coin: Uniswap (uni)
[2025-11-24 20:55:06] Synced coin: sUSDS (susds)
[2025-11-24 20:55:06] Synced coin: Polkadot (dot)
[2025-11-24 20:55:06] Synced coin: Toncoin (ton)
[2025-11-24 20:55:06] Synced coin: PayPal USD (pyusd)
[2025-11-24 20:55:06] Synced coin: MemeCore (m)
[2025-11-24 20:55:06] Synced coin: Mantle (mnt)
[2025-11-24 20:55:06] Synced coin: Canton (cc)
[2025-11-24 20:55:06] Synced coin: Bittensor (tao)
[2025-11-24 20:55:06] Synced coin: USD1 (usd1)
[2025-11-24 20:55:06] Synced coin: Aave (aave)
[2025-11-24 20:55:06] Synced coin: NEAR Protocol (near)
[2025-11-24 20:55:06] Synced coin: Bitget Token (bgb)
[2025-11-24 20:55:06] Synced coin: BlackRock USD Institutional Digital Liquidity Fund (buidl)
[2025-11-24 20:55:06] Synced coin: Aster (aster)
[2025-11-24 20:55:06] Synced coin: OKB (okb)
[2025-11-24 20:55:06] Synced coin: Falcon USD (usdf)
[2025-11-24 20:55:06] Synced coin: Internet Computer (icp)
[2025-11-24 20:55:06] Synced coin: Tether Gold (xaut)
[2025-11-24 20:55:06] Synced coin: Ethereum Classic (etc)
[2025-11-24 20:55:06] Synced coin: Pi Network (pi)
[2025-11-24 20:55:06] Synced coin: Jito Staked SOL (jitosol)
[2025-11-24 20:55:06] Synced coin: Jupiter Perpetuals Liquidity Provider Token (jlp)
[2025-11-24 20:55:06] Synced coin: Ethena (ena)
[2025-11-24 20:55:06] Synced coin: Pepe (pepe)
[2025-11-24 20:55:06] Synced coin: Binance-Peg WETH (weth)
[2025-11-24 20:55:06] Synced coin: Rain (rain)
[2025-11-24 20:55:06] Synced coin: Aptos (apt)
[2025-11-24 20:55:06] Synced coin: Wrapped SOL (sol)
[2025-11-24 20:55:06] Synced coin: HTX DAO (htx)
[2025-11-24 20:55:06] Synced coin: Pump.fun (pump)
[2025-11-24 20:55:06] Synced coin: Ondo (ondo)
[2025-11-24 20:55:06] Synced coin: KuCoin (kcs)
[2025-11-24 20:55:06] Synced coin: Worldcoin (wld)
[2025-11-24 20:55:06] Synced coin: POL (ex-MATIC) (pol)
[2025-11-24 20:55:06] Synced coin: PAX Gold (paxg)
[2025-11-24 20:55:06] Synced coin: USDtb (usdtb)
[2025-11-24 20:55:06] Synced coin: BFUSD (bfusd)
[2025-11-24 20:55:06] Synced coin: syrupUSDC (syrupusdc)
[2025-11-24 20:55:06] Synced coin: Binance Bridged USDC (BNB Smart Chain) (usdc)
[2025-11-24 20:55:06] Synced coin: Algorand (algo)
[2025-11-24 20:55:06] Synced coin: Official Trump (trump)
[2025-11-24 20:55:06] Synced coin: Provenance Blockchain (hash)
[2025-11-24 20:55:06] Synced coin: Rocket Pool ETH (reth)
[2025-11-24 20:55:06] Synced coin: Circle USYC (usyc)
[2025-11-24 20:55:06] Synced coin: Global Dollar (usdg)
[2025-11-24 20:55:06] Synced coin: Cosmos Hub (atom)
[2025-11-24 20:55:06] Synced coin: Gate (gt)
[2025-11-24 20:55:06] Synced coin: Filecoin (fil)
[2025-11-24 20:55:06] Synced coin: Ripple USD (rlusd)
[2025-11-24 20:55:06] Synced coin: Wrapped BNB (wbnb)
[2025-11-24 20:55:06] Synced coin: Arbitrum (arb)
[2025-11-24 20:55:06] Synced coin: Quant (qnt)
[2025-11-24 20:55:06] Synced coin: Binance Staked SOL (bnsol)
[2025-11-24 20:55:06] Synced coin: VeChain (vet)
[2025-11-24 20:55:06] Synced coin: Kaspa (kas)
[2025-11-24 20:55:06] Synced coin: Flare (flr)
[2025-11-24 20:55:06] Synced coin: Function FBTC (fbtc)
[2025-11-24 20:55:06] Synced coin: Kelp DAO Restaked ETH (rseth)
[2025-11-24 20:55:06] Synced coin: XDC Network (xdc)
[2025-11-24 20:55:06] Synced coin: Lombard Staked BTC (lbtc)
[2025-11-24 20:55:06] Sync completed successfully.
[2025-11-24 21:00:03] Synced coin: Bitcoin (btc)
[2025-11-24 21:00:03] Synced coin: Ethereum (eth)
[2025-11-24 21:00:03] Synced coin: Tether (usdt)
[2025-11-24 21:00:03] Synced coin: XRP (xrp)
[2025-11-24 21:00:03] Synced coin: BNB (bnb)
[2025-11-24 21:00:03] Synced coin: USDC (usdc)
[2025-11-24 21:00:03] Synced coin: Solana (sol)
[2025-11-24 21:00:03] Synced coin: TRON (trx)
[2025-11-24 21:00:03] Synced coin: Lido Staked Ether (steth)
[2025-11-24 21:00:03] Synced coin: Dogecoin (doge)
[2025-11-24 21:00:03] Synced coin: Cardano (ada)
[2025-11-24 21:00:03] Synced coin: Figure Heloc (figr_heloc)
[2025-11-24 21:00:03] Synced coin: WhiteBIT Coin (wbt)
[2025-11-24 21:00:03] Synced coin: Wrapped stETH (wsteth)
[2025-11-24 21:00:03] Synced coin: Bitcoin Cash (bch)
[2025-11-24 21:00:03] Synced coin: Wrapped Bitcoin (wbtc)
[2025-11-24 21:00:03] Synced coin: Wrapped Beacon ETH (wbeth)
[2025-11-24 21:00:03] Synced coin: USDS (usds)
[2025-11-24 21:00:03] Synced coin: Binance Bridged USDT (BNB Smart Chain) (bsc-usd)
[2025-11-24 21:00:03] Synced coin: Zcash (zec)
[2025-11-24 21:00:03] Synced coin: LEO Token (leo)
[2025-11-24 21:00:03] Synced coin: Chainlink (link)
[2025-11-24 21:00:03] Synced coin: Hyperliquid (hype)
[2025-11-24 21:00:03] Synced coin: Stellar (xlm)
[2025-11-24 21:00:03] Synced coin: WETH (weth)
[2025-11-24 21:00:03] Synced coin: Ethena USDe (usde)
[2025-11-24 21:00:03] Synced coin: Wrapped eETH (weeth)
[2025-11-24 21:00:03] Synced coin: Monero (xmr)
[2025-11-24 21:00:03] Synced coin: Litecoin (ltc)
[2025-11-24 21:00:03] Synced coin: Coinbase Wrapped BTC (cbbtc)
[2025-11-24 21:00:03] Synced coin: Hedera (hbar)
[2025-11-24 21:00:03] Synced coin: Avalanche (avax)
[2025-11-24 21:00:03] Synced coin: Sui (sui)
[2025-11-24 21:00:03] Synced coin: Shiba Inu (shib)
[2025-11-24 21:00:03] Synced coin: Dai (dai)
[2025-11-24 21:00:03] Synced coin: Ethena Staked USDe (susde)
[2025-11-24 21:00:03] Synced coin: World Liberty Financial (wlfi)
[2025-11-24 21:00:03] Synced coin: Cronos (cro)
[2025-11-24 21:00:03] Synced coin: USDT0 (usdt0)
[2025-11-24 21:00:03] Synced coin: Uniswap (uni)
[2025-11-24 21:00:03] Synced coin: sUSDS (susds)
[2025-11-24 21:00:03] Synced coin: Polkadot (dot)
[2025-11-24 21:00:03] Synced coin: Toncoin (ton)
[2025-11-24 21:00:03] Synced coin: PayPal USD (pyusd)
[2025-11-24 21:00:03] Synced coin: MemeCore (m)
[2025-11-24 21:00:03] Synced coin: Mantle (mnt)
[2025-11-24 21:00:03] Synced coin: Canton (cc)
[2025-11-24 21:00:03] Synced coin: Bittensor (tao)
[2025-11-24 21:00:03] Synced coin: USD1 (usd1)
[2025-11-24 21:00:03] Synced coin: Aave (aave)
[2025-11-24 21:00:03] Synced coin: NEAR Protocol (near)
[2025-11-24 21:00:03] Synced coin: Bitget Token (bgb)
[2025-11-24 21:00:03] Synced coin: BlackRock USD Institutional Digital Liquidity Fund (buidl)
[2025-11-24 21:00:03] Synced coin: Aster (aster)
[2025-11-24 21:00:03] Synced coin: OKB (okb)
[2025-11-24 21:00:03] Synced coin: Falcon USD (usdf)
[2025-11-24 21:00:03] Synced coin: Internet Computer (icp)
[2025-11-24 21:00:03] Synced coin: Tether Gold (xaut)
[2025-11-24 21:00:03] Synced coin: Ethereum Classic (etc)
[2025-11-24 21:00:03] Synced coin: Pi Network (pi)
[2025-11-24 21:00:03] Synced coin: Jito Staked SOL (jitosol)
[2025-11-24 21:00:03] Synced coin: Jupiter Perpetuals Liquidity Provider Token (jlp)
[2025-11-24 21:00:03] Synced coin: Ethena (ena)
[2025-11-24 21:00:03] Synced coin: Pepe (pepe)
[2025-11-24 21:00:03] Synced coin: Rain (rain)
[2025-11-24 21:00:03] Synced coin: Binance-Peg WETH (weth)
[2025-11-24 21:00:03] Synced coin: Wrapped SOL (sol)
[2025-11-24 21:00:03] Synced coin: Aptos (apt)
[2025-11-24 21:00:03] Synced coin: HTX DAO (htx)
[2025-11-24 21:00:03] Synced coin: Pump.fun (pump)
[2025-11-24 21:00:03] Synced coin: Ondo (ondo)
[2025-11-24 21:00:03] Synced coin: KuCoin (kcs)
[2025-11-24 21:00:03] Synced coin: Worldcoin (wld)
[2025-11-24 21:00:03] Synced coin: POL (ex-MATIC) (pol)
[2025-11-24 21:00:03] Synced coin: PAX Gold (paxg)
[2025-11-24 21:00:03] Synced coin: USDtb (usdtb)
[2025-11-24 21:00:03] Synced coin: BFUSD (bfusd)
[2025-11-24 21:00:03] Synced coin: syrupUSDC (syrupusdc)
[2025-11-24 21:00:03] Synced coin: Binance Bridged USDC (BNB Smart Chain) (usdc)
[2025-11-24 21:00:03] Synced coin: Official Trump (trump)
[2025-11-24 21:00:03] Synced coin: Algorand (algo)
[2025-11-24 21:00:03] Synced coin: Provenance Blockchain (hash)
[2025-11-24 21:00:03] Synced coin: Rocket Pool ETH (reth)
[2025-11-24 21:00:03] Synced coin: Circle USYC (usyc)
[2025-11-24 21:00:03] Synced coin: Global Dollar (usdg)
[2025-11-24 21:00:03] Synced coin: Cosmos Hub (atom)
[2025-11-24 21:00:03] Synced coin: Filecoin (fil)
[2025-11-24 21:00:03] Synced coin: Gate (gt)
[2025-11-24 21:00:03] Synced coin: Ripple USD (rlusd)
[2025-11-24 21:00:03] Synced coin: Wrapped BNB (wbnb)
[2025-11-24 21:00:03] Synced coin: Arbitrum (arb)
[2025-11-24 21:00:03] Synced coin: Quant (qnt)
[2025-11-24 21:00:03] Synced coin: Binance Staked SOL (bnsol)
[2025-11-24 21:00:03] Synced coin: VeChain (vet)
[2025-11-24 21:00:03] Synced coin: Kaspa (kas)
[2025-11-24 21:00:03] Synced coin: Flare (flr)
[2025-11-24 21:00:03] Synced coin: Function FBTC (fbtc)
[2025-11-24 21:00:03] Synced coin: Kelp DAO Restaked ETH (rseth)
[2025-11-24 21:00:03] Synced coin: XDC Network (xdc)
[2025-11-24 21:00:03] Synced coin: Lombard Staked BTC (lbtc)
[2025-11-24 21:00:03] Sync completed successfully.
[2025-11-24 21:05:05] Synced coin: Bitcoin (btc)
[2025-11-24 21:05:05] Synced coin: Ethereum (eth)
[2025-11-24 21:05:05] Synced coin: Tether (usdt)
[2025-11-24 21:05:05] Synced coin: XRP (xrp)
[2025-11-24 21:05:05] Synced coin: BNB (bnb)
[2025-11-24 21:05:05] Synced coin: USDC (usdc)
[2025-11-24 21:05:05] Synced coin: Solana (sol)
[2025-11-24 21:05:05] Synced coin: TRON (trx)
[2025-11-24 21:05:05] Synced coin: Lido Staked Ether (steth)
[2025-11-24 21:05:05] Synced coin: Dogecoin (doge)
[2025-11-24 21:05:05] Synced coin: Cardano (ada)
[2025-11-24 21:05:05] Synced coin: Figure Heloc (figr_heloc)
[2025-11-24 21:05:05] Synced coin: WhiteBIT Coin (wbt)
[2025-11-24 21:05:05] Synced coin: Wrapped stETH (wsteth)
[2025-11-24 21:05:05] Synced coin: Bitcoin Cash (bch)
[2025-11-24 21:05:05] Synced coin: Wrapped Bitcoin (wbtc)
[2025-11-24 21:05:05] Synced coin: Wrapped Beacon ETH (wbeth)
[2025-11-24 21:05:05] Synced coin: USDS (usds)
[2025-11-24 21:05:05] Synced coin: Binance Bridged USDT (BNB Smart Chain) (bsc-usd)
[2025-11-24 21:05:05] Synced coin: Zcash (zec)
[2025-11-24 21:05:05] Synced coin: LEO Token (leo)
[2025-11-24 21:05:05] Synced coin: Chainlink (link)
[2025-11-24 21:05:05] Synced coin: Hyperliquid (hype)
[2025-11-24 21:05:05] Synced coin: Stellar (xlm)
[2025-11-24 21:05:05] Synced coin: WETH (weth)
[2025-11-24 21:05:05] Synced coin: Ethena USDe (usde)
[2025-11-24 21:05:05] Synced coin: Wrapped eETH (weeth)
[2025-11-24 21:05:05] Synced coin: Monero (xmr)
[2025-11-24 21:05:05] Synced coin: Coinbase Wrapped BTC (cbbtc)
[2025-11-24 21:05:05] Synced coin: Litecoin (ltc)
[2025-11-24 21:05:05] Synced coin: Hedera (hbar)
[2025-11-24 21:05:05] Synced coin: Avalanche (avax)
[2025-11-24 21:05:05] Synced coin: Sui (sui)
[2025-11-24 21:05:05] Synced coin: Shiba Inu (shib)
[2025-11-24 21:05:05] Synced coin: Dai (dai)
[2025-11-24 21:05:05] Synced coin: Ethena Staked USDe (susde)
[2025-11-24 21:05:05] Synced coin: World Liberty Financial (wlfi)
[2025-11-24 21:05:05] Synced coin: Cronos (cro)
[2025-11-24 21:05:05] Synced coin: USDT0 (usdt0)
[2025-11-24 21:05:05] Synced coin: Uniswap (uni)
[2025-11-24 21:05:05] Synced coin: sUSDS (susds)
[2025-11-24 21:05:05] Synced coin: Polkadot (dot)
[2025-11-24 21:05:05] Synced coin: Toncoin (ton)
[2025-11-24 21:05:05] Synced coin: PayPal USD (pyusd)
[2025-11-24 21:05:05] Synced coin: MemeCore (m)
[2025-11-24 21:05:05] Synced coin: Mantle (mnt)
[2025-11-24 21:05:05] Synced coin: Canton (cc)
[2025-11-24 21:05:05] Synced coin: Bittensor (tao)
[2025-11-24 21:05:05] Synced coin: USD1 (usd1)
[2025-11-24 21:05:05] Synced coin: Aave (aave)
[2025-11-24 21:05:05] Synced coin: NEAR Protocol (near)
[2025-11-24 21:05:05] Synced coin: Bitget Token (bgb)
[2025-11-24 21:05:05] Synced coin: BlackRock USD Institutional Digital Liquidity Fund (buidl)
[2025-11-24 21:05:05] Synced coin: Aster (aster)
[2025-11-24 21:05:05] Synced coin: OKB (okb)
[2025-11-24 21:05:05] Synced coin: Falcon USD (usdf)
[2025-11-24 21:05:05] Synced coin: Internet Computer (icp)
[2025-11-24 21:05:05] Synced coin: Tether Gold (xaut)
[2025-11-24 21:05:05] Synced coin: Ethereum Classic (etc)
[2025-11-24 21:05:05] Synced coin: Pi Network (pi)
[2025-11-24 21:05:05] Synced coin: Jito Staked SOL (jitosol)
[2025-11-24 21:05:05] Synced coin: Jupiter Perpetuals Liquidity Provider Token (jlp)
[2025-11-24 21:05:05] Synced coin: Ethena (ena)
[2025-11-24 21:05:05] Synced coin: Pepe (pepe)
[2025-11-24 21:05:05] Synced coin: Rain (rain)
[2025-11-24 21:05:05] Synced coin: Binance-Peg WETH (weth)
[2025-11-24 21:05:05] Synced coin: Wrapped SOL (sol)
[2025-11-24 21:05:05] Synced coin: Aptos (apt)
[2025-11-24 21:05:05] Synced coin: HTX DAO (htx)
[2025-11-24 21:05:05] Synced coin: Pump.fun (pump)
[2025-11-24 21:05:05] Synced coin: Ondo (ondo)
[2025-11-24 21:05:05] Synced coin: KuCoin (kcs)
[2025-11-24 21:05:05] Synced coin: Worldcoin (wld)
[2025-11-24 21:05:05] Synced coin: POL (ex-MATIC) (pol)
[2025-11-24 21:05:05] Synced coin: PAX Gold (paxg)
[2025-11-24 21:05:05] Synced coin: USDtb (usdtb)
[2025-11-24 21:05:05] Synced coin: BFUSD (bfusd)
[2025-11-24 21:05:05] Synced coin: syrupUSDC (syrupusdc)
[2025-11-24 21:05:05] Synced coin: Binance Bridged USDC (BNB Smart Chain) (usdc)
[2025-11-24 21:05:05] Synced coin: Official Trump (trump)
[2025-11-24 21:05:05] Synced coin: Algorand (algo)
[2025-11-24 21:05:05] Synced coin: Provenance Blockchain (hash)
[2025-11-24 21:05:05] Synced coin: Rocket Pool ETH (reth)
[2025-11-24 21:05:05] Synced coin: Circle USYC (usyc)
[2025-11-24 21:05:05] Synced coin: Global Dollar (usdg)
[2025-11-24 21:05:05] Synced coin: Cosmos Hub (atom)
[2025-11-24 21:05:05] Synced coin: Gate (gt)
[2025-11-24 21:05:05] Synced coin: Filecoin (fil)
[2025-11-24 21:05:05] Synced coin: Ripple USD (rlusd)
[2025-11-24 21:05:05] Synced coin: Wrapped BNB (wbnb)
[2025-11-24 21:05:05] Synced coin: Arbitrum (arb)
[2025-11-24 21:05:05] Synced coin: Quant (qnt)
[2025-11-24 21:05:05] Synced coin: Binance Staked SOL (bnsol)
[2025-11-24 21:05:05] Synced coin: VeChain (vet)
[2025-11-24 21:05:05] Synced coin: Kaspa (kas)
[2025-11-24 21:05:05] Synced coin: Flare (flr)
[2025-11-24 21:05:05] Synced coin: Function FBTC (fbtc)
[2025-11-24 21:05:05] Synced coin: Kelp DAO Restaked ETH (rseth)
[2025-11-24 21:05:05] Synced coin: XDC Network (xdc)
[2025-11-24 21:05:05] Synced coin: Lombard Staked BTC (lbtc)
[2025-11-24 21:05:05] Sync completed successfully.
[2025-11-24 21:10:01] Synced coin: Bitcoin (btc)
[2025-11-24 21:10:01] Synced coin: Ethereum (eth)
[2025-11-24 21:10:01] Synced coin: Tether (usdt)
[2025-11-24 21:10:01] Synced coin: XRP (xrp)
[2025-11-24 21:10:01] Synced coin: BNB (bnb)
[2025-11-24 21:10:01] Synced coin: USDC (usdc)
[2025-11-24 21:10:01] Synced coin: Solana (sol)
[2025-11-24 21:10:01] Synced coin: TRON (trx)
[2025-11-24 21:10:01] Synced coin: Lido Staked Ether (steth)
[2025-11-24 21:10:01] Synced coin: Dogecoin (doge)
[2025-11-24 21:10:01] Synced coin: Cardano (ada)
[2025-11-24 21:10:01] Synced coin: Figure Heloc (figr_heloc)
[2025-11-24 21:10:01] Synced coin: WhiteBIT Coin (wbt)
[2025-11-24 21:10:01] Synced coin: Wrapped stETH (wsteth)
[2025-11-24 21:10:01] Synced coin: Bitcoin Cash (bch)
[2025-11-24 21:10:01] Synced coin: Wrapped Bitcoin (wbtc)
[2025-11-24 21:10:01] Synced coin: Wrapped Beacon ETH (wbeth)
[2025-11-24 21:10:01] Synced coin: USDS (usds)
[2025-11-24 21:10:01] Synced coin: Binance Bridged USDT (BNB Smart Chain) (bsc-usd)
[2025-11-24 21:10:01] Synced coin: Zcash (zec)
[2025-11-24 21:10:01] Synced coin: LEO Token (leo)
[2025-11-24 21:10:01] Synced coin: Chainlink (link)
[2025-11-24 21:10:01] Synced coin: Hyperliquid (hype)
[2025-11-24 21:10:01] Synced coin: Stellar (xlm)
[2025-11-24 21:10:01] Synced coin: WETH (weth)
[2025-11-24 21:10:01] Synced coin: Ethena USDe (usde)
[2025-11-24 21:10:01] Synced coin: Wrapped eETH (weeth)
[2025-11-24 21:10:01] Synced coin: Monero (xmr)
[2025-11-24 21:10:01] Synced coin: Coinbase Wrapped BTC (cbbtc)
[2025-11-24 21:10:01] Synced coin: Litecoin (ltc)
[2025-11-24 21:10:01] Synced coin: Hedera (hbar)
[2025-11-24 21:10:01] Synced coin: Avalanche (avax)
[2025-11-24 21:10:01] Synced coin: Sui (sui)
[2025-11-24 21:10:01] Synced coin: Shiba Inu (shib)
[2025-11-24 21:10:01] Synced coin: Dai (dai)
[2025-11-24 21:10:01] Synced coin: Ethena Staked USDe (susde)
[2025-11-24 21:10:01] Synced coin: World Liberty Financial (wlfi)
[2025-11-24 21:10:01] Synced coin: Cronos (cro)
[2025-11-24 21:10:01] Synced coin: USDT0 (usdt0)
[2025-11-24 21:10:01] Synced coin: sUSDS (susds)
[2025-11-24 21:10:01] Synced coin: Uniswap (uni)
[2025-11-24 21:10:01] Synced coin: Polkadot (dot)
[2025-11-24 21:10:01] Synced coin: Toncoin (ton)
[2025-11-24 21:10:01] Synced coin: PayPal USD (pyusd)
[2025-11-24 21:10:01] Synced coin: MemeCore (m)
[2025-11-24 21:10:01] Synced coin: Mantle (mnt)
[2025-11-24 21:10:01] Synced coin: Canton (cc)
[2025-11-24 21:10:01] Synced coin: Bittensor (tao)
[2025-11-24 21:10:01] Synced coin: USD1 (usd1)
[2025-11-24 21:10:01] Synced coin: Aave (aave)
[2025-11-24 21:10:01] Synced coin: Bitget Token (bgb)
[2025-11-24 21:10:01] Synced coin: NEAR Protocol (near)
[2025-11-24 21:10:01] Synced coin: BlackRock USD Institutional Digital Liquidity Fund (buidl)
[2025-11-24 21:10:01] Synced coin: Aster (aster)
[2025-11-24 21:10:01] Synced coin: Falcon USD (usdf)
[2025-11-24 21:10:01] Synced coin: OKB (okb)
[2025-11-24 21:10:01] Synced coin: Tether Gold (xaut)
[2025-11-24 21:10:01] Synced coin: Internet Computer (icp)
[2025-11-24 21:10:01] Synced coin: Ethereum Classic (etc)
[2025-11-24 21:10:01] Synced coin: Pi Network (pi)
[2025-11-24 21:10:01] Synced coin: Jito Staked SOL (jitosol)
[2025-11-24 21:10:01] Synced coin: Jupiter Perpetuals Liquidity Provider Token (jlp)
[2025-11-24 21:10:01] Synced coin: Ethena (ena)
[2025-11-24 21:10:01] Synced coin: Pepe (pepe)
[2025-11-24 21:10:01] Synced coin: Rain (rain)
[2025-11-24 21:10:01] Synced coin: Binance-Peg WETH (weth)
[2025-11-24 21:10:01] Synced coin: Wrapped SOL (sol)
[2025-11-24 21:10:01] Synced coin: Aptos (apt)
[2025-11-24 21:10:01] Synced coin: HTX DAO (htx)
[2025-11-24 21:10:01] Synced coin: Pump.fun (pump)
[2025-11-24 21:10:01] Synced coin: Ondo (ondo)
[2025-11-24 21:10:01] Synced coin: KuCoin (kcs)
[2025-11-24 21:10:01] Synced coin: Worldcoin (wld)
[2025-11-24 21:10:01] Synced coin: POL (ex-MATIC) (pol)
[2025-11-24 21:10:01] Synced coin: PAX Gold (paxg)
[2025-11-24 21:10:01] Synced coin: USDtb (usdtb)
[2025-11-24 21:10:01] Synced coin: BFUSD (bfusd)
[2025-11-24 21:10:01] Synced coin: syrupUSDC (syrupusdc)
[2025-11-24 21:10:01] Synced coin: Binance Bridged USDC (BNB Smart Chain) (usdc)
[2025-11-24 21:10:01] Synced coin: Official Trump (trump)
[2025-11-24 21:10:01] Synced coin: Algorand (algo)
[2025-11-24 21:10:01] Synced coin: Provenance Blockchain (hash)
[2025-11-24 21:10:01] Synced coin: Rocket Pool ETH (reth)
[2025-11-24 21:10:01] Synced coin: Circle USYC (usyc)
[2025-11-24 21:10:01] Synced coin: Global Dollar (usdg)
[2025-11-24 21:10:01] Synced coin: Cosmos Hub (atom)
[2025-11-24 21:10:01] Synced coin: Gate (gt)
[2025-11-24 21:10:01] Synced coin: Ripple USD (rlusd)
[2025-11-24 21:10:01] Synced coin: Filecoin (fil)
[2025-11-24 21:10:01] Synced coin: Wrapped BNB (wbnb)
[2025-11-24 21:10:01] Synced coin: Arbitrum (arb)
[2025-11-24 21:10:01] Synced coin: Quant (qnt)
[2025-11-24 21:10:01] Synced coin: Binance Staked SOL (bnsol)
[2025-11-24 21:10:01] Synced coin: VeChain (vet)
[2025-11-24 21:10:01] Synced coin: Kaspa (kas)
[2025-11-24 21:10:01] Synced coin: Flare (flr)
[2025-11-24 21:10:01] Synced coin: Function FBTC (fbtc)
[2025-11-24 21:10:01] Synced coin: Kelp DAO Restaked ETH (rseth)
[2025-11-24 21:10:01] Synced coin: XDC Network (xdc)
[2025-11-24 21:10:01] Synced coin: Lombard Staked BTC (lbtc)
[2025-11-24 21:10:01] Sync completed successfully.
[2025-11-24 21:15:03] Synced coin: Bitcoin (btc)
[2025-11-24 21:15:03] Synced coin: Ethereum (eth)
[2025-11-24 21:15:03] Synced coin: Tether (usdt)
[2025-11-24 21:15:03] Synced coin: XRP (xrp)
[2025-11-24 21:15:03] Synced coin: BNB (bnb)
[2025-11-24 21:15:03] Synced coin: USDC (usdc)
[2025-11-24 21:15:03] Synced coin: Solana (sol)
[2025-11-24 21:15:03] Synced coin: TRON (trx)
[2025-11-24 21:15:03] Synced coin: Lido Staked Ether (steth)
[2025-11-24 21:15:03] Synced coin: Dogecoin (doge)
[2025-11-24 21:15:03] Synced coin: Cardano (ada)
[2025-11-24 21:15:03] Synced coin: Figure Heloc (figr_heloc)
[2025-11-24 21:15:03] Synced coin: WhiteBIT Coin (wbt)
[2025-11-24 21:15:03] Synced coin: Wrapped stETH (wsteth)
[2025-11-24 21:15:03] Synced coin: Bitcoin Cash (bch)
[2025-11-24 21:15:03] Synced coin: Wrapped Bitcoin (wbtc)
[2025-11-24 21:15:03] Synced coin: Wrapped Beacon ETH (wbeth)
[2025-11-24 21:15:03] Synced coin: USDS (usds)
[2025-11-24 21:15:03] Synced coin: Binance Bridged USDT (BNB Smart Chain) (bsc-usd)
[2025-11-24 21:15:03] Synced coin: Zcash (zec)
[2025-11-24 21:15:03] Synced coin: LEO Token (leo)
[2025-11-24 21:15:03] Synced coin: Chainlink (link)
[2025-11-24 21:15:03] Synced coin: Hyperliquid (hype)
[2025-11-24 21:15:03] Synced coin: Stellar (xlm)
[2025-11-24 21:15:03] Synced coin: WETH (weth)
[2025-11-24 21:15:03] Synced coin: Ethena USDe (usde)
[2025-11-24 21:15:03] Synced coin: Monero (xmr)
[2025-11-24 21:15:03] Synced coin: Wrapped eETH (weeth)
[2025-11-24 21:15:03] Synced coin: Coinbase Wrapped BTC (cbbtc)
[2025-11-24 21:15:03] Synced coin: Litecoin (ltc)
[2025-11-24 21:15:03] Synced coin: Hedera (hbar)
[2025-11-24 21:15:03] Synced coin: Avalanche (avax)
[2025-11-24 21:15:03] Synced coin: Sui (sui)
[2025-11-24 21:15:03] Synced coin: Shiba Inu (shib)
[2025-11-24 21:15:03] Synced coin: Dai (dai)
[2025-11-24 21:15:03] Synced coin: Ethena Staked USDe (susde)
[2025-11-24 21:15:03] Synced coin: World Liberty Financial (wlfi)
[2025-11-24 21:15:03] Synced coin: Cronos (cro)
[2025-11-24 21:15:03] Synced coin: USDT0 (usdt0)
[2025-11-24 21:15:03] Synced coin: sUSDS (susds)
[2025-11-24 21:15:03] Synced coin: Uniswap (uni)
[2025-11-24 21:15:03] Synced coin: Polkadot (dot)
[2025-11-24 21:15:03] Synced coin: Toncoin (ton)
[2025-11-24 21:15:03] Synced coin: PayPal USD (pyusd)
[2025-11-24 21:15:03] Synced coin: MemeCore (m)
[2025-11-24 21:15:03] Synced coin: Mantle (mnt)
[2025-11-24 21:15:03] Synced coin: Canton (cc)
[2025-11-24 21:15:03] Synced coin: Bittensor (tao)
[2025-11-24 21:15:03] Synced coin: USD1 (usd1)
[2025-11-24 21:15:03] Synced coin: Aave (aave)
[2025-11-24 21:15:03] Synced coin: Bitget Token (bgb)
[2025-11-24 21:15:03] Synced coin: NEAR Protocol (near)
[2025-11-24 21:15:03] Synced coin: BlackRock USD Institutional Digital Liquidity Fund (buidl)
[2025-11-24 21:15:03] Synced coin: Aster (aster)
[2025-11-24 21:15:03] Synced coin: Falcon USD (usdf)
[2025-11-24 21:15:03] Synced coin: OKB (okb)
[2025-11-24 21:15:03] Synced coin: Tether Gold (xaut)
[2025-11-24 21:15:03] Synced coin: Internet Computer (icp)
[2025-11-24 21:15:03] Synced coin: Ethereum Classic (etc)
[2025-11-24 21:15:03] Synced coin: Pi Network (pi)
[2025-11-24 21:15:03] Synced coin: Jito Staked SOL (jitosol)
[2025-11-24 21:15:03] Synced coin: Jupiter Perpetuals Liquidity Provider Token (jlp)
[2025-11-24 21:15:03] Synced coin: Ethena (ena)
[2025-11-24 21:15:03] Synced coin: Pepe (pepe)
[2025-11-24 21:15:03] Synced coin: Rain (rain)
[2025-11-24 21:15:03] Synced coin: Binance-Peg WETH (weth)
[2025-11-24 21:15:03] Synced coin: Wrapped SOL (sol)
[2025-11-24 21:15:03] Synced coin: Aptos (apt)
[2025-11-24 21:15:03] Synced coin: HTX DAO (htx)
[2025-11-24 21:15:03] Synced coin: Pump.fun (pump)
[2025-11-24 21:15:03] Synced coin: Ondo (ondo)
[2025-11-24 21:15:03] Synced coin: KuCoin (kcs)
[2025-11-24 21:15:03] Synced coin: Worldcoin (wld)
[2025-11-24 21:15:03] Synced coin: POL (ex-MATIC) (pol)
[2025-11-24 21:15:03] Synced coin: PAX Gold (paxg)
[2025-11-24 21:15:03] Synced coin: USDtb (usdtb)
[2025-11-24 21:15:03] Synced coin: BFUSD (bfusd)
[2025-11-24 21:15:03] Synced coin: syrupUSDC (syrupusdc)
[2025-11-24 21:15:03] Synced coin: Binance Bridged USDC (BNB Smart Chain) (usdc)
[2025-11-24 21:15:03] Synced coin: Official Trump (trump)
[2025-11-24 21:15:03] Synced coin: Algorand (algo)
[2025-11-24 21:15:03] Synced coin: Provenance Blockchain (hash)
[2025-11-24 21:15:03] Synced coin: Rocket Pool ETH (reth)
[2025-11-24 21:15:03] Synced coin: Circle USYC (usyc)
[2025-11-24 21:15:03] Synced coin: Global Dollar (usdg)
[2025-11-24 21:15:03] Synced coin: Cosmos Hub (atom)
[2025-11-24 21:15:03] Synced coin: Gate (gt)
[2025-11-24 21:15:03] Synced coin: Ripple USD (rlusd)
[2025-11-24 21:15:03] Synced coin: Filecoin (fil)
[2025-11-24 21:15:03] Synced coin: Wrapped BNB (wbnb)
[2025-11-24 21:15:03] Synced coin: Arbitrum (arb)
[2025-11-24 21:15:03] Synced coin: Binance Staked SOL (bnsol)
[2025-11-24 21:15:03] Synced coin: Quant (qnt)
[2025-11-24 21:15:03] Synced coin: VeChain (vet)
[2025-11-24 21:15:03] Synced coin: Kaspa (kas)
[2025-11-24 21:15:03] Synced coin: Flare (flr)
[2025-11-24 21:15:03] Synced coin: Function FBTC (fbtc)
[2025-11-24 21:15:03] Synced coin: XDC Network (xdc)
[2025-11-24 21:15:03] Synced coin: Kelp DAO Restaked ETH (rseth)
[2025-11-24 21:15:03] Synced coin: Lombard Staked BTC (lbtc)
[2025-11-24 21:15:03] Sync completed successfully.
[2025-11-24 21:20:03] Synced coin: Bitcoin (btc)
[2025-11-24 21:20:03] Synced coin: Ethereum (eth)
[2025-11-24 21:20:03] Synced coin: Tether (usdt)
[2025-11-24 21:20:03] Synced coin: XRP (xrp)
[2025-11-24 21:20:03] Synced coin: BNB (bnb)
[2025-11-24 21:20:03] Synced coin: USDC (usdc)
[2025-11-24 21:20:03] Synced coin: Solana (sol)
[2025-11-24 21:20:03] Synced coin: TRON (trx)
[2025-11-24 21:20:03] Synced coin: Lido Staked Ether (steth)
[2025-11-24 21:20:03] Synced coin: Dogecoin (doge)
[2025-11-24 21:20:03] Synced coin: Cardano (ada)
[2025-11-24 21:20:03] Synced coin: Figure Heloc (figr_heloc)
[2025-11-24 21:20:03] Synced coin: WhiteBIT Coin (wbt)
[2025-11-24 21:20:03] Synced coin: Wrapped stETH (wsteth)
[2025-11-24 21:20:03] Synced coin: Bitcoin Cash (bch)
[2025-11-24 21:20:03] Synced coin: Wrapped Bitcoin (wbtc)
[2025-11-24 21:20:03] Synced coin: Wrapped Beacon ETH (wbeth)
[2025-11-24 21:20:03] Synced coin: USDS (usds)
[2025-11-24 21:20:03] Synced coin: Binance Bridged USDT (BNB Smart Chain) (bsc-usd)
[2025-11-24 21:20:03] Synced coin: Zcash (zec)
[2025-11-24 21:20:03] Synced coin: LEO Token (leo)
[2025-11-24 21:20:03] Synced coin: Chainlink (link)
[2025-11-24 21:20:03] Synced coin: Hyperliquid (hype)
[2025-11-24 21:20:03] Synced coin: Stellar (xlm)
[2025-11-24 21:20:03] Synced coin: WETH (weth)
[2025-11-24 21:20:03] Synced coin: Ethena USDe (usde)
[2025-11-24 21:20:03] Synced coin: Monero (xmr)
[2025-11-24 21:20:03] Synced coin: Wrapped eETH (weeth)
[2025-11-24 21:20:03] Synced coin: Coinbase Wrapped BTC (cbbtc)
[2025-11-24 21:20:03] Synced coin: Litecoin (ltc)
[2025-11-24 21:20:03] Synced coin: Hedera (hbar)
[2025-11-24 21:20:03] Synced coin: Avalanche (avax)
[2025-11-24 21:20:03] Synced coin: Sui (sui)
[2025-11-24 21:20:03] Synced coin: Shiba Inu (shib)
[2025-11-24 21:20:03] Synced coin: Dai (dai)
[2025-11-24 21:20:03] Synced coin: Ethena Staked USDe (susde)
[2025-11-24 21:20:03] Synced coin: World Liberty Financial (wlfi)
[2025-11-24 21:20:03] Synced coin: Cronos (cro)
[2025-11-24 21:20:03] Synced coin: USDT0 (usdt0)
[2025-11-24 21:20:03] Synced coin: sUSDS (susds)
[2025-11-24 21:20:03] Synced coin: Uniswap (uni)
[2025-11-24 21:20:03] Synced coin: Polkadot (dot)
[2025-11-24 21:20:03] Synced coin: Toncoin (ton)
[2025-11-24 21:20:03] Synced coin: PayPal USD (pyusd)
[2025-11-24 21:20:03] Synced coin: MemeCore (m)
[2025-11-24 21:20:03] Synced coin: Mantle (mnt)
[2025-11-24 21:20:03] Synced coin: Canton (cc)
[2025-11-24 21:20:03] Synced coin: Bittensor (tao)
[2025-11-24 21:20:03] Synced coin: USD1 (usd1)
[2025-11-24 21:20:03] Synced coin: Aave (aave)
[2025-11-24 21:20:03] Synced coin: Bitget Token (bgb)
[2025-11-24 21:20:03] Synced coin: NEAR Protocol (near)
[2025-11-24 21:20:03] Synced coin: BlackRock USD Institutional Digital Liquidity Fund (buidl)
[2025-11-24 21:20:03] Synced coin: Aster (aster)
[2025-11-24 21:20:03] Synced coin: Falcon USD (usdf)
[2025-11-24 21:20:03] Synced coin: OKB (okb)
[2025-11-24 21:20:03] Synced coin: Tether Gold (xaut)
[2025-11-24 21:20:03] Synced coin: Internet Computer (icp)
[2025-11-24 21:20:03] Synced coin: Ethereum Classic (etc)
[2025-11-24 21:20:03] Synced coin: Pi Network (pi)
[2025-11-24 21:20:03] Synced coin: Jito Staked SOL (jitosol)
[2025-11-24 21:20:03] Synced coin: Jupiter Perpetuals Liquidity Provider Token (jlp)
[2025-11-24 21:20:03] Synced coin: Ethena (ena)
[2025-11-24 21:20:03] Synced coin: Pepe (pepe)
[2025-11-24 21:20:03] Synced coin: Rain (rain)
[2025-11-24 21:20:03] Synced coin: Binance-Peg WETH (weth)
[2025-11-24 21:20:03] Synced coin: Wrapped SOL (sol)
[2025-11-24 21:20:03] Synced coin: Aptos (apt)
[2025-11-24 21:20:03] Synced coin: HTX DAO (htx)
[2025-11-24 21:20:03] Synced coin: Pump.fun (pump)
[2025-11-24 21:20:03] Synced coin: Ondo (ondo)
[2025-11-24 21:20:03] Synced coin: KuCoin (kcs)
[2025-11-24 21:20:03] Synced coin: Worldcoin (wld)
[2025-11-24 21:20:03] Synced coin: POL (ex-MATIC) (pol)
[2025-11-24 21:20:03] Synced coin: PAX Gold (paxg)
[2025-11-24 21:20:03] Synced coin: USDtb (usdtb)
[2025-11-24 21:20:03] Synced coin: BFUSD (bfusd)
[2025-11-24 21:20:03] Synced coin: syrupUSDC (syrupusdc)
[2025-11-24 21:20:03] Synced coin: Binance Bridged USDC (BNB Smart Chain) (usdc)
[2025-11-24 21:20:03] Synced coin: Official Trump (trump)
[2025-11-24 21:20:03] Synced coin: Algorand (algo)
[2025-11-24 21:20:03] Synced coin: Provenance Blockchain (hash)
[2025-11-24 21:20:03] Synced coin: Rocket Pool ETH (reth)
[2025-11-24 21:20:03] Synced coin: Circle USYC (usyc)
[2025-11-24 21:20:03] Synced coin: Global Dollar (usdg)
[2025-11-24 21:20:03] Synced coin: Cosmos Hub (atom)
[2025-11-24 21:20:03] Synced coin: Gate (gt)
[2025-11-24 21:20:03] Synced coin: Ripple USD (rlusd)
[2025-11-24 21:20:03] Synced coin: Filecoin (fil)
[2025-11-24 21:20:03] Synced coin: Wrapped BNB (wbnb)
[2025-11-24 21:20:03] Synced coin: Arbitrum (arb)
[2025-11-24 21:20:03] Synced coin: Binance Staked SOL (bnsol)
[2025-11-24 21:20:03] Synced coin: Quant (qnt)
[2025-11-24 21:20:03] Synced coin: VeChain (vet)
[2025-11-24 21:20:03] Synced coin: Kaspa (kas)
[2025-11-24 21:20:03] Synced coin: Flare (flr)
[2025-11-24 21:20:03] Synced coin: Function FBTC (fbtc)
[2025-11-24 21:20:03] Synced coin: XDC Network (xdc)
[2025-11-24 21:20:03] Synced coin: Kelp DAO Restaked ETH (rseth)
[2025-11-24 21:20:03] Synced coin: Lombard Staked BTC (lbtc)
[2025-11-24 21:20:03] Sync completed successfully.
[2025-11-24 21:25:03] Synced coin: Bitcoin (btc)
[2025-11-24 21:25:03] Synced coin: Ethereum (eth)
[2025-11-24 21:25:03] Synced coin: Tether (usdt)
[2025-11-24 21:25:03] Synced coin: XRP (xrp)
[2025-11-24 21:25:03] Synced coin: BNB (bnb)
[2025-11-24 21:25:03] Synced coin: USDC (usdc)
[2025-11-24 21:25:03] Synced coin: Solana (sol)
[2025-11-24 21:25:03] Synced coin: TRON (trx)
[2025-11-24 21:25:03] Synced coin: Lido Staked Ether (steth)
[2025-11-24 21:25:03] Synced coin: Dogecoin (doge)
[2025-11-24 21:25:03] Synced coin: Cardano (ada)
[2025-11-24 21:25:03] Synced coin: Figure Heloc (figr_heloc)
[2025-11-24 21:25:03] Synced coin: WhiteBIT Coin (wbt)
[2025-11-24 21:25:03] Synced coin: Wrapped stETH (wsteth)
[2025-11-24 21:25:03] Synced coin: Bitcoin Cash (bch)
[2025-11-24 21:25:03] Synced coin: Wrapped Bitcoin (wbtc)
[2025-11-24 21:25:03] Synced coin: Wrapped Beacon ETH (wbeth)
[2025-11-24 21:25:03] Synced coin: USDS (usds)
[2025-11-24 21:25:03] Synced coin: Binance Bridged USDT (BNB Smart Chain) (bsc-usd)
[2025-11-24 21:25:03] Synced coin: Zcash (zec)
[2025-11-24 21:25:03] Synced coin: LEO Token (leo)
[2025-11-24 21:25:03] Synced coin: Chainlink (link)
[2025-11-24 21:25:03] Synced coin: Hyperliquid (hype)
[2025-11-24 21:25:03] Synced coin: Stellar (xlm)
[2025-11-24 21:25:03] Synced coin: WETH (weth)
[2025-11-24 21:25:03] Synced coin: Ethena USDe (usde)
[2025-11-24 21:25:03] Synced coin: Monero (xmr)
[2025-11-24 21:25:03] Synced coin: Wrapped eETH (weeth)
[2025-11-24 21:25:03] Synced coin: Coinbase Wrapped BTC (cbbtc)
[2025-11-24 21:25:03] Synced coin: Litecoin (ltc)
[2025-11-24 21:25:03] Synced coin: Hedera (hbar)
[2025-11-24 21:25:03] Synced coin: Avalanche (avax)
[2025-11-24 21:25:03] Synced coin: Sui (sui)
[2025-11-24 21:25:03] Synced coin: Shiba Inu (shib)
[2025-11-24 21:25:03] Synced coin: Dai (dai)
[2025-11-24 21:25:03] Synced coin: Ethena Staked USDe (susde)
[2025-11-24 21:25:03] Synced coin: World Liberty Financial (wlfi)
[2025-11-24 21:25:03] Synced coin: Cronos (cro)
[2025-11-24 21:25:03] Synced coin: USDT0 (usdt0)
[2025-11-24 21:25:03] Synced coin: sUSDS (susds)
[2025-11-24 21:25:03] Synced coin: Uniswap (uni)
[2025-11-24 21:25:03] Synced coin: Polkadot (dot)
[2025-11-24 21:25:03] Synced coin: Toncoin (ton)
[2025-11-24 21:25:03] Synced coin: PayPal USD (pyusd)
[2025-11-24 21:25:03] Synced coin: MemeCore (m)
[2025-11-24 21:25:03] Synced coin: Mantle (mnt)
[2025-11-24 21:25:03] Synced coin: Canton (cc)
[2025-11-24 21:25:03] Synced coin: Bittensor (tao)
[2025-11-24 21:25:03] Synced coin: USD1 (usd1)
[2025-11-24 21:25:03] Synced coin: Aave (aave)
[2025-11-24 21:25:03] Synced coin: Bitget Token (bgb)
[2025-11-24 21:25:03] Synced coin: NEAR Protocol (near)
[2025-11-24 21:25:03] Synced coin: BlackRock USD Institutional Digital Liquidity Fund (buidl)
[2025-11-24 21:25:03] Synced coin: Aster (aster)
[2025-11-24 21:25:03] Synced coin: Falcon USD (usdf)
[2025-11-24 21:25:03] Synced coin: OKB (okb)
[2025-11-24 21:25:03] Synced coin: Tether Gold (xaut)
[2025-11-24 21:25:03] Synced coin: Internet Computer (icp)
[2025-11-24 21:25:03] Synced coin: Ethereum Classic (etc)
[2025-11-24 21:25:03] Synced coin: Pi Network (pi)
[2025-11-24 21:25:03] Synced coin: Jito Staked SOL (jitosol)
[2025-11-24 21:25:03] Synced coin: Jupiter Perpetuals Liquidity Provider Token (jlp)
[2025-11-24 21:25:03] Synced coin: Ethena (ena)
[2025-11-24 21:25:03] Synced coin: Pepe (pepe)
[2025-11-24 21:25:03] Synced coin: Binance-Peg WETH (weth)
[2025-11-24 21:25:03] Synced coin: Rain (rain)
[2025-11-24 21:25:03] Synced coin: Wrapped SOL (sol)
[2025-11-24 21:25:03] Synced coin: Aptos (apt)
[2025-11-24 21:25:03] Synced coin: HTX DAO (htx)
[2025-11-24 21:25:03] Synced coin: Pump.fun (pump)
[2025-11-24 21:25:03] Synced coin: Ondo (ondo)
[2025-11-24 21:25:03] Synced coin: KuCoin (kcs)
[2025-11-24 21:25:03] Synced coin: Worldcoin (wld)
[2025-11-24 21:25:03] Synced coin: POL (ex-MATIC) (pol)
[2025-11-24 21:25:03] Synced coin: PAX Gold (paxg)
[2025-11-24 21:25:03] Synced coin: USDtb (usdtb)
[2025-11-24 21:25:03] Synced coin: BFUSD (bfusd)
[2025-11-24 21:25:03] Synced coin: syrupUSDC (syrupusdc)
[2025-11-24 21:25:03] Synced coin: Binance Bridged USDC (BNB Smart Chain) (usdc)
[2025-11-24 21:25:03] Synced coin: Official Trump (trump)
[2025-11-24 21:25:03] Synced coin: Algorand (algo)
[2025-11-24 21:25:03] Synced coin: Provenance Blockchain (hash)
[2025-11-24 21:25:03] Synced coin: Rocket Pool ETH (reth)
[2025-11-24 21:25:03] Synced coin: Circle USYC (usyc)
[2025-11-24 21:25:03] Synced coin: Global Dollar (usdg)
[2025-11-24 21:25:03] Synced coin: Cosmos Hub (atom)
[2025-11-24 21:25:03] Synced coin: Gate (gt)
[2025-11-24 21:25:03] Synced coin: Ripple USD (rlusd)
[2025-11-24 21:25:03] Synced coin: Filecoin (fil)
[2025-11-24 21:25:03] Synced coin: Wrapped BNB (wbnb)
[2025-11-24 21:25:03] Synced coin: Arbitrum (arb)
[2025-11-24 21:25:03] Synced coin: Binance Staked SOL (bnsol)
[2025-11-24 21:25:03] Synced coin: Quant (qnt)
[2025-11-24 21:25:03] Synced coin: VeChain (vet)
[2025-11-24 21:25:03] Synced coin: Kaspa (kas)
[2025-11-24 21:25:03] Synced coin: Flare (flr)
[2025-11-24 21:25:03] Synced coin: Function FBTC (fbtc)
[2025-11-24 21:25:03] Synced coin: XDC Network (xdc)
[2025-11-24 21:25:03] Synced coin: Kelp DAO Restaked ETH (rseth)
[2025-11-24 21:25:03] Synced coin: Lombard Staked BTC (lbtc)
[2025-11-24 21:25:03] Sync completed successfully.
[2025-11-24 21:30:04] Synced coin: Bitcoin (btc)
[2025-11-24 21:30:04] Synced coin: Ethereum (eth)
[2025-11-24 21:30:04] Synced coin: Tether (usdt)
[2025-11-24 21:30:04] Synced coin: XRP (xrp)
[2025-11-24 21:30:04] Synced coin: BNB (bnb)
[2025-11-24 21:30:04] Synced coin: USDC (usdc)
[2025-11-24 21:30:04] Synced coin: Solana (sol)
[2025-11-24 21:30:04] Synced coin: TRON (trx)
[2025-11-24 21:30:04] Synced coin: Lido Staked Ether (steth)
[2025-11-24 21:30:04] Synced coin: Dogecoin (doge)
[2025-11-24 21:30:04] Synced coin: Cardano (ada)
[2025-11-24 21:30:04] Synced coin: Figure Heloc (figr_heloc)
[2025-11-24 21:30:04] Synced coin: WhiteBIT Coin (wbt)
[2025-11-24 21:30:04] Synced coin: Wrapped stETH (wsteth)
[2025-11-24 21:30:04] Synced coin: Bitcoin Cash (bch)
[2025-11-24 21:30:04] Synced coin: Wrapped Bitcoin (wbtc)
[2025-11-24 21:30:04] Synced coin: Wrapped Beacon ETH (wbeth)
[2025-11-24 21:30:04] Synced coin: USDS (usds)
[2025-11-24 21:30:04] Synced coin: Binance Bridged USDT (BNB Smart Chain) (bsc-usd)
[2025-11-24 21:30:04] Synced coin: Zcash (zec)
[2025-11-24 21:30:04] Synced coin: LEO Token (leo)
[2025-11-24 21:30:04] Synced coin: Chainlink (link)
[2025-11-24 21:30:04] Synced coin: Hyperliquid (hype)
[2025-11-24 21:30:04] Synced coin: Stellar (xlm)
[2025-11-24 21:30:04] Synced coin: WETH (weth)
[2025-11-24 21:30:04] Synced coin: Ethena USDe (usde)
[2025-11-24 21:30:04] Synced coin: Wrapped eETH (weeth)
[2025-11-24 21:30:04] Synced coin: Monero (xmr)
[2025-11-24 21:30:04] Synced coin: Coinbase Wrapped BTC (cbbtc)
[2025-11-24 21:30:04] Synced coin: Litecoin (ltc)
[2025-11-24 21:30:04] Synced coin: Hedera (hbar)
[2025-11-24 21:30:04] Synced coin: Avalanche (avax)
[2025-11-24 21:30:04] Synced coin: Sui (sui)
[2025-11-24 21:30:04] Synced coin: Shiba Inu (shib)
[2025-11-24 21:30:04] Synced coin: Dai (dai)
[2025-11-24 21:30:04] Synced coin: Ethena Staked USDe (susde)
[2025-11-24 21:30:04] Synced coin: World Liberty Financial (wlfi)
[2025-11-24 21:30:04] Synced coin: Cronos (cro)
[2025-11-24 21:30:04] Synced coin: USDT0 (usdt0)
[2025-11-24 21:30:04] Synced coin: sUSDS (susds)
[2025-11-24 21:30:04] Synced coin: Uniswap (uni)
[2025-11-24 21:30:04] Synced coin: Polkadot (dot)
[2025-11-24 21:30:04] Synced coin: Toncoin (ton)
[2025-11-24 21:30:04] Synced coin: PayPal USD (pyusd)
[2025-11-24 21:30:04] Synced coin: MemeCore (m)
[2025-11-24 21:30:04] Synced coin: Mantle (mnt)
[2025-11-24 21:30:04] Synced coin: Canton (cc)
[2025-11-24 21:30:04] Synced coin: Bittensor (tao)
[2025-11-24 21:30:04] Synced coin: USD1 (usd1)
[2025-11-24 21:30:04] Synced coin: Aave (aave)
[2025-11-24 21:30:04] Synced coin: Bitget Token (bgb)
[2025-11-24 21:30:04] Synced coin: NEAR Protocol (near)
[2025-11-24 21:30:04] Synced coin: BlackRock USD Institutional Digital Liquidity Fund (buidl)
[2025-11-24 21:30:04] Synced coin: Aster (aster)
[2025-11-24 21:30:04] Synced coin: Falcon USD (usdf)
[2025-11-24 21:30:04] Synced coin: OKB (okb)
[2025-11-24 21:30:04] Synced coin: Tether Gold (xaut)
[2025-11-24 21:30:04] Synced coin: Internet Computer (icp)
[2025-11-24 21:30:04] Synced coin: Ethereum Classic (etc)
[2025-11-24 21:30:04] Synced coin: Pi Network (pi)
[2025-11-24 21:30:04] Synced coin: Jito Staked SOL (jitosol)
[2025-11-24 21:30:04] Synced coin: Jupiter Perpetuals Liquidity Provider Token (jlp)
[2025-11-24 21:30:04] Synced coin: Ethena (ena)
[2025-11-24 21:30:04] Synced coin: Pepe (pepe)
[2025-11-24 21:30:04] Synced coin: Binance-Peg WETH (weth)
[2025-11-24 21:30:04] Synced coin: Rain (rain)
[2025-11-24 21:30:04] Synced coin: Wrapped SOL (sol)
[2025-11-24 21:30:04] Synced coin: Aptos (apt)
[2025-11-24 21:30:04] Synced coin: HTX DAO (htx)
[2025-11-24 21:30:04] Synced coin: Pump.fun (pump)
[2025-11-24 21:30:04] Synced coin: Ondo (ondo)
[2025-11-24 21:30:04] Synced coin: KuCoin (kcs)
[2025-11-24 21:30:04] Synced coin: Worldcoin (wld)
[2025-11-24 21:30:04] Synced coin: POL (ex-MATIC) (pol)
[2025-11-24 21:30:04] Synced coin: PAX Gold (paxg)
[2025-11-24 21:30:04] Synced coin: USDtb (usdtb)
[2025-11-24 21:30:04] Synced coin: BFUSD (bfusd)
[2025-11-24 21:30:04] Synced coin: syrupUSDC (syrupusdc)
[2025-11-24 21:30:04] Synced coin: Binance Bridged USDC (BNB Smart Chain) (usdc)
[2025-11-24 21:30:04] Synced coin: Official Trump (trump)
[2025-11-24 21:30:04] Synced coin: Algorand (algo)
[2025-11-24 21:30:04] Synced coin: Provenance Blockchain (hash)
[2025-11-24 21:30:04] Synced coin: Rocket Pool ETH (reth)
[2025-11-24 21:30:04] Synced coin: Circle USYC (usyc)
[2025-11-24 21:30:04] Synced coin: Global Dollar (usdg)
[2025-11-24 21:30:04] Synced coin: Ripple USD (rlusd)
[2025-11-24 21:30:04] Synced coin: Gate (gt)
[2025-11-24 21:30:04] Synced coin: Cosmos Hub (atom)
[2025-11-24 21:30:04] Synced coin: Filecoin (fil)
[2025-11-24 21:30:04] Synced coin: Wrapped BNB (wbnb)
[2025-11-24 21:30:04] Synced coin: Arbitrum (arb)
[2025-11-24 21:30:04] Synced coin: Binance Staked SOL (bnsol)
[2025-11-24 21:30:04] Synced coin: Quant (qnt)
[2025-11-24 21:30:04] Synced coin: VeChain (vet)
[2025-11-24 21:30:04] Synced coin: Kaspa (kas)
[2025-11-24 21:30:04] Synced coin: Flare (flr)
[2025-11-24 21:30:04] Synced coin: Function FBTC (fbtc)
[2025-11-24 21:30:04] Synced coin: XDC Network (xdc)
[2025-11-24 21:30:04] Synced coin: Kelp DAO Restaked ETH (rseth)
[2025-11-24 21:30:04] Synced coin: Lombard Staked BTC (lbtc)
[2025-11-24 21:30:04] Sync completed successfully.
[2025-11-24 21:35:03] Synced coin: Bitcoin (btc)
[2025-11-24 21:35:03] Synced coin: Ethereum (eth)
[2025-11-24 21:35:03] Synced coin: Tether (usdt)
[2025-11-24 21:35:03] Synced coin: XRP (xrp)
[2025-11-24 21:35:03] Synced coin: BNB (bnb)
[2025-11-24 21:35:03] Synced coin: USDC (usdc)
[2025-11-24 21:35:03] Synced coin: Solana (sol)
[2025-11-24 21:35:03] Synced coin: TRON (trx)
[2025-11-24 21:35:03] Synced coin: Lido Staked Ether (steth)
[2025-11-24 21:35:03] Synced coin: Dogecoin (doge)
[2025-11-24 21:35:03] Synced coin: Cardano (ada)
[2025-11-24 21:35:03] Synced coin: Figure Heloc (figr_heloc)
[2025-11-24 21:35:03] Synced coin: WhiteBIT Coin (wbt)
[2025-11-24 21:35:03] Synced coin: Wrapped stETH (wsteth)
[2025-11-24 21:35:03] Synced coin: Bitcoin Cash (bch)
[2025-11-24 21:35:03] Synced coin: Wrapped Bitcoin (wbtc)
[2025-11-24 21:35:03] Synced coin: Wrapped Beacon ETH (wbeth)
[2025-11-24 21:35:03] Synced coin: USDS (usds)
[2025-11-24 21:35:03] Synced coin: Binance Bridged USDT (BNB Smart Chain) (bsc-usd)
[2025-11-24 21:35:03] Synced coin: Zcash (zec)
[2025-11-24 21:35:03] Synced coin: LEO Token (leo)
[2025-11-24 21:35:03] Synced coin: Chainlink (link)
[2025-11-24 21:35:03] Synced coin: Hyperliquid (hype)
[2025-11-24 21:35:03] Synced coin: Stellar (xlm)
[2025-11-24 21:35:03] Synced coin: WETH (weth)
[2025-11-24 21:35:03] Synced coin: Ethena USDe (usde)
[2025-11-24 21:35:03] Synced coin: Wrapped eETH (weeth)
[2025-11-24 21:35:03] Synced coin: Monero (xmr)
[2025-11-24 21:35:03] Synced coin: Coinbase Wrapped BTC (cbbtc)
[2025-11-24 21:35:03] Synced coin: Litecoin (ltc)
[2025-11-24 21:35:03] Synced coin: Hedera (hbar)
[2025-11-24 21:35:03] Synced coin: Avalanche (avax)
[2025-11-24 21:35:03] Synced coin: Sui (sui)
[2025-11-24 21:35:03] Synced coin: Shiba Inu (shib)
[2025-11-24 21:35:03] Synced coin: Dai (dai)
[2025-11-24 21:35:03] Synced coin: Ethena Staked USDe (susde)
[2025-11-24 21:35:03] Synced coin: World Liberty Financial (wlfi)
[2025-11-24 21:35:03] Synced coin: Cronos (cro)
[2025-11-24 21:35:03] Synced coin: USDT0 (usdt0)
[2025-11-24 21:35:03] Synced coin: sUSDS (susds)
[2025-11-24 21:35:03] Synced coin: Uniswap (uni)
[2025-11-24 21:35:03] Synced coin: Polkadot (dot)
[2025-11-24 21:35:03] Synced coin: Toncoin (ton)
[2025-11-24 21:35:03] Synced coin: PayPal USD (pyusd)
[2025-11-24 21:35:03] Synced coin: MemeCore (m)
[2025-11-24 21:35:03] Synced coin: Mantle (mnt)
[2025-11-24 21:35:03] Synced coin: Canton (cc)
[2025-11-24 21:35:03] Synced coin: Bittensor (tao)
[2025-11-24 21:35:03] Synced coin: USD1 (usd1)
[2025-11-24 21:35:03] Synced coin: Aave (aave)
[2025-11-24 21:35:03] Synced coin: Bitget Token (bgb)
[2025-11-24 21:35:03] Synced coin: NEAR Protocol (near)
[2025-11-24 21:35:03] Synced coin: BlackRock USD Institutional Digital Liquidity Fund (buidl)
[2025-11-24 21:35:03] Synced coin: Aster (aster)
[2025-11-24 21:35:03] Synced coin: Falcon USD (usdf)
[2025-11-24 21:35:03] Synced coin: OKB (okb)
[2025-11-24 21:35:03] Synced coin: Tether Gold (xaut)
[2025-11-24 21:35:03] Synced coin: Internet Computer (icp)
[2025-11-24 21:35:03] Synced coin: Ethereum Classic (etc)
[2025-11-24 21:35:03] Synced coin: Pi Network (pi)
[2025-11-24 21:35:03] Synced coin: Jito Staked SOL (jitosol)
[2025-11-24 21:35:03] Synced coin: Jupiter Perpetuals Liquidity Provider Token (jlp)
[2025-11-24 21:35:03] Synced coin: Ethena (ena)
[2025-11-24 21:35:03] Synced coin: Pepe (pepe)
[2025-11-24 21:35:03] Synced coin: Binance-Peg WETH (weth)
[2025-11-24 21:35:03] Synced coin: Wrapped SOL (sol)
[2025-11-24 21:35:03] Synced coin: Aptos (apt)
[2025-11-24 21:35:03] Synced coin: Rain (rain)
[2025-11-24 21:35:03] Synced coin: HTX DAO (htx)
[2025-11-24 21:35:03] Synced coin: Pump.fun (pump)
[2025-11-24 21:35:03] Synced coin: Ondo (ondo)
[2025-11-24 21:35:03] Synced coin: KuCoin (kcs)
[2025-11-24 21:35:03] Synced coin: Worldcoin (wld)
[2025-11-24 21:35:03] Synced coin: POL (ex-MATIC) (pol)
[2025-11-24 21:35:03] Synced coin: PAX Gold (paxg)
[2025-11-24 21:35:03] Synced coin: USDtb (usdtb)
[2025-11-24 21:35:03] Synced coin: BFUSD (bfusd)
[2025-11-24 21:35:03] Synced coin: syrupUSDC (syrupusdc)
[2025-11-24 21:35:03] Synced coin: Binance Bridged USDC (BNB Smart Chain) (usdc)
[2025-11-24 21:35:03] Synced coin: Official Trump (trump)
[2025-11-24 21:35:03] Synced coin: Algorand (algo)
[2025-11-24 21:35:03] Synced coin: Provenance Blockchain (hash)
[2025-11-24 21:35:03] Synced coin: Rocket Pool ETH (reth)
[2025-11-24 21:35:03] Synced coin: Circle USYC (usyc)
[2025-11-24 21:35:03] Synced coin: Global Dollar (usdg)
[2025-11-24 21:35:03] Synced coin: Ripple USD (rlusd)
[2025-11-24 21:35:03] Synced coin: Gate (gt)
[2025-11-24 21:35:03] Synced coin: Filecoin (fil)
[2025-11-24 21:35:03] Synced coin: Cosmos Hub (atom)
[2025-11-24 21:35:03] Synced coin: Wrapped BNB (wbnb)
[2025-11-24 21:35:03] Synced coin: Arbitrum (arb)
[2025-11-24 21:35:03] Synced coin: Binance Staked SOL (bnsol)
[2025-11-24 21:35:03] Synced coin: Quant (qnt)
[2025-11-24 21:35:03] Synced coin: VeChain (vet)
[2025-11-24 21:35:03] Synced coin: Kaspa (kas)
[2025-11-24 21:35:03] Synced coin: Flare (flr)
[2025-11-24 21:35:03] Synced coin: Function FBTC (fbtc)
[2025-11-24 21:35:03] Synced coin: XDC Network (xdc)
[2025-11-24 21:35:03] Synced coin: Kelp DAO Restaked ETH (rseth)
[2025-11-24 21:35:03] Synced coin: Lombard Staked BTC (lbtc)
[2025-11-24 21:35:03] Sync completed successfully.
[2025-11-24 21:40:03] Synced coin: Bitcoin (btc)
[2025-11-24 21:40:03] Synced coin: Ethereum (eth)
[2025-11-24 21:40:03] Synced coin: Tether (usdt)
[2025-11-24 21:40:03] Synced coin: XRP (xrp)
[2025-11-24 21:40:03] Synced coin: BNB (bnb)
[2025-11-24 21:40:03] Synced coin: USDC (usdc)
[2025-11-24 21:40:03] Synced coin: Solana (sol)
[2025-11-24 21:40:03] Synced coin: TRON (trx)
[2025-11-24 21:40:03] Synced coin: Lido Staked Ether (steth)
[2025-11-24 21:40:03] Synced coin: Dogecoin (doge)
[2025-11-24 21:40:03] Synced coin: Cardano (ada)
[2025-11-24 21:40:03] Synced coin: Figure Heloc (figr_heloc)
[2025-11-24 21:40:03] Synced coin: WhiteBIT Coin (wbt)
[2025-11-24 21:40:03] Synced coin: Wrapped stETH (wsteth)
[2025-11-24 21:40:03] Synced coin: Bitcoin Cash (bch)
[2025-11-24 21:40:03] Synced coin: Wrapped Bitcoin (wbtc)
[2025-11-24 21:40:03] Synced coin: Wrapped Beacon ETH (wbeth)
[2025-11-24 21:40:03] Synced coin: USDS (usds)
[2025-11-24 21:40:03] Synced coin: Binance Bridged USDT (BNB Smart Chain) (bsc-usd)
[2025-11-24 21:40:03] Synced coin: Zcash (zec)
[2025-11-24 21:40:03] Synced coin: LEO Token (leo)
[2025-11-24 21:40:03] Synced coin: Chainlink (link)
[2025-11-24 21:40:03] Synced coin: Hyperliquid (hype)
[2025-11-24 21:40:03] Synced coin: Stellar (xlm)
[2025-11-24 21:40:03] Synced coin: WETH (weth)
[2025-11-24 21:40:03] Synced coin: Ethena USDe (usde)
[2025-11-24 21:40:03] Synced coin: Wrapped eETH (weeth)
[2025-11-24 21:40:03] Synced coin: Monero (xmr)
[2025-11-24 21:40:03] Synced coin: Coinbase Wrapped BTC (cbbtc)
[2025-11-24 21:40:03] Synced coin: Litecoin (ltc)
[2025-11-24 21:40:03] Synced coin: Hedera (hbar)
[2025-11-24 21:40:03] Synced coin: Avalanche (avax)
[2025-11-24 21:40:03] Synced coin: Sui (sui)
[2025-11-24 21:40:03] Synced coin: Shiba Inu (shib)
[2025-11-24 21:40:03] Synced coin: Dai (dai)
[2025-11-24 21:40:03] Synced coin: Ethena Staked USDe (susde)
[2025-11-24 21:40:03] Synced coin: World Liberty Financial (wlfi)
[2025-11-24 21:40:03] Synced coin: Cronos (cro)
[2025-11-24 21:40:03] Synced coin: USDT0 (usdt0)
[2025-11-24 21:40:03] Synced coin: Uniswap (uni)
[2025-11-24 21:40:03] Synced coin: sUSDS (susds)
[2025-11-24 21:40:03] Synced coin: Polkadot (dot)
[2025-11-24 21:40:03] Synced coin: Toncoin (ton)
[2025-11-24 21:40:03] Synced coin: PayPal USD (pyusd)
[2025-11-24 21:40:03] Synced coin: MemeCore (m)
[2025-11-24 21:40:03] Synced coin: Mantle (mnt)
[2025-11-24 21:40:03] Synced coin: Canton (cc)
[2025-11-24 21:40:03] Synced coin: Bittensor (tao)
[2025-11-24 21:40:03] Synced coin: USD1 (usd1)
[2025-11-24 21:40:03] Synced coin: Aave (aave)
[2025-11-24 21:40:03] Synced coin: Bitget Token (bgb)
[2025-11-24 21:40:03] Synced coin: NEAR Protocol (near)
[2025-11-24 21:40:03] Synced coin: BlackRock USD Institutional Digital Liquidity Fund (buidl)
[2025-11-24 21:40:03] Synced coin: Aster (aster)
[2025-11-24 21:40:03] Synced coin: Falcon USD (usdf)
[2025-11-24 21:40:03] Synced coin: OKB (okb)
[2025-11-24 21:40:03] Synced coin: Internet Computer (icp)
[2025-11-24 21:40:03] Synced coin: Tether Gold (xaut)
[2025-11-24 21:40:03] Synced coin: Ethereum Classic (etc)
[2025-11-24 21:40:03] Synced coin: Pi Network (pi)
[2025-11-24 21:40:03] Synced coin: Jito Staked SOL (jitosol)
[2025-11-24 21:40:03] Synced coin: Jupiter Perpetuals Liquidity Provider Token (jlp)
[2025-11-24 21:40:03] Synced coin: Ethena (ena)
[2025-11-24 21:40:03] Synced coin: Pepe (pepe)
[2025-11-24 21:40:03] Synced coin: Binance-Peg WETH (weth)
[2025-11-24 21:40:03] Synced coin: Aptos (apt)
[2025-11-24 21:40:03] Synced coin: Wrapped SOL (sol)
[2025-11-24 21:40:03] Synced coin: Rain (rain)
[2025-11-24 21:40:03] Synced coin: HTX DAO (htx)
[2025-11-24 21:40:03] Synced coin: Pump.fun (pump)
[2025-11-24 21:40:03] Synced coin: Ondo (ondo)
[2025-11-24 21:40:03] Synced coin: KuCoin (kcs)
[2025-11-24 21:40:03] Synced coin: Worldcoin (wld)
[2025-11-24 21:40:03] Synced coin: POL (ex-MATIC) (pol)
[2025-11-24 21:40:03] Synced coin: PAX Gold (paxg)
[2025-11-24 21:40:03] Synced coin: USDtb (usdtb)
[2025-11-24 21:40:03] Synced coin: BFUSD (bfusd)
[2025-11-24 21:40:03] Synced coin: syrupUSDC (syrupusdc)
[2025-11-24 21:40:03] Synced coin: Binance Bridged USDC (BNB Smart Chain) (usdc)
[2025-11-24 21:40:03] Synced coin: Algorand (algo)
[2025-11-24 21:40:03] Synced coin: Official Trump (trump)
[2025-11-24 21:40:03] Synced coin: Provenance Blockchain (hash)
[2025-11-24 21:40:03] Synced coin: Rocket Pool ETH (reth)
[2025-11-24 21:40:03] Synced coin: Circle USYC (usyc)
[2025-11-24 21:40:03] Synced coin: Global Dollar (usdg)
[2025-11-24 21:40:03] Synced coin: Filecoin (fil)
[2025-11-24 21:40:03] Synced coin: Cosmos Hub (atom)
[2025-11-24 21:40:03] Synced coin: Gate (gt)
[2025-11-24 21:40:03] Synced coin: Wrapped BNB (wbnb)
[2025-11-24 21:40:03] Synced coin: Ripple USD (rlusd)
[2025-11-24 21:40:03] Synced coin: Arbitrum (arb)
[2025-11-24 21:40:03] Synced coin: Binance Staked SOL (bnsol)
[2025-11-24 21:40:03] Synced coin: Quant (qnt)
[2025-11-24 21:40:03] Synced coin: VeChain (vet)
[2025-11-24 21:40:03] Synced coin: Kaspa (kas)
[2025-11-24 21:40:03] Synced coin: Flare (flr)
[2025-11-24 21:40:03] Synced coin: Function FBTC (fbtc)
[2025-11-24 21:40:03] Synced coin: Kelp DAO Restaked ETH (rseth)
[2025-11-24 21:40:03] Synced coin: Lombard Staked BTC (lbtc)
[2025-11-24 21:40:03] Synced coin: XDC Network (xdc)
[2025-11-24 21:40:03] Sync completed successfully.
[2025-11-24 21:45:02] Synced coin: Bitcoin (btc)
[2025-11-24 21:45:02] Synced coin: Ethereum (eth)
[2025-11-24 21:45:02] Synced coin: Tether (usdt)
[2025-11-24 21:45:02] Synced coin: XRP (xrp)
[2025-11-24 21:45:02] Synced coin: BNB (bnb)
[2025-11-24 21:45:02] Synced coin: USDC (usdc)
[2025-11-24 21:45:02] Synced coin: Solana (sol)
[2025-11-24 21:45:02] Synced coin: TRON (trx)
[2025-11-24 21:45:02] Synced coin: Lido Staked Ether (steth)
[2025-11-24 21:45:02] Synced coin: Dogecoin (doge)
[2025-11-24 21:45:02] Synced coin: Cardano (ada)
[2025-11-24 21:45:02] Synced coin: Figure Heloc (figr_heloc)
[2025-11-24 21:45:02] Synced coin: WhiteBIT Coin (wbt)
[2025-11-24 21:45:02] Synced coin: Wrapped stETH (wsteth)
[2025-11-24 21:45:02] Synced coin: Bitcoin Cash (bch)
[2025-11-24 21:45:02] Synced coin: Wrapped Bitcoin (wbtc)
[2025-11-24 21:45:02] Synced coin: Wrapped Beacon ETH (wbeth)
[2025-11-24 21:45:02] Synced coin: USDS (usds)
[2025-11-24 21:45:02] Synced coin: Zcash (zec)
[2025-11-24 21:45:02] Synced coin: Binance Bridged USDT (BNB Smart Chain) (bsc-usd)
[2025-11-24 21:45:02] Synced coin: LEO Token (leo)
[2025-11-24 21:45:02] Synced coin: Chainlink (link)
[2025-11-24 21:45:02] Synced coin: Hyperliquid (hype)
[2025-11-24 21:45:02] Synced coin: Stellar (xlm)
[2025-11-24 21:45:02] Synced coin: WETH (weth)
[2025-11-24 21:45:02] Synced coin: Ethena USDe (usde)
[2025-11-24 21:45:02] Synced coin: Wrapped eETH (weeth)
[2025-11-24 21:45:02] Synced coin: Monero (xmr)
[2025-11-24 21:45:02] Synced coin: Litecoin (ltc)
[2025-11-24 21:45:02] Synced coin: Coinbase Wrapped BTC (cbbtc)
[2025-11-24 21:45:02] Synced coin: Hedera (hbar)
[2025-11-24 21:45:02] Synced coin: Avalanche (avax)
[2025-11-24 21:45:02] Synced coin: Sui (sui)
[2025-11-24 21:45:02] Synced coin: Shiba Inu (shib)
[2025-11-24 21:45:02] Synced coin: Dai (dai)
[2025-11-24 21:45:02] Synced coin: Ethena Staked USDe (susde)
[2025-11-24 21:45:02] Synced coin: World Liberty Financial (wlfi)
[2025-11-24 21:45:02] Synced coin: Cronos (cro)
[2025-11-24 21:45:02] Synced coin: USDT0 (usdt0)
[2025-11-24 21:45:02] Synced coin: Uniswap (uni)
[2025-11-24 21:45:02] Synced coin: sUSDS (susds)
[2025-11-24 21:45:02] Synced coin: Polkadot (dot)
[2025-11-24 21:45:02] Synced coin: Toncoin (ton)
[2025-11-24 21:45:02] Synced coin: PayPal USD (pyusd)
[2025-11-24 21:45:02] Synced coin: MemeCore (m)
[2025-11-24 21:45:02] Synced coin: Mantle (mnt)
[2025-11-24 21:45:02] Synced coin: Canton (cc)
[2025-11-24 21:45:02] Synced coin: Bittensor (tao)
[2025-11-24 21:45:02] Synced coin: USD1 (usd1)
[2025-11-24 21:45:02] Synced coin: Aave (aave)
[2025-11-24 21:45:02] Synced coin: Bitget Token (bgb)
[2025-11-24 21:45:02] Synced coin: NEAR Protocol (near)
[2025-11-24 21:45:02] Synced coin: BlackRock USD Institutional Digital Liquidity Fund (buidl)
[2025-11-24 21:45:02] Synced coin: Aster (aster)
[2025-11-24 21:45:02] Synced coin: OKB (okb)
[2025-11-24 21:45:02] Synced coin: Falcon USD (usdf)
[2025-11-24 21:45:02] Synced coin: Internet Computer (icp)
[2025-11-24 21:45:02] Synced coin: Tether Gold (xaut)
[2025-11-24 21:45:02] Synced coin: Ethereum Classic (etc)
[2025-11-24 21:45:02] Synced coin: Pi Network (pi)
[2025-11-24 21:45:02] Synced coin: Jito Staked SOL (jitosol)
[2025-11-24 21:45:02] Synced coin: Ethena (ena)
[2025-11-24 21:45:02] Synced coin: Jupiter Perpetuals Liquidity Provider Token (jlp)
[2025-11-24 21:45:02] Synced coin: Pepe (pepe)
[2025-11-24 21:45:02] Synced coin: Binance-Peg WETH (weth)
[2025-11-24 21:45:02] Synced coin: Wrapped SOL (sol)
[2025-11-24 21:45:02] Synced coin: Aptos (apt)
[2025-11-24 21:45:02] Synced coin: Rain (rain)
[2025-11-24 21:45:02] Synced coin: HTX DAO (htx)
[2025-11-24 21:45:02] Synced coin: Pump.fun (pump)
[2025-11-24 21:45:02] Synced coin: Ondo (ondo)
[2025-11-24 21:45:02] Synced coin: KuCoin (kcs)
[2025-11-24 21:45:02] Synced coin: Worldcoin (wld)
[2025-11-24 21:45:02] Synced coin: POL (ex-MATIC) (pol)
[2025-11-24 21:45:02] Synced coin: PAX Gold (paxg)
[2025-11-24 21:45:02] Synced coin: USDtb (usdtb)
[2025-11-24 21:45:02] Synced coin: BFUSD (bfusd)
[2025-11-24 21:45:02] Synced coin: syrupUSDC (syrupusdc)
[2025-11-24 21:45:02] Synced coin: Binance Bridged USDC (BNB Smart Chain) (usdc)
[2025-11-24 21:45:02] Synced coin: Algorand (algo)
[2025-11-24 21:45:02] Synced coin: Official Trump (trump)
[2025-11-24 21:45:02] Synced coin: Provenance Blockchain (hash)
[2025-11-24 21:45:02] Synced coin: Rocket Pool ETH (reth)
[2025-11-24 21:45:02] Synced coin: Circle USYC (usyc)
[2025-11-24 21:45:02] Synced coin: Global Dollar (usdg)
[2025-11-24 21:45:02] Synced coin: Filecoin (fil)
[2025-11-24 21:45:02] Synced coin: Gate (gt)
[2025-11-24 21:45:02] Synced coin: Cosmos Hub (atom)
[2025-11-24 21:45:02] Synced coin: Ripple USD (rlusd)
[2025-11-24 21:45:02] Synced coin: Wrapped BNB (wbnb)
[2025-11-24 21:45:02] Synced coin: Arbitrum (arb)
[2025-11-24 21:45:02] Synced coin: Quant (qnt)
[2025-11-24 21:45:02] Synced coin: Binance Staked SOL (bnsol)
[2025-11-24 21:45:02] Synced coin: VeChain (vet)
[2025-11-24 21:45:02] Synced coin: Kaspa (kas)
[2025-11-24 21:45:02] Synced coin: Flare (flr)
[2025-11-24 21:45:02] Synced coin: Function FBTC (fbtc)
[2025-11-24 21:45:02] Synced coin: Kelp DAO Restaked ETH (rseth)
[2025-11-24 21:45:02] Synced coin: XDC Network (xdc)
[2025-11-24 21:45:02] Synced coin: Lombard Staked BTC (lbtc)
[2025-11-24 21:45:02] Sync completed successfully.
[2025-11-24 21:50:02] Synced coin: Bitcoin (btc)
[2025-11-24 21:50:02] Synced coin: Ethereum (eth)
[2025-11-24 21:50:02] Synced coin: Tether (usdt)
[2025-11-24 21:50:02] Synced coin: XRP (xrp)
[2025-11-24 21:50:02] Synced coin: BNB (bnb)
[2025-11-24 21:50:02] Synced coin: USDC (usdc)
[2025-11-24 21:50:02] Synced coin: Solana (sol)
[2025-11-24 21:50:02] Synced coin: TRON (trx)
[2025-11-24 21:50:02] Synced coin: Lido Staked Ether (steth)
[2025-11-24 21:50:02] Synced coin: Dogecoin (doge)
[2025-11-24 21:50:02] Synced coin: Cardano (ada)
[2025-11-24 21:50:02] Synced coin: Figure Heloc (figr_heloc)
[2025-11-24 21:50:02] Synced coin: WhiteBIT Coin (wbt)
[2025-11-24 21:50:02] Synced coin: Wrapped stETH (wsteth)
[2025-11-24 21:50:02] Synced coin: Bitcoin Cash (bch)
[2025-11-24 21:50:02] Synced coin: Wrapped Bitcoin (wbtc)
[2025-11-24 21:50:02] Synced coin: Wrapped Beacon ETH (wbeth)
[2025-11-24 21:50:02] Synced coin: USDS (usds)
[2025-11-24 21:50:02] Synced coin: Zcash (zec)
[2025-11-24 21:50:02] Synced coin: Binance Bridged USDT (BNB Smart Chain) (bsc-usd)
[2025-11-24 21:50:02] Synced coin: LEO Token (leo)
[2025-11-24 21:50:02] Synced coin: Chainlink (link)
[2025-11-24 21:50:02] Synced coin: Hyperliquid (hype)
[2025-11-24 21:50:02] Synced coin: Stellar (xlm)
[2025-11-24 21:50:02] Synced coin: WETH (weth)
[2025-11-24 21:50:02] Synced coin: Ethena USDe (usde)
[2025-11-24 21:50:02] Synced coin: Wrapped eETH (weeth)
[2025-11-24 21:50:02] Synced coin: Monero (xmr)
[2025-11-24 21:50:02] Synced coin: Litecoin (ltc)
[2025-11-24 21:50:02] Synced coin: Coinbase Wrapped BTC (cbbtc)
[2025-11-24 21:50:02] Synced coin: Hedera (hbar)
[2025-11-24 21:50:02] Synced coin: Avalanche (avax)
[2025-11-24 21:50:02] Synced coin: Sui (sui)
[2025-11-24 21:50:02] Synced coin: Shiba Inu (shib)
[2025-11-24 21:50:02] Synced coin: Dai (dai)
[2025-11-24 21:50:02] Synced coin: Ethena Staked USDe (susde)
[2025-11-24 21:50:02] Synced coin: World Liberty Financial (wlfi)
[2025-11-24 21:50:02] Synced coin: Cronos (cro)
[2025-11-24 21:50:02] Synced coin: USDT0 (usdt0)
[2025-11-24 21:50:02] Synced coin: Uniswap (uni)
[2025-11-24 21:50:02] Synced coin: sUSDS (susds)
[2025-11-24 21:50:02] Synced coin: Polkadot (dot)
[2025-11-24 21:50:02] Synced coin: Toncoin (ton)
[2025-11-24 21:50:02] Synced coin: PayPal USD (pyusd)
[2025-11-24 21:50:02] Synced coin: MemeCore (m)
[2025-11-24 21:50:02] Synced coin: Mantle (mnt)
[2025-11-24 21:50:02] Synced coin: Canton (cc)
[2025-11-24 21:50:02] Synced coin: Bittensor (tao)
[2025-11-24 21:50:02] Synced coin: USD1 (usd1)
[2025-11-24 21:50:02] Synced coin: Aave (aave)
[2025-11-24 21:50:02] Synced coin: Bitget Token (bgb)
[2025-11-24 21:50:02] Synced coin: NEAR Protocol (near)
[2025-11-24 21:50:02] Synced coin: BlackRock USD Institutional Digital Liquidity Fund (buidl)
[2025-11-24 21:50:02] Synced coin: Aster (aster)
[2025-11-24 21:50:02] Synced coin: Falcon USD (usdf)
[2025-11-24 21:50:02] Synced coin: OKB (okb)
[2025-11-24 21:50:02] Synced coin: Tether Gold (xaut)
[2025-11-24 21:50:02] Synced coin: Internet Computer (icp)
[2025-11-24 21:50:02] Synced coin: Ethereum Classic (etc)
[2025-11-24 21:50:02] Synced coin: Pi Network (pi)
[2025-11-24 21:50:02] Synced coin: Jito Staked SOL (jitosol)
[2025-11-24 21:50:02] Synced coin: Jupiter Perpetuals Liquidity Provider Token (jlp)
[2025-11-24 21:50:02] Synced coin: Ethena (ena)
[2025-11-24 21:50:02] Synced coin: Pepe (pepe)
[2025-11-24 21:50:02] Synced coin: Binance-Peg WETH (weth)
[2025-11-24 21:50:02] Synced coin: Wrapped SOL (sol)
[2025-11-24 21:50:02] Synced coin: Aptos (apt)
[2025-11-24 21:50:02] Synced coin: Rain (rain)
[2025-11-24 21:50:02] Synced coin: HTX DAO (htx)
[2025-11-24 21:50:02] Synced coin: Pump.fun (pump)
[2025-11-24 21:50:02] Synced coin: Ondo (ondo)
[2025-11-24 21:50:02] Synced coin: KuCoin (kcs)
[2025-11-24 21:50:02] Synced coin: Worldcoin (wld)
[2025-11-24 21:50:02] Synced coin: POL (ex-MATIC) (pol)
[2025-11-24 21:50:02] Synced coin: PAX Gold (paxg)
[2025-11-24 21:50:02] Synced coin: USDtb (usdtb)
[2025-11-24 21:50:02] Synced coin: BFUSD (bfusd)
[2025-11-24 21:50:02] Synced coin: syrupUSDC (syrupusdc)
[2025-11-24 21:50:02] Synced coin: Binance Bridged USDC (BNB Smart Chain) (usdc)
[2025-11-24 21:50:02] Synced coin: Official Trump (trump)
[2025-11-24 21:50:02] Synced coin: Algorand (algo)
[2025-11-24 21:50:02] Synced coin: Provenance Blockchain (hash)
[2025-11-24 21:50:02] Synced coin: Rocket Pool ETH (reth)
[2025-11-24 21:50:02] Synced coin: Circle USYC (usyc)
[2025-11-24 21:50:02] Synced coin: Global Dollar (usdg)
[2025-11-24 21:50:02] Synced coin: Filecoin (fil)
[2025-11-24 21:50:02] Synced coin: Gate (gt)
[2025-11-24 21:50:02] Synced coin: Ripple USD (rlusd)
[2025-11-24 21:50:02] Synced coin: Cosmos Hub (atom)
[2025-11-24 21:50:02] Synced coin: Wrapped BNB (wbnb)
[2025-11-24 21:50:02] Synced coin: Arbitrum (arb)
[2025-11-24 21:50:02] Synced coin: Quant (qnt)
[2025-11-24 21:50:02] Synced coin: Binance Staked SOL (bnsol)
[2025-11-24 21:50:02] Synced coin: VeChain (vet)
[2025-11-24 21:50:02] Synced coin: Kaspa (kas)
[2025-11-24 21:50:02] Synced coin: Flare (flr)
[2025-11-24 21:50:02] Synced coin: Function FBTC (fbtc)
[2025-11-24 21:50:02] Synced coin: Kelp DAO Restaked ETH (rseth)
[2025-11-24 21:50:02] Synced coin: XDC Network (xdc)
[2025-11-24 21:50:02] Synced coin: Lombard Staked BTC (lbtc)
[2025-11-24 21:50:02] Sync completed successfully.
[2025-11-24 21:55:03] Synced coin: Bitcoin (btc)
[2025-11-24 21:55:03] Synced coin: Ethereum (eth)
[2025-11-24 21:55:03] Synced coin: Tether (usdt)
[2025-11-24 21:55:03] Synced coin: XRP (xrp)
[2025-11-24 21:55:03] Synced coin: BNB (bnb)
[2025-11-24 21:55:03] Synced coin: USDC (usdc)
[2025-11-24 21:55:03] Synced coin: Solana (sol)
[2025-11-24 21:55:03] Synced coin: TRON (trx)
[2025-11-24 21:55:03] Synced coin: Lido Staked Ether (steth)
[2025-11-24 21:55:03] Synced coin: Dogecoin (doge)
[2025-11-24 21:55:03] Synced coin: Cardano (ada)
[2025-11-24 21:55:03] Synced coin: Figure Heloc (figr_heloc)
[2025-11-24 21:55:03] Synced coin: WhiteBIT Coin (wbt)
[2025-11-24 21:55:03] Synced coin: Wrapped stETH (wsteth)
[2025-11-24 21:55:03] Synced coin: Bitcoin Cash (bch)
[2025-11-24 21:55:03] Synced coin: Wrapped Bitcoin (wbtc)
[2025-11-24 21:55:03] Synced coin: Wrapped Beacon ETH (wbeth)
[2025-11-24 21:55:03] Synced coin: USDS (usds)
[2025-11-24 21:55:03] Synced coin: Zcash (zec)
[2025-11-24 21:55:03] Synced coin: Binance Bridged USDT (BNB Smart Chain) (bsc-usd)
[2025-11-24 21:55:03] Synced coin: LEO Token (leo)
[2025-11-24 21:55:03] Synced coin: Chainlink (link)
[2025-11-24 21:55:03] Synced coin: Hyperliquid (hype)
[2025-11-24 21:55:03] Synced coin: Stellar (xlm)
[2025-11-24 21:55:03] Synced coin: WETH (weth)
[2025-11-24 21:55:03] Synced coin: Ethena USDe (usde)
[2025-11-24 21:55:03] Synced coin: Wrapped eETH (weeth)
[2025-11-24 21:55:03] Synced coin: Monero (xmr)
[2025-11-24 21:55:03] Synced coin: Litecoin (ltc)
[2025-11-24 21:55:03] Synced coin: Coinbase Wrapped BTC (cbbtc)
[2025-11-24 21:55:03] Synced coin: Hedera (hbar)
[2025-11-24 21:55:03] Synced coin: Avalanche (avax)
[2025-11-24 21:55:03] Synced coin: Sui (sui)
[2025-11-24 21:55:03] Synced coin: Shiba Inu (shib)
[2025-11-24 21:55:03] Synced coin: Dai (dai)
[2025-11-24 21:55:03] Synced coin: Ethena Staked USDe (susde)
[2025-11-24 21:55:03] Synced coin: World Liberty Financial (wlfi)
[2025-11-24 21:55:03] Synced coin: Cronos (cro)
[2025-11-24 21:55:03] Synced coin: USDT0 (usdt0)
[2025-11-24 21:55:03] Synced coin: sUSDS (susds)
[2025-11-24 21:55:03] Synced coin: Uniswap (uni)
[2025-11-24 21:55:03] Synced coin: Polkadot (dot)
[2025-11-24 21:55:03] Synced coin: Toncoin (ton)
[2025-11-24 21:55:03] Synced coin: PayPal USD (pyusd)
[2025-11-24 21:55:03] Synced coin: MemeCore (m)
[2025-11-24 21:55:03] Synced coin: Mantle (mnt)
[2025-11-24 21:55:03] Synced coin: Canton (cc)
[2025-11-24 21:55:03] Synced coin: Bittensor (tao)
[2025-11-24 21:55:03] Synced coin: USD1 (usd1)
[2025-11-24 21:55:03] Synced coin: Aave (aave)
[2025-11-24 21:55:03] Synced coin: Bitget Token (bgb)
[2025-11-24 21:55:03] Synced coin: NEAR Protocol (near)
[2025-11-24 21:55:03] Synced coin: BlackRock USD Institutional Digital Liquidity Fund (buidl)
[2025-11-24 21:55:03] Synced coin: Aster (aster)
[2025-11-24 21:55:03] Synced coin: Falcon USD (usdf)
[2025-11-24 21:55:03] Synced coin: OKB (okb)
[2025-11-24 21:55:03] Synced coin: Tether Gold (xaut)
[2025-11-24 21:55:03] Synced coin: Internet Computer (icp)
[2025-11-24 21:55:03] Synced coin: Ethereum Classic (etc)
[2025-11-24 21:55:03] Synced coin: Pi Network (pi)
[2025-11-24 21:55:03] Synced coin: Jito Staked SOL (jitosol)
[2025-11-24 21:55:03] Synced coin: Jupiter Perpetuals Liquidity Provider Token (jlp)
[2025-11-24 21:55:03] Synced coin: Ethena (ena)
[2025-11-24 21:55:03] Synced coin: Pepe (pepe)
[2025-11-24 21:55:03] Synced coin: Binance-Peg WETH (weth)
[2025-11-24 21:55:03] Synced coin: Rain (rain)
[2025-11-24 21:55:03] Synced coin: Aptos (apt)
[2025-11-24 21:55:03] Synced coin: Wrapped SOL (sol)
[2025-11-24 21:55:03] Synced coin: HTX DAO (htx)
[2025-11-24 21:55:03] Synced coin: Pump.fun (pump)
[2025-11-24 21:55:03] Synced coin: Ondo (ondo)
[2025-11-24 21:55:03] Synced coin: KuCoin (kcs)
[2025-11-24 21:55:03] Synced coin: Worldcoin (wld)
[2025-11-24 21:55:03] Synced coin: POL (ex-MATIC) (pol)
[2025-11-24 21:55:03] Synced coin: PAX Gold (paxg)
[2025-11-24 21:55:03] Synced coin: USDtb (usdtb)
[2025-11-24 21:55:03] Synced coin: BFUSD (bfusd)
[2025-11-24 21:55:03] Synced coin: syrupUSDC (syrupusdc)
[2025-11-24 21:55:03] Synced coin: Binance Bridged USDC (BNB Smart Chain) (usdc)
[2025-11-24 21:55:03] Synced coin: Official Trump (trump)
[2025-11-24 21:55:03] Synced coin: Algorand (algo)
[2025-11-24 21:55:03] Synced coin: Provenance Blockchain (hash)
[2025-11-24 21:55:03] Synced coin: Rocket Pool ETH (reth)
[2025-11-24 21:55:03] Synced coin: Circle USYC (usyc)
[2025-11-24 21:55:03] Synced coin: Global Dollar (usdg)
[2025-11-24 21:55:03] Synced coin: Filecoin (fil)
[2025-11-24 21:55:03] Synced coin: Ripple USD (rlusd)
[2025-11-24 21:55:03] Synced coin: Cosmos Hub (atom)
[2025-11-24 21:55:03] Synced coin: Gate (gt)
[2025-11-24 21:55:03] Synced coin: Wrapped BNB (wbnb)
[2025-11-24 21:55:03] Synced coin: Arbitrum (arb)
[2025-11-24 21:55:03] Synced coin: Quant (qnt)
[2025-11-24 21:55:03] Synced coin: Binance Staked SOL (bnsol)
[2025-11-24 21:55:03] Synced coin: VeChain (vet)
[2025-11-24 21:55:03] Synced coin: Kaspa (kas)
[2025-11-24 21:55:03] Synced coin: Flare (flr)
[2025-11-24 21:55:03] Synced coin: Function FBTC (fbtc)
[2025-11-24 21:55:03] Synced coin: Kelp DAO Restaked ETH (rseth)
[2025-11-24 21:55:03] Synced coin: XDC Network (xdc)
[2025-11-24 21:55:03] Synced coin: Lombard Staked BTC (lbtc)
[2025-11-24 21:55:03] Sync completed successfully.
[2025-11-24 22:00:02] Synced coin: Bitcoin (btc)
[2025-11-24 22:00:02] Synced coin: Ethereum (eth)
[2025-11-24 22:00:02] Synced coin: Tether (usdt)
[2025-11-24 22:00:02] Synced coin: XRP (xrp)
[2025-11-24 22:00:02] Synced coin: BNB (bnb)
[2025-11-24 22:00:02] Synced coin: USDC (usdc)
[2025-11-24 22:00:02] Synced coin: Solana (sol)
[2025-11-24 22:00:02] Synced coin: TRON (trx)
[2025-11-24 22:00:02] Synced coin: Lido Staked Ether (steth)
[2025-11-24 22:00:02] Synced coin: Dogecoin (doge)
[2025-11-24 22:00:02] Synced coin: Cardano (ada)
[2025-11-24 22:00:02] Synced coin: Figure Heloc (figr_heloc)
[2025-11-24 22:00:02] Synced coin: WhiteBIT Coin (wbt)
[2025-11-24 22:00:02] Synced coin: Wrapped stETH (wsteth)
[2025-11-24 22:00:02] Synced coin: Bitcoin Cash (bch)
[2025-11-24 22:00:02] Synced coin: Wrapped Bitcoin (wbtc)
[2025-11-24 22:00:02] Synced coin: Wrapped Beacon ETH (wbeth)
[2025-11-24 22:00:02] Synced coin: USDS (usds)
[2025-11-24 22:00:02] Synced coin: Zcash (zec)
[2025-11-24 22:00:02] Synced coin: Binance Bridged USDT (BNB Smart Chain) (bsc-usd)
[2025-11-24 22:00:02] Synced coin: LEO Token (leo)
[2025-11-24 22:00:02] Synced coin: Chainlink (link)
[2025-11-24 22:00:02] Synced coin: Hyperliquid (hype)
[2025-11-24 22:00:02] Synced coin: Stellar (xlm)
[2025-11-24 22:00:02] Synced coin: WETH (weth)
[2025-11-24 22:00:02] Synced coin: Ethena USDe (usde)
[2025-11-24 22:00:02] Synced coin: Wrapped eETH (weeth)
[2025-11-24 22:00:02] Synced coin: Monero (xmr)
[2025-11-24 22:00:02] Synced coin: Litecoin (ltc)
[2025-11-24 22:00:02] Synced coin: Coinbase Wrapped BTC (cbbtc)
[2025-11-24 22:00:02] Synced coin: Hedera (hbar)
[2025-11-24 22:00:02] Synced coin: Avalanche (avax)
[2025-11-24 22:00:02] Synced coin: Sui (sui)
[2025-11-24 22:00:02] Synced coin: Shiba Inu (shib)
[2025-11-24 22:00:02] Synced coin: Dai (dai)
[2025-11-24 22:00:02] Synced coin: Ethena Staked USDe (susde)
[2025-11-24 22:00:02] Synced coin: World Liberty Financial (wlfi)
[2025-11-24 22:00:02] Synced coin: Cronos (cro)
[2025-11-24 22:00:02] Synced coin: USDT0 (usdt0)
[2025-11-24 22:00:02] Synced coin: sUSDS (susds)
[2025-11-24 22:00:02] Synced coin: Uniswap (uni)
[2025-11-24 22:00:02] Synced coin: Polkadot (dot)
[2025-11-24 22:00:02] Synced coin: Toncoin (ton)
[2025-11-24 22:00:02] Synced coin: PayPal USD (pyusd)
[2025-11-24 22:00:02] Synced coin: MemeCore (m)
[2025-11-24 22:00:02] Synced coin: Mantle (mnt)
[2025-11-24 22:00:02] Synced coin: Canton (cc)
[2025-11-24 22:00:02] Synced coin: Bittensor (tao)
[2025-11-24 22:00:02] Synced coin: USD1 (usd1)
[2025-11-24 22:00:02] Synced coin: Aave (aave)
[2025-11-24 22:00:02] Synced coin: Bitget Token (bgb)
[2025-11-24 22:00:02] Synced coin: NEAR Protocol (near)
[2025-11-24 22:00:02] Synced coin: BlackRock USD Institutional Digital Liquidity Fund (buidl)
[2025-11-24 22:00:02] Synced coin: Aster (aster)
[2025-11-24 22:00:02] Synced coin: Falcon USD (usdf)
[2025-11-24 22:00:02] Synced coin: OKB (okb)
[2025-11-24 22:00:02] Synced coin: Tether Gold (xaut)
[2025-11-24 22:00:02] Synced coin: Internet Computer (icp)
[2025-11-24 22:00:02] Synced coin: Ethereum Classic (etc)
[2025-11-24 22:00:02] Synced coin: Pi Network (pi)
[2025-11-24 22:00:02] Synced coin: Jupiter Perpetuals Liquidity Provider Token (jlp)
[2025-11-24 22:00:02] Synced coin: Jito Staked SOL (jitosol)
[2025-11-24 22:00:02] Synced coin: Ethena (ena)
[2025-11-24 22:00:02] Synced coin: Pepe (pepe)
[2025-11-24 22:00:02] Synced coin: Binance-Peg WETH (weth)
[2025-11-24 22:00:02] Synced coin: Rain (rain)
[2025-11-24 22:00:02] Synced coin: Wrapped SOL (sol)
[2025-11-24 22:00:02] Synced coin: Aptos (apt)
[2025-11-24 22:00:02] Synced coin: HTX DAO (htx)
[2025-11-24 22:00:02] Synced coin: Pump.fun (pump)
[2025-11-24 22:00:02] Synced coin: Ondo (ondo)
[2025-11-24 22:00:02] Synced coin: KuCoin (kcs)
[2025-11-24 22:00:02] Synced coin: Worldcoin (wld)
[2025-11-24 22:00:02] Synced coin: POL (ex-MATIC) (pol)
[2025-11-24 22:00:02] Synced coin: PAX Gold (paxg)
[2025-11-24 22:00:02] Synced coin: USDtb (usdtb)
[2025-11-24 22:00:02] Synced coin: BFUSD (bfusd)
[2025-11-24 22:00:02] Synced coin: syrupUSDC (syrupusdc)
[2025-11-24 22:00:02] Synced coin: Binance Bridged USDC (BNB Smart Chain) (usdc)
[2025-11-24 22:00:02] Synced coin: Official Trump (trump)
[2025-11-24 22:00:02] Synced coin: Algorand (algo)
[2025-11-24 22:00:02] Synced coin: Provenance Blockchain (hash)
[2025-11-24 22:00:02] Synced coin: Rocket Pool ETH (reth)
[2025-11-24 22:00:02] Synced coin: Circle USYC (usyc)
[2025-11-24 22:00:02] Synced coin: Global Dollar (usdg)
[2025-11-24 22:00:02] Synced coin: Filecoin (fil)
[2025-11-24 22:00:02] Synced coin: Ripple USD (rlusd)
[2025-11-24 22:00:02] Synced coin: Cosmos Hub (atom)
[2025-11-24 22:00:02] Synced coin: Gate (gt)
[2025-11-24 22:00:02] Synced coin: Wrapped BNB (wbnb)
[2025-11-24 22:00:02] Synced coin: Arbitrum (arb)
[2025-11-24 22:00:02] Synced coin: Quant (qnt)
[2025-11-24 22:00:02] Synced coin: Binance Staked SOL (bnsol)
[2025-11-24 22:00:02] Synced coin: VeChain (vet)
[2025-11-24 22:00:02] Synced coin: Kaspa (kas)
[2025-11-24 22:00:02] Synced coin: Flare (flr)
[2025-11-24 22:00:02] Synced coin: Function FBTC (fbtc)
[2025-11-24 22:00:02] Synced coin: Kelp DAO Restaked ETH (rseth)
[2025-11-24 22:00:02] Synced coin: XDC Network (xdc)
[2025-11-24 22:00:02] Synced coin: Lombard Staked BTC (lbtc)
[2025-11-24 22:00:02] Sync completed successfully.
[2025-11-24 22:05:02] Synced coin: Bitcoin (btc)
[2025-11-24 22:05:02] Synced coin: Ethereum (eth)
[2025-11-24 22:05:02] Synced coin: Tether (usdt)
[2025-11-24 22:05:02] Synced coin: XRP (xrp)
[2025-11-24 22:05:02] Synced coin: BNB (bnb)
[2025-11-24 22:05:02] Synced coin: USDC (usdc)
[2025-11-24 22:05:02] Synced coin: Solana (sol)
[2025-11-24 22:05:02] Synced coin: TRON (trx)
[2025-11-24 22:05:02] Synced coin: Lido Staked Ether (steth)
[2025-11-24 22:05:02] Synced coin: Dogecoin (doge)
[2025-11-24 22:05:02] Synced coin: Cardano (ada)
[2025-11-24 22:05:02] Synced coin: Figure Heloc (figr_heloc)
[2025-11-24 22:05:02] Synced coin: WhiteBIT Coin (wbt)
[2025-11-24 22:05:02] Synced coin: Wrapped stETH (wsteth)
[2025-11-24 22:05:02] Synced coin: Bitcoin Cash (bch)
[2025-11-24 22:05:02] Synced coin: Wrapped Bitcoin (wbtc)
[2025-11-24 22:05:02] Synced coin: Wrapped Beacon ETH (wbeth)
[2025-11-24 22:05:02] Synced coin: USDS (usds)
[2025-11-24 22:05:02] Synced coin: Zcash (zec)
[2025-11-24 22:05:02] Synced coin: Binance Bridged USDT (BNB Smart Chain) (bsc-usd)
[2025-11-24 22:05:02] Synced coin: LEO Token (leo)
[2025-11-24 22:05:02] Synced coin: Chainlink (link)
[2025-11-24 22:05:02] Synced coin: Hyperliquid (hype)
[2025-11-24 22:05:02] Synced coin: Stellar (xlm)
[2025-11-24 22:05:02] Synced coin: WETH (weth)
[2025-11-24 22:05:02] Synced coin: Ethena USDe (usde)
[2025-11-24 22:05:02] Synced coin: Wrapped eETH (weeth)
[2025-11-24 22:05:02] Synced coin: Monero (xmr)
[2025-11-24 22:05:02] Synced coin: Litecoin (ltc)
[2025-11-24 22:05:02] Synced coin: Coinbase Wrapped BTC (cbbtc)
[2025-11-24 22:05:02] Synced coin: Hedera (hbar)
[2025-11-24 22:05:02] Synced coin: Avalanche (avax)
[2025-11-24 22:05:02] Synced coin: Sui (sui)
[2025-11-24 22:05:02] Synced coin: Shiba Inu (shib)
[2025-11-24 22:05:02] Synced coin: Dai (dai)
[2025-11-24 22:05:02] Synced coin: Ethena Staked USDe (susde)
[2025-11-24 22:05:02] Synced coin: World Liberty Financial (wlfi)
[2025-11-24 22:05:02] Synced coin: Cronos (cro)
[2025-11-24 22:05:02] Synced coin: USDT0 (usdt0)
[2025-11-24 22:05:02] Synced coin: Uniswap (uni)
[2025-11-24 22:05:02] Synced coin: sUSDS (susds)
[2025-11-24 22:05:02] Synced coin: Polkadot (dot)
[2025-11-24 22:05:02] Synced coin: Toncoin (ton)
[2025-11-24 22:05:02] Synced coin: PayPal USD (pyusd)
[2025-11-24 22:05:02] Synced coin: MemeCore (m)
[2025-11-24 22:05:02] Synced coin: Mantle (mnt)
[2025-11-24 22:05:02] Synced coin: Canton (cc)
[2025-11-24 22:05:02] Synced coin: Bittensor (tao)
[2025-11-24 22:05:02] Synced coin: USD1 (usd1)
[2025-11-24 22:05:02] Synced coin: Aave (aave)
[2025-11-24 22:05:02] Synced coin: Bitget Token (bgb)
[2025-11-24 22:05:02] Synced coin: NEAR Protocol (near)
[2025-11-24 22:05:02] Synced coin: BlackRock USD Institutional Digital Liquidity Fund (buidl)
[2025-11-24 22:05:02] Synced coin: Aster (aster)
[2025-11-24 22:05:02] Synced coin: Falcon USD (usdf)
[2025-11-24 22:05:02] Synced coin: OKB (okb)
[2025-11-24 22:05:02] Synced coin: Internet Computer (icp)
[2025-11-24 22:05:02] Synced coin: Tether Gold (xaut)
[2025-11-24 22:05:02] Synced coin: Ethereum Classic (etc)
[2025-11-24 22:05:02] Synced coin: Pi Network (pi)
[2025-11-24 22:05:02] Synced coin: Jito Staked SOL (jitosol)
[2025-11-24 22:05:02] Synced coin: Ethena (ena)
[2025-11-24 22:05:02] Synced coin: Jupiter Perpetuals Liquidity Provider Token (jlp)
[2025-11-24 22:05:02] Synced coin: Pepe (pepe)
[2025-11-24 22:05:02] Synced coin: Binance-Peg WETH (weth)
[2025-11-24 22:05:02] Synced coin: Wrapped SOL (sol)
[2025-11-24 22:05:02] Synced coin: Rain (rain)
[2025-11-24 22:05:02] Synced coin: Aptos (apt)
[2025-11-24 22:05:02] Synced coin: HTX DAO (htx)
[2025-11-24 22:05:02] Synced coin: Pump.fun (pump)
[2025-11-24 22:05:02] Synced coin: Ondo (ondo)
[2025-11-24 22:05:02] Synced coin: KuCoin (kcs)
[2025-11-24 22:05:02] Synced coin: Worldcoin (wld)
[2025-11-24 22:05:02] Synced coin: POL (ex-MATIC) (pol)
[2025-11-24 22:05:02] Synced coin: PAX Gold (paxg)
[2025-11-24 22:05:02] Synced coin: USDtb (usdtb)
[2025-11-24 22:05:02] Synced coin: BFUSD (bfusd)
[2025-11-24 22:05:02] Synced coin: syrupUSDC (syrupusdc)
[2025-11-24 22:05:02] Synced coin: Binance Bridged USDC (BNB Smart Chain) (usdc)
[2025-11-24 22:05:02] Synced coin: Official Trump (trump)
[2025-11-24 22:05:02] Synced coin: Algorand (algo)
[2025-11-24 22:05:02] Synced coin: Provenance Blockchain (hash)
[2025-11-24 22:05:02] Synced coin: Rocket Pool ETH (reth)
[2025-11-24 22:05:02] Synced coin: Circle USYC (usyc)
[2025-11-24 22:05:02] Synced coin: Filecoin (fil)
[2025-11-24 22:05:02] Synced coin: Global Dollar (usdg)
[2025-11-24 22:05:02] Synced coin: Cosmos Hub (atom)
[2025-11-24 22:05:02] Synced coin: Gate (gt)
[2025-11-24 22:05:02] Synced coin: Ripple USD (rlusd)
[2025-11-24 22:05:02] Synced coin: Wrapped BNB (wbnb)
[2025-11-24 22:05:02] Synced coin: Arbitrum (arb)
[2025-11-24 22:05:02] Synced coin: Binance Staked SOL (bnsol)
[2025-11-24 22:05:02] Synced coin: Quant (qnt)
[2025-11-24 22:05:02] Synced coin: VeChain (vet)
[2025-11-24 22:05:02] Synced coin: Kaspa (kas)
[2025-11-24 22:05:02] Synced coin: Flare (flr)
[2025-11-24 22:05:02] Synced coin: Function FBTC (fbtc)
[2025-11-24 22:05:02] Synced coin: Kelp DAO Restaked ETH (rseth)
[2025-11-24 22:05:02] Synced coin: Lombard Staked BTC (lbtc)
[2025-11-24 22:05:02] Synced coin: XDC Network (xdc)
[2025-11-24 22:05:02] Sync completed successfully.
[2025-11-24 22:10:02] Synced coin: Bitcoin (btc)
[2025-11-24 22:10:02] Synced coin: Ethereum (eth)
[2025-11-24 22:10:02] Synced coin: Tether (usdt)
[2025-11-24 22:10:02] Synced coin: XRP (xrp)
[2025-11-24 22:10:02] Synced coin: BNB (bnb)
[2025-11-24 22:10:02] Synced coin: USDC (usdc)
[2025-11-24 22:10:02] Synced coin: Solana (sol)
[2025-11-24 22:10:02] Synced coin: TRON (trx)
[2025-11-24 22:10:02] Synced coin: Lido Staked Ether (steth)
[2025-11-24 22:10:02] Synced coin: Dogecoin (doge)
[2025-11-24 22:10:02] Synced coin: Cardano (ada)
[2025-11-24 22:10:02] Synced coin: Figure Heloc (figr_heloc)
[2025-11-24 22:10:02] Synced coin: WhiteBIT Coin (wbt)
[2025-11-24 22:10:02] Synced coin: Wrapped stETH (wsteth)
[2025-11-24 22:10:02] Synced coin: Bitcoin Cash (bch)
[2025-11-24 22:10:02] Synced coin: Wrapped Bitcoin (wbtc)
[2025-11-24 22:10:02] Synced coin: Wrapped Beacon ETH (wbeth)
[2025-11-24 22:10:02] Synced coin: Zcash (zec)
[2025-11-24 22:10:02] Synced coin: USDS (usds)
[2025-11-24 22:10:02] Synced coin: Binance Bridged USDT (BNB Smart Chain) (bsc-usd)
[2025-11-24 22:10:02] Synced coin: LEO Token (leo)
[2025-11-24 22:10:02] Synced coin: Chainlink (link)
[2025-11-24 22:10:02] Synced coin: Hyperliquid (hype)
[2025-11-24 22:10:02] Synced coin: Stellar (xlm)
[2025-11-24 22:10:02] Synced coin: WETH (weth)
[2025-11-24 22:10:02] Synced coin: Ethena USDe (usde)
[2025-11-24 22:10:02] Synced coin: Wrapped eETH (weeth)
[2025-11-24 22:10:02] Synced coin: Monero (xmr)
[2025-11-24 22:10:02] Synced coin: Litecoin (ltc)
[2025-11-24 22:10:02] Synced coin: Coinbase Wrapped BTC (cbbtc)
[2025-11-24 22:10:02] Synced coin: Hedera (hbar)
[2025-11-24 22:10:02] Synced coin: Avalanche (avax)
[2025-11-24 22:10:02] Synced coin: Sui (sui)
[2025-11-24 22:10:02] Synced coin: Shiba Inu (shib)
[2025-11-24 22:10:02] Synced coin: Dai (dai)
[2025-11-24 22:10:02] Synced coin: Ethena Staked USDe (susde)
[2025-11-24 22:10:02] Synced coin: World Liberty Financial (wlfi)
[2025-11-24 22:10:02] Synced coin: Cronos (cro)
[2025-11-24 22:10:02] Synced coin: USDT0 (usdt0)
[2025-11-24 22:10:02] Synced coin: Uniswap (uni)
[2025-11-24 22:10:02] Synced coin: sUSDS (susds)
[2025-11-24 22:10:02] Synced coin: Polkadot (dot)
[2025-11-24 22:10:02] Synced coin: Toncoin (ton)
[2025-11-24 22:10:02] Synced coin: PayPal USD (pyusd)
[2025-11-24 22:10:02] Synced coin: MemeCore (m)
[2025-11-24 22:10:02] Synced coin: Mantle (mnt)
[2025-11-24 22:10:02] Synced coin: Canton (cc)
[2025-11-24 22:10:02] Synced coin: Bittensor (tao)
[2025-11-24 22:10:02] Synced coin: USD1 (usd1)
[2025-11-24 22:10:02] Synced coin: Aave (aave)
[2025-11-24 22:10:02] Synced coin: Bitget Token (bgb)
[2025-11-24 22:10:02] Synced coin: NEAR Protocol (near)
[2025-11-24 22:10:02] Synced coin: BlackRock USD Institutional Digital Liquidity Fund (buidl)
[2025-11-24 22:10:02] Synced coin: Aster (aster)
[2025-11-24 22:10:02] Synced coin: OKB (okb)
[2025-11-24 22:10:02] Synced coin: Falcon USD (usdf)
[2025-11-24 22:10:02] Synced coin: Internet Computer (icp)
[2025-11-24 22:10:02] Synced coin: Tether Gold (xaut)
[2025-11-24 22:10:02] Synced coin: Ethereum Classic (etc)
[2025-11-24 22:10:02] Synced coin: Pi Network (pi)
[2025-11-24 22:10:02] Synced coin: Jito Staked SOL (jitosol)
[2025-11-24 22:10:02] Synced coin: Ethena (ena)
[2025-11-24 22:10:02] Synced coin: Jupiter Perpetuals Liquidity Provider Token (jlp)
[2025-11-24 22:10:02] Synced coin: Pepe (pepe)
[2025-11-24 22:10:02] Synced coin: Binance-Peg WETH (weth)
[2025-11-24 22:10:02] Synced coin: Aptos (apt)
[2025-11-24 22:10:02] Synced coin: Wrapped SOL (sol)
[2025-11-24 22:10:02] Synced coin: Rain (rain)
[2025-11-24 22:10:02] Synced coin: HTX DAO (htx)
[2025-11-24 22:10:02] Synced coin: Pump.fun (pump)
[2025-11-24 22:10:02] Synced coin: Ondo (ondo)
[2025-11-24 22:10:02] Synced coin: KuCoin (kcs)
[2025-11-24 22:10:02] Synced coin: Worldcoin (wld)
[2025-11-24 22:10:02] Synced coin: POL (ex-MATIC) (pol)
[2025-11-24 22:10:02] Synced coin: PAX Gold (paxg)
[2025-11-24 22:10:02] Synced coin: USDtb (usdtb)
[2025-11-24 22:10:02] Synced coin: BFUSD (bfusd)
[2025-11-24 22:10:02] Synced coin: syrupUSDC (syrupusdc)
[2025-11-24 22:10:02] Synced coin: Binance Bridged USDC (BNB Smart Chain) (usdc)
[2025-11-24 22:10:02] Synced coin: Algorand (algo)
[2025-11-24 22:10:02] Synced coin: Official Trump (trump)
[2025-11-24 22:10:02] Synced coin: Provenance Blockchain (hash)
[2025-11-24 22:10:02] Synced coin: Rocket Pool ETH (reth)
[2025-11-24 22:10:02] Synced coin: Filecoin (fil)
[2025-11-24 22:10:02] Synced coin: Circle USYC (usyc)
[2025-11-24 22:10:02] Synced coin: Global Dollar (usdg)
[2025-11-24 22:10:02] Synced coin: Cosmos Hub (atom)
[2025-11-24 22:10:02] Synced coin: Gate (gt)
[2025-11-24 22:10:02] Synced coin: Ripple USD (rlusd)
[2025-11-24 22:10:02] Synced coin: Wrapped BNB (wbnb)
[2025-11-24 22:10:02] Synced coin: Arbitrum (arb)
[2025-11-24 22:10:02] Synced coin: Binance Staked SOL (bnsol)
[2025-11-24 22:10:02] Synced coin: Quant (qnt)
[2025-11-24 22:10:02] Synced coin: VeChain (vet)
[2025-11-24 22:10:02] Synced coin: Kaspa (kas)
[2025-11-24 22:10:02] Synced coin: Flare (flr)
[2025-11-24 22:10:02] Synced coin: Function FBTC (fbtc)
[2025-11-24 22:10:02] Synced coin: Kelp DAO Restaked ETH (rseth)
[2025-11-24 22:10:02] Synced coin: Lombard Staked BTC (lbtc)
[2025-11-24 22:10:02] Synced coin: XDC Network (xdc)
[2025-11-24 22:10:02] Sync completed successfully.
[2025-11-24 22:15:03] Synced coin: Bitcoin (btc)
[2025-11-24 22:15:03] Synced coin: Ethereum (eth)
[2025-11-24 22:15:03] Synced coin: Tether (usdt)
[2025-11-24 22:15:03] Synced coin: XRP (xrp)
[2025-11-24 22:15:03] Synced coin: BNB (bnb)
[2025-11-24 22:15:03] Synced coin: USDC (usdc)
[2025-11-24 22:15:03] Synced coin: Solana (sol)
[2025-11-24 22:15:03] Synced coin: TRON (trx)
[2025-11-24 22:15:03] Synced coin: Lido Staked Ether (steth)
[2025-11-24 22:15:03] Synced coin: Dogecoin (doge)
[2025-11-24 22:15:03] Synced coin: Cardano (ada)
[2025-11-24 22:15:03] Synced coin: Figure Heloc (figr_heloc)
[2025-11-24 22:15:03] Synced coin: WhiteBIT Coin (wbt)
[2025-11-24 22:15:03] Synced coin: Wrapped stETH (wsteth)
[2025-11-24 22:15:03] Synced coin: Bitcoin Cash (bch)
[2025-11-24 22:15:03] Synced coin: Wrapped Bitcoin (wbtc)
[2025-11-24 22:15:03] Synced coin: Wrapped Beacon ETH (wbeth)
[2025-11-24 22:15:03] Synced coin: Zcash (zec)
[2025-11-24 22:15:03] Synced coin: USDS (usds)
[2025-11-24 22:15:03] Synced coin: Binance Bridged USDT (BNB Smart Chain) (bsc-usd)
[2025-11-24 22:15:03] Synced coin: LEO Token (leo)
[2025-11-24 22:15:03] Synced coin: Chainlink (link)
[2025-11-24 22:15:03] Synced coin: Hyperliquid (hype)
[2025-11-24 22:15:03] Synced coin: Stellar (xlm)
[2025-11-24 22:15:03] Synced coin: WETH (weth)
[2025-11-24 22:15:03] Synced coin: Ethena USDe (usde)
[2025-11-24 22:15:03] Synced coin: Wrapped eETH (weeth)
[2025-11-24 22:15:03] Synced coin: Monero (xmr)
[2025-11-24 22:15:03] Synced coin: Litecoin (ltc)
[2025-11-24 22:15:03] Synced coin: Coinbase Wrapped BTC (cbbtc)
[2025-11-24 22:15:03] Synced coin: Hedera (hbar)
[2025-11-24 22:15:03] Synced coin: Avalanche (avax)
[2025-11-24 22:15:03] Synced coin: Sui (sui)
[2025-11-24 22:15:03] Synced coin: Shiba Inu (shib)
[2025-11-24 22:15:03] Synced coin: Dai (dai)
[2025-11-24 22:15:03] Synced coin: Ethena Staked USDe (susde)
[2025-11-24 22:15:03] Synced coin: World Liberty Financial (wlfi)
[2025-11-24 22:15:03] Synced coin: Cronos (cro)
[2025-11-24 22:15:03] Synced coin: USDT0 (usdt0)
[2025-11-24 22:15:03] Synced coin: Uniswap (uni)
[2025-11-24 22:15:03] Synced coin: sUSDS (susds)
[2025-11-24 22:15:03] Synced coin: Polkadot (dot)
[2025-11-24 22:15:03] Synced coin: Toncoin (ton)
[2025-11-24 22:15:03] Synced coin: PayPal USD (pyusd)
[2025-11-24 22:15:03] Synced coin: MemeCore (m)
[2025-11-24 22:15:03] Synced coin: Mantle (mnt)
[2025-11-24 22:15:03] Synced coin: Canton (cc)
[2025-11-24 22:15:03] Synced coin: Bittensor (tao)
[2025-11-24 22:15:03] Synced coin: USD1 (usd1)
[2025-11-24 22:15:03] Synced coin: Aave (aave)
[2025-11-24 22:15:03] Synced coin: Bitget Token (bgb)
[2025-11-24 22:15:03] Synced coin: NEAR Protocol (near)
[2025-11-24 22:15:03] Synced coin: BlackRock USD Institutional Digital Liquidity Fund (buidl)
[2025-11-24 22:15:03] Synced coin: Aster (aster)
[2025-11-24 22:15:03] Synced coin: OKB (okb)
[2025-11-24 22:15:03] Synced coin: Falcon USD (usdf)
[2025-11-24 22:15:03] Synced coin: Internet Computer (icp)
[2025-11-24 22:15:03] Synced coin: Tether Gold (xaut)
[2025-11-24 22:15:03] Synced coin: Ethereum Classic (etc)
[2025-11-24 22:15:03] Synced coin: Pi Network (pi)
[2025-11-24 22:15:03] Synced coin: Jito Staked SOL (jitosol)
[2025-11-24 22:15:03] Synced coin: Ethena (ena)
[2025-11-24 22:15:03] Synced coin: Jupiter Perpetuals Liquidity Provider Token (jlp)
[2025-11-24 22:15:03] Synced coin: Pepe (pepe)
[2025-11-24 22:15:03] Synced coin: Binance-Peg WETH (weth)
[2025-11-24 22:15:03] Synced coin: Wrapped SOL (sol)
[2025-11-24 22:15:03] Synced coin: Aptos (apt)
[2025-11-24 22:15:03] Synced coin: Rain (rain)
[2025-11-24 22:15:03] Synced coin: HTX DAO (htx)
[2025-11-24 22:15:03] Synced coin: Pump.fun (pump)
[2025-11-24 22:15:03] Synced coin: Ondo (ondo)
[2025-11-24 22:15:03] Synced coin: KuCoin (kcs)
[2025-11-24 22:15:03] Synced coin: Worldcoin (wld)
[2025-11-24 22:15:03] Synced coin: POL (ex-MATIC) (pol)
[2025-11-24 22:15:03] Synced coin: PAX Gold (paxg)
[2025-11-24 22:15:03] Synced coin: USDtb (usdtb)
[2025-11-24 22:15:03] Synced coin: BFUSD (bfusd)
[2025-11-24 22:15:03] Synced coin: syrupUSDC (syrupusdc)
[2025-11-24 22:15:03] Synced coin: Binance Bridged USDC (BNB Smart Chain) (usdc)
[2025-11-24 22:15:03] Synced coin: Algorand (algo)
[2025-11-24 22:15:03] Synced coin: Official Trump (trump)
[2025-11-24 22:15:03] Synced coin: Provenance Blockchain (hash)
[2025-11-24 22:15:03] Synced coin: Rocket Pool ETH (reth)
[2025-11-24 22:15:03] Synced coin: Filecoin (fil)
[2025-11-24 22:15:03] Synced coin: Circle USYC (usyc)
[2025-11-24 22:15:03] Synced coin: Global Dollar (usdg)
[2025-11-24 22:15:03] Synced coin: Cosmos Hub (atom)
[2025-11-24 22:15:03] Synced coin: Gate (gt)
[2025-11-24 22:15:03] Synced coin: Ripple USD (rlusd)
[2025-11-24 22:15:03] Synced coin: Wrapped BNB (wbnb)
[2025-11-24 22:15:03] Synced coin: Arbitrum (arb)
[2025-11-24 22:15:03] Synced coin: Binance Staked SOL (bnsol)
[2025-11-24 22:15:03] Synced coin: Quant (qnt)
[2025-11-24 22:15:03] Synced coin: VeChain (vet)
[2025-11-24 22:15:03] Synced coin: Kaspa (kas)
[2025-11-24 22:15:03] Synced coin: Flare (flr)
[2025-11-24 22:15:03] Synced coin: Function FBTC (fbtc)
[2025-11-24 22:15:03] Synced coin: Kelp DAO Restaked ETH (rseth)
[2025-11-24 22:15:03] Synced coin: Lombard Staked BTC (lbtc)
[2025-11-24 22:15:03] Synced coin: XDC Network (xdc)
[2025-11-24 22:15:03] Sync completed successfully.
[2025-11-24 22:20:01] Synced coin: Bitcoin (btc)
[2025-11-24 22:20:01] Synced coin: Ethereum (eth)
[2025-11-24 22:20:01] Synced coin: Tether (usdt)
[2025-11-24 22:20:01] Synced coin: XRP (xrp)
[2025-11-24 22:20:01] Synced coin: BNB (bnb)
[2025-11-24 22:20:01] Synced coin: USDC (usdc)
[2025-11-24 22:20:01] Synced coin: Solana (sol)
[2025-11-24 22:20:01] Synced coin: TRON (trx)
[2025-11-24 22:20:01] Synced coin: Lido Staked Ether (steth)
[2025-11-24 22:20:01] Synced coin: Dogecoin (doge)
[2025-11-24 22:20:01] Synced coin: Cardano (ada)
[2025-11-24 22:20:01] Synced coin: Figure Heloc (figr_heloc)
[2025-11-24 22:20:01] Synced coin: WhiteBIT Coin (wbt)
[2025-11-24 22:20:01] Synced coin: Wrapped stETH (wsteth)
[2025-11-24 22:20:01] Synced coin: Bitcoin Cash (bch)
[2025-11-24 22:20:01] Synced coin: Wrapped Bitcoin (wbtc)
[2025-11-24 22:20:01] Synced coin: Wrapped Beacon ETH (wbeth)
[2025-11-24 22:20:01] Synced coin: Zcash (zec)
[2025-11-24 22:20:01] Synced coin: USDS (usds)
[2025-11-24 22:20:01] Synced coin: Binance Bridged USDT (BNB Smart Chain) (bsc-usd)
[2025-11-24 22:20:01] Synced coin: LEO Token (leo)
[2025-11-24 22:20:01] Synced coin: Chainlink (link)
[2025-11-24 22:20:01] Synced coin: Hyperliquid (hype)
[2025-11-24 22:20:01] Synced coin: Stellar (xlm)
[2025-11-24 22:20:01] Synced coin: WETH (weth)
[2025-11-24 22:20:01] Synced coin: Ethena USDe (usde)
[2025-11-24 22:20:01] Synced coin: Wrapped eETH (weeth)
[2025-11-24 22:20:01] Synced coin: Monero (xmr)
[2025-11-24 22:20:01] Synced coin: Litecoin (ltc)
[2025-11-24 22:20:01] Synced coin: Coinbase Wrapped BTC (cbbtc)
[2025-11-24 22:20:01] Synced coin: Hedera (hbar)
[2025-11-24 22:20:01] Synced coin: Avalanche (avax)
[2025-11-24 22:20:01] Synced coin: Sui (sui)
[2025-11-24 22:20:01] Synced coin: Shiba Inu (shib)
[2025-11-24 22:20:01] Synced coin: Dai (dai)
[2025-11-24 22:20:01] Synced coin: Ethena Staked USDe (susde)
[2025-11-24 22:20:01] Synced coin: World Liberty Financial (wlfi)
[2025-11-24 22:20:01] Synced coin: Cronos (cro)
[2025-11-24 22:20:01] Synced coin: USDT0 (usdt0)
[2025-11-24 22:20:01] Synced coin: Uniswap (uni)
[2025-11-24 22:20:01] Synced coin: sUSDS (susds)
[2025-11-24 22:20:01] Synced coin: Polkadot (dot)
[2025-11-24 22:20:01] Synced coin: Toncoin (ton)
[2025-11-24 22:20:01] Synced coin: PayPal USD (pyusd)
[2025-11-24 22:20:01] Synced coin: MemeCore (m)
[2025-11-24 22:20:01] Synced coin: Mantle (mnt)
[2025-11-24 22:20:01] Synced coin: Canton (cc)
[2025-11-24 22:20:01] Synced coin: Bittensor (tao)
[2025-11-24 22:20:01] Synced coin: USD1 (usd1)
[2025-11-24 22:20:01] Synced coin: Aave (aave)
[2025-11-24 22:20:01] Synced coin: Bitget Token (bgb)
[2025-11-24 22:20:01] Synced coin: NEAR Protocol (near)
[2025-11-24 22:20:01] Synced coin: BlackRock USD Institutional Digital Liquidity Fund (buidl)
[2025-11-24 22:20:01] Synced coin: Aster (aster)
[2025-11-24 22:20:01] Synced coin: OKB (okb)
[2025-11-24 22:20:01] Synced coin: Falcon USD (usdf)
[2025-11-24 22:20:01] Synced coin: Internet Computer (icp)
[2025-11-24 22:20:01] Synced coin: Tether Gold (xaut)
[2025-11-24 22:20:01] Synced coin: Ethereum Classic (etc)
[2025-11-24 22:20:01] Synced coin: Pi Network (pi)
[2025-11-24 22:20:01] Synced coin: Jito Staked SOL (jitosol)
[2025-11-24 22:20:01] Synced coin: Ethena (ena)
[2025-11-24 22:20:01] Synced coin: Jupiter Perpetuals Liquidity Provider Token (jlp)
[2025-11-24 22:20:01] Synced coin: Pepe (pepe)
[2025-11-24 22:20:01] Synced coin: Binance-Peg WETH (weth)
[2025-11-24 22:20:01] Synced coin: Wrapped SOL (sol)
[2025-11-24 22:20:01] Synced coin: Aptos (apt)
[2025-11-24 22:20:01] Synced coin: Rain (rain)
[2025-11-24 22:20:01] Synced coin: HTX DAO (htx)
[2025-11-24 22:20:01] Synced coin: Pump.fun (pump)
[2025-11-24 22:20:01] Synced coin: Ondo (ondo)
[2025-11-24 22:20:01] Synced coin: KuCoin (kcs)
[2025-11-24 22:20:01] Synced coin: Worldcoin (wld)
[2025-11-24 22:20:01] Synced coin: POL (ex-MATIC) (pol)
[2025-11-24 22:20:01] Synced coin: PAX Gold (paxg)
[2025-11-24 22:20:01] Synced coin: USDtb (usdtb)
[2025-11-24 22:20:01] Synced coin: BFUSD (bfusd)
[2025-11-24 22:20:01] Synced coin: syrupUSDC (syrupusdc)
[2025-11-24 22:20:01] Synced coin: Binance Bridged USDC (BNB Smart Chain) (usdc)
[2025-11-24 22:20:01] Synced coin: Algorand (algo)
[2025-11-24 22:20:01] Synced coin: Official Trump (trump)
[2025-11-24 22:20:01] Synced coin: Provenance Blockchain (hash)
[2025-11-24 22:20:01] Synced coin: Rocket Pool ETH (reth)
[2025-11-24 22:20:01] Synced coin: Filecoin (fil)
[2025-11-24 22:20:01] Synced coin: Circle USYC (usyc)
[2025-11-24 22:20:01] Synced coin: Global Dollar (usdg)
[2025-11-24 22:20:01] Synced coin: Cosmos Hub (atom)
[2025-11-24 22:20:01] Synced coin: Gate (gt)
[2025-11-24 22:20:01] Synced coin: Ripple USD (rlusd)
[2025-11-24 22:20:01] Synced coin: Wrapped BNB (wbnb)
[2025-11-24 22:20:01] Synced coin: Arbitrum (arb)
[2025-11-24 22:20:01] Synced coin: Binance Staked SOL (bnsol)
[2025-11-24 22:20:01] Synced coin: Quant (qnt)
[2025-11-24 22:20:01] Synced coin: VeChain (vet)
[2025-11-24 22:20:01] Synced coin: Kaspa (kas)
[2025-11-24 22:20:01] Synced coin: Flare (flr)
[2025-11-24 22:20:01] Synced coin: Function FBTC (fbtc)
[2025-11-24 22:20:01] Synced coin: Kelp DAO Restaked ETH (rseth)
[2025-11-24 22:20:01] Synced coin: Lombard Staked BTC (lbtc)
[2025-11-24 22:20:01] Synced coin: XDC Network (xdc)
[2025-11-24 22:20:01] Sync completed successfully.
[2025-11-24 22:25:02] Synced coin: Bitcoin (btc)
[2025-11-24 22:25:02] Synced coin: Ethereum (eth)
[2025-11-24 22:25:02] Synced coin: Tether (usdt)
[2025-11-24 22:25:02] Synced coin: XRP (xrp)
[2025-11-24 22:25:02] Synced coin: BNB (bnb)
[2025-11-24 22:25:02] Synced coin: USDC (usdc)
[2025-11-24 22:25:02] Synced coin: Solana (sol)
[2025-11-24 22:25:02] Synced coin: TRON (trx)
[2025-11-24 22:25:02] Synced coin: Lido Staked Ether (steth)
[2025-11-24 22:25:02] Synced coin: Dogecoin (doge)
[2025-11-24 22:25:02] Synced coin: Cardano (ada)
[2025-11-24 22:25:02] Synced coin: Figure Heloc (figr_heloc)
[2025-11-24 22:25:02] Synced coin: WhiteBIT Coin (wbt)
[2025-11-24 22:25:02] Synced coin: Wrapped stETH (wsteth)
[2025-11-24 22:25:02] Synced coin: Bitcoin Cash (bch)
[2025-11-24 22:25:02] Synced coin: Wrapped Bitcoin (wbtc)
[2025-11-24 22:25:02] Synced coin: Wrapped Beacon ETH (wbeth)
[2025-11-24 22:25:02] Synced coin: Zcash (zec)
[2025-11-24 22:25:02] Synced coin: USDS (usds)
[2025-11-24 22:25:02] Synced coin: Binance Bridged USDT (BNB Smart Chain) (bsc-usd)
[2025-11-24 22:25:02] Synced coin: LEO Token (leo)
[2025-11-24 22:25:02] Synced coin: Chainlink (link)
[2025-11-24 22:25:02] Synced coin: Hyperliquid (hype)
[2025-11-24 22:25:02] Synced coin: Stellar (xlm)
[2025-11-24 22:25:02] Synced coin: WETH (weth)
[2025-11-24 22:25:02] Synced coin: Ethena USDe (usde)
[2025-11-24 22:25:02] Synced coin: Wrapped eETH (weeth)
[2025-11-24 22:25:02] Synced coin: Monero (xmr)
[2025-11-24 22:25:02] Synced coin: Litecoin (ltc)
[2025-11-24 22:25:02] Synced coin: Coinbase Wrapped BTC (cbbtc)
[2025-11-24 22:25:02] Synced coin: Hedera (hbar)
[2025-11-24 22:25:02] Synced coin: Avalanche (avax)
[2025-11-24 22:25:02] Synced coin: Sui (sui)
[2025-11-24 22:25:02] Synced coin: Shiba Inu (shib)
[2025-11-24 22:25:02] Synced coin: Dai (dai)
[2025-11-24 22:25:02] Synced coin: Ethena Staked USDe (susde)
[2025-11-24 22:25:02] Synced coin: World Liberty Financial (wlfi)
[2025-11-24 22:25:02] Synced coin: Cronos (cro)
[2025-11-24 22:25:02] Synced coin: USDT0 (usdt0)
[2025-11-24 22:25:02] Synced coin: Uniswap (uni)
[2025-11-24 22:25:02] Synced coin: sUSDS (susds)
[2025-11-24 22:25:02] Synced coin: Polkadot (dot)
[2025-11-24 22:25:02] Synced coin: Toncoin (ton)
[2025-11-24 22:25:02] Synced coin: PayPal USD (pyusd)
[2025-11-24 22:25:02] Synced coin: MemeCore (m)
[2025-11-24 22:25:02] Synced coin: Mantle (mnt)
[2025-11-24 22:25:02] Synced coin: Canton (cc)
[2025-11-24 22:25:02] Synced coin: Bittensor (tao)
[2025-11-24 22:25:02] Synced coin: USD1 (usd1)
[2025-11-24 22:25:02] Synced coin: Aave (aave)
[2025-11-24 22:25:02] Synced coin: Bitget Token (bgb)
[2025-11-24 22:25:02] Synced coin: NEAR Protocol (near)
[2025-11-24 22:25:02] Synced coin: BlackRock USD Institutional Digital Liquidity Fund (buidl)
[2025-11-24 22:25:02] Synced coin: Aster (aster)
[2025-11-24 22:25:02] Synced coin: Falcon USD (usdf)
[2025-11-24 22:25:02] Synced coin: OKB (okb)
[2025-11-24 22:25:02] Synced coin: Internet Computer (icp)
[2025-11-24 22:25:02] Synced coin: Tether Gold (xaut)
[2025-11-24 22:25:02] Synced coin: Ethereum Classic (etc)
[2025-11-24 22:25:02] Synced coin: Pi Network (pi)
[2025-11-24 22:25:02] Synced coin: Jito Staked SOL (jitosol)
[2025-11-24 22:25:02] Synced coin: Ethena (ena)
[2025-11-24 22:25:02] Synced coin: Jupiter Perpetuals Liquidity Provider Token (jlp)
[2025-11-24 22:25:02] Synced coin: Pepe (pepe)
[2025-11-24 22:25:02] Synced coin: Binance-Peg WETH (weth)
[2025-11-24 22:25:02] Synced coin: Wrapped SOL (sol)
[2025-11-24 22:25:02] Synced coin: Aptos (apt)
[2025-11-24 22:25:02] Synced coin: Rain (rain)
[2025-11-24 22:25:02] Synced coin: HTX DAO (htx)
[2025-11-24 22:25:02] Synced coin: Pump.fun (pump)
[2025-11-24 22:25:02] Synced coin: Ondo (ondo)
[2025-11-24 22:25:02] Synced coin: KuCoin (kcs)
[2025-11-24 22:25:02] Synced coin: Worldcoin (wld)
[2025-11-24 22:25:02] Synced coin: POL (ex-MATIC) (pol)
[2025-11-24 22:25:02] Synced coin: PAX Gold (paxg)
[2025-11-24 22:25:02] Synced coin: USDtb (usdtb)
[2025-11-24 22:25:02] Synced coin: BFUSD (bfusd)
[2025-11-24 22:25:02] Synced coin: syrupUSDC (syrupusdc)
[2025-11-24 22:25:02] Synced coin: Binance Bridged USDC (BNB Smart Chain) (usdc)
[2025-11-24 22:25:02] Synced coin: Official Trump (trump)
[2025-11-24 22:25:02] Synced coin: Algorand (algo)
[2025-11-24 22:25:02] Synced coin: Provenance Blockchain (hash)
[2025-11-24 22:25:02] Synced coin: Rocket Pool ETH (reth)
[2025-11-24 22:25:02] Synced coin: Circle USYC (usyc)
[2025-11-24 22:25:02] Synced coin: Filecoin (fil)
[2025-11-24 22:25:02] Synced coin: Global Dollar (usdg)
[2025-11-24 22:25:02] Synced coin: Cosmos Hub (atom)
[2025-11-24 22:25:02] Synced coin: Gate (gt)
[2025-11-24 22:25:02] Synced coin: Ripple USD (rlusd)
[2025-11-24 22:25:02] Synced coin: Wrapped BNB (wbnb)
[2025-11-24 22:25:02] Synced coin: Arbitrum (arb)
[2025-11-24 22:25:02] Synced coin: Binance Staked SOL (bnsol)
[2025-11-24 22:25:02] Synced coin: Quant (qnt)
[2025-11-24 22:25:02] Synced coin: VeChain (vet)
[2025-11-24 22:25:02] Synced coin: Kaspa (kas)
[2025-11-24 22:25:02] Synced coin: Flare (flr)
[2025-11-24 22:25:02] Synced coin: Function FBTC (fbtc)
[2025-11-24 22:25:02] Synced coin: Kelp DAO Restaked ETH (rseth)
[2025-11-24 22:25:02] Synced coin: Lombard Staked BTC (lbtc)
[2025-11-24 22:25:02] Synced coin: XDC Network (xdc)
[2025-11-24 22:25:02] Sync completed successfully.
[2025-11-24 22:30:02] Synced coin: Bitcoin (btc)
[2025-11-24 22:30:02] Synced coin: Ethereum (eth)
[2025-11-24 22:30:02] Synced coin: Tether (usdt)
[2025-11-24 22:30:02] Synced coin: XRP (xrp)
[2025-11-24 22:30:02] Synced coin: BNB (bnb)
[2025-11-24 22:30:02] Synced coin: USDC (usdc)
[2025-11-24 22:30:02] Synced coin: Solana (sol)
[2025-11-24 22:30:02] Synced coin: TRON (trx)
[2025-11-24 22:30:02] Synced coin: Lido Staked Ether (steth)
[2025-11-24 22:30:02] Synced coin: Dogecoin (doge)
[2025-11-24 22:30:02] Synced coin: Cardano (ada)
[2025-11-24 22:30:02] Synced coin: Figure Heloc (figr_heloc)
[2025-11-24 22:30:02] Synced coin: WhiteBIT Coin (wbt)
[2025-11-24 22:30:02] Synced coin: Wrapped stETH (wsteth)
[2025-11-24 22:30:02] Synced coin: Bitcoin Cash (bch)
[2025-11-24 22:30:02] Synced coin: Wrapped Bitcoin (wbtc)
[2025-11-24 22:30:02] Synced coin: Wrapped Beacon ETH (wbeth)
[2025-11-24 22:30:02] Synced coin: USDS (usds)
[2025-11-24 22:30:02] Synced coin: Zcash (zec)
[2025-11-24 22:30:02] Synced coin: Binance Bridged USDT (BNB Smart Chain) (bsc-usd)
[2025-11-24 22:30:02] Synced coin: LEO Token (leo)
[2025-11-24 22:30:02] Synced coin: Chainlink (link)
[2025-11-24 22:30:02] Synced coin: Hyperliquid (hype)
[2025-11-24 22:30:02] Synced coin: Stellar (xlm)
[2025-11-24 22:30:02] Synced coin: WETH (weth)
[2025-11-24 22:30:02] Synced coin: Ethena USDe (usde)
[2025-11-24 22:30:02] Synced coin: Wrapped eETH (weeth)
[2025-11-24 22:30:02] Synced coin: Monero (xmr)
[2025-11-24 22:30:02] Synced coin: Litecoin (ltc)
[2025-11-24 22:30:02] Synced coin: Coinbase Wrapped BTC (cbbtc)
[2025-11-24 22:30:02] Synced coin: Hedera (hbar)
[2025-11-24 22:30:02] Synced coin: Avalanche (avax)
[2025-11-24 22:30:02] Synced coin: Sui (sui)
[2025-11-24 22:30:02] Synced coin: Shiba Inu (shib)
[2025-11-24 22:30:02] Synced coin: Dai (dai)
[2025-11-24 22:30:02] Synced coin: Ethena Staked USDe (susde)
[2025-11-24 22:30:02] Synced coin: Cronos (cro)
[2025-11-24 22:30:02] Synced coin: World Liberty Financial (wlfi)
[2025-11-24 22:30:02] Synced coin: USDT0 (usdt0)
[2025-11-24 22:30:02] Synced coin: Uniswap (uni)
[2025-11-24 22:30:02] Synced coin: sUSDS (susds)
[2025-11-24 22:30:02] Synced coin: Polkadot (dot)
[2025-11-24 22:30:02] Synced coin: Toncoin (ton)
[2025-11-24 22:30:02] Synced coin: PayPal USD (pyusd)
[2025-11-24 22:30:02] Synced coin: MemeCore (m)
[2025-11-24 22:30:02] Synced coin: Mantle (mnt)
[2025-11-24 22:30:02] Synced coin: Canton (cc)
[2025-11-24 22:30:02] Synced coin: Bittensor (tao)
[2025-11-24 22:30:02] Synced coin: USD1 (usd1)
[2025-11-24 22:30:02] Synced coin: Aave (aave)
[2025-11-24 22:30:02] Synced coin: Bitget Token (bgb)
[2025-11-24 22:30:02] Synced coin: NEAR Protocol (near)
[2025-11-24 22:30:02] Synced coin: BlackRock USD Institutional Digital Liquidity Fund (buidl)
[2025-11-24 22:30:02] Synced coin: Aster (aster)
[2025-11-24 22:30:02] Synced coin: Falcon USD (usdf)
[2025-11-24 22:30:02] Synced coin: OKB (okb)
[2025-11-24 22:30:02] Synced coin: Internet Computer (icp)
[2025-11-24 22:30:02] Synced coin: Tether Gold (xaut)
[2025-11-24 22:30:02] Synced coin: Ethereum Classic (etc)
[2025-11-24 22:30:02] Synced coin: Pi Network (pi)
[2025-11-24 22:30:02] Synced coin: Jito Staked SOL (jitosol)
[2025-11-24 22:30:02] Synced coin: Jupiter Perpetuals Liquidity Provider Token (jlp)
[2025-11-24 22:30:02] Synced coin: Ethena (ena)
[2025-11-24 22:30:02] Synced coin: Pepe (pepe)
[2025-11-24 22:30:02] Synced coin: Binance-Peg WETH (weth)
[2025-11-24 22:30:02] Synced coin: Wrapped SOL (sol)
[2025-11-24 22:30:02] Synced coin: Rain (rain)
[2025-11-24 22:30:02] Synced coin: Aptos (apt)
[2025-11-24 22:30:02] Synced coin: HTX DAO (htx)
[2025-11-24 22:30:02] Synced coin: Pump.fun (pump)
[2025-11-24 22:30:02] Synced coin: Ondo (ondo)
[2025-11-24 22:30:02] Synced coin: KuCoin (kcs)
[2025-11-24 22:30:02] Synced coin: Worldcoin (wld)
[2025-11-24 22:30:02] Synced coin: POL (ex-MATIC) (pol)
[2025-11-24 22:30:02] Synced coin: PAX Gold (paxg)
[2025-11-24 22:30:02] Synced coin: USDtb (usdtb)
[2025-11-24 22:30:02] Synced coin: BFUSD (bfusd)
[2025-11-24 22:30:02] Synced coin: syrupUSDC (syrupusdc)
[2025-11-24 22:30:02] Synced coin: Binance Bridged USDC (BNB Smart Chain) (usdc)
[2025-11-24 22:30:02] Synced coin: Algorand (algo)
[2025-11-24 22:30:02] Synced coin: Official Trump (trump)
[2025-11-24 22:30:02] Synced coin: Provenance Blockchain (hash)
[2025-11-24 22:30:02] Synced coin: Rocket Pool ETH (reth)
[2025-11-24 22:30:02] Synced coin: Circle USYC (usyc)
[2025-11-24 22:30:02] Synced coin: Filecoin (fil)
[2025-11-24 22:30:02] Synced coin: Global Dollar (usdg)
[2025-11-24 22:30:02] Synced coin: Gate (gt)
[2025-11-24 22:30:02] Synced coin: Ripple USD (rlusd)
[2025-11-24 22:30:02] Synced coin: Cosmos Hub (atom)
[2025-11-24 22:30:02] Synced coin: Wrapped BNB (wbnb)
[2025-11-24 22:30:02] Synced coin: Arbitrum (arb)
[2025-11-24 22:30:02] Synced coin: Binance Staked SOL (bnsol)
[2025-11-24 22:30:02] Synced coin: Quant (qnt)
[2025-11-24 22:30:02] Synced coin: VeChain (vet)
[2025-11-24 22:30:02] Synced coin: Kaspa (kas)
[2025-11-24 22:30:02] Synced coin: Flare (flr)
[2025-11-24 22:30:02] Synced coin: Function FBTC (fbtc)
[2025-11-24 22:30:02] Synced coin: Kelp DAO Restaked ETH (rseth)
[2025-11-24 22:30:02] Synced coin: Lombard Staked BTC (lbtc)
[2025-11-24 22:30:02] Synced coin: XDC Network (xdc)
[2025-11-24 22:30:02] Sync completed successfully.
[2025-11-24 22:35:02] Synced coin: Bitcoin (btc)
[2025-11-24 22:35:02] Synced coin: Ethereum (eth)
[2025-11-24 22:35:02] Synced coin: Tether (usdt)
[2025-11-24 22:35:02] Synced coin: XRP (xrp)
[2025-11-24 22:35:02] Synced coin: BNB (bnb)
[2025-11-24 22:35:02] Synced coin: USDC (usdc)
[2025-11-24 22:35:02] Synced coin: Solana (sol)
[2025-11-24 22:35:02] Synced coin: TRON (trx)
[2025-11-24 22:35:02] Synced coin: Lido Staked Ether (steth)
[2025-11-24 22:35:02] Synced coin: Dogecoin (doge)
[2025-11-24 22:35:02] Synced coin: Cardano (ada)
[2025-11-24 22:35:02] Synced coin: Figure Heloc (figr_heloc)
[2025-11-24 22:35:02] Synced coin: WhiteBIT Coin (wbt)
[2025-11-24 22:35:02] Synced coin: Wrapped stETH (wsteth)
[2025-11-24 22:35:02] Synced coin: Bitcoin Cash (bch)
[2025-11-24 22:35:02] Synced coin: Wrapped Bitcoin (wbtc)
[2025-11-24 22:35:02] Synced coin: Wrapped Beacon ETH (wbeth)
[2025-11-24 22:35:02] Synced coin: Zcash (zec)
[2025-11-24 22:35:02] Synced coin: USDS (usds)
[2025-11-24 22:35:02] Synced coin: Binance Bridged USDT (BNB Smart Chain) (bsc-usd)
[2025-11-24 22:35:02] Synced coin: LEO Token (leo)
[2025-11-24 22:35:02] Synced coin: Chainlink (link)
[2025-11-24 22:35:02] Synced coin: Hyperliquid (hype)
[2025-11-24 22:35:02] Synced coin: Stellar (xlm)
[2025-11-24 22:35:02] Synced coin: WETH (weth)
[2025-11-24 22:35:02] Synced coin: Ethena USDe (usde)
[2025-11-24 22:35:02] Synced coin: Wrapped eETH (weeth)
[2025-11-24 22:35:02] Synced coin: Monero (xmr)
[2025-11-24 22:35:02] Synced coin: Litecoin (ltc)
[2025-11-24 22:35:02] Synced coin: Coinbase Wrapped BTC (cbbtc)
[2025-11-24 22:35:02] Synced coin: Hedera (hbar)
[2025-11-24 22:35:02] Synced coin: Avalanche (avax)
[2025-11-24 22:35:02] Synced coin: Sui (sui)
[2025-11-24 22:35:02] Synced coin: Shiba Inu (shib)
[2025-11-24 22:35:02] Synced coin: Dai (dai)
[2025-11-24 22:35:02] Synced coin: Ethena Staked USDe (susde)
[2025-11-24 22:35:02] Synced coin: World Liberty Financial (wlfi)
[2025-11-24 22:35:02] Synced coin: Cronos (cro)
[2025-11-24 22:35:02] Synced coin: USDT0 (usdt0)
[2025-11-24 22:35:02] Synced coin: Uniswap (uni)
[2025-11-24 22:35:02] Synced coin: sUSDS (susds)
[2025-11-24 22:35:02] Synced coin: Polkadot (dot)
[2025-11-24 22:35:02] Synced coin: Toncoin (ton)
[2025-11-24 22:35:02] Synced coin: PayPal USD (pyusd)
[2025-11-24 22:35:02] Synced coin: MemeCore (m)
[2025-11-24 22:35:02] Synced coin: Mantle (mnt)
[2025-11-24 22:35:02] Synced coin: Canton (cc)
[2025-11-24 22:35:02] Synced coin: Bittensor (tao)
[2025-11-24 22:35:02] Synced coin: USD1 (usd1)
[2025-11-24 22:35:02] Synced coin: Aave (aave)
[2025-11-24 22:35:02] Synced coin: Bitget Token (bgb)
[2025-11-24 22:35:02] Synced coin: NEAR Protocol (near)
[2025-11-24 22:35:02] Synced coin: BlackRock USD Institutional Digital Liquidity Fund (buidl)
[2025-11-24 22:35:02] Synced coin: Aster (aster)
[2025-11-24 22:35:02] Synced coin: Falcon USD (usdf)
[2025-11-24 22:35:02] Synced coin: OKB (okb)
[2025-11-24 22:35:02] Synced coin: Internet Computer (icp)
[2025-11-24 22:35:02] Synced coin: Tether Gold (xaut)
[2025-11-24 22:35:02] Synced coin: Ethereum Classic (etc)
[2025-11-24 22:35:02] Synced coin: Pi Network (pi)
[2025-11-24 22:35:02] Synced coin: Jito Staked SOL (jitosol)
[2025-11-24 22:35:02] Synced coin: Jupiter Perpetuals Liquidity Provider Token (jlp)
[2025-11-24 22:35:02] Synced coin: Ethena (ena)
[2025-11-24 22:35:02] Synced coin: Pepe (pepe)
[2025-11-24 22:35:02] Synced coin: Binance-Peg WETH (weth)
[2025-11-24 22:35:02] Synced coin: Wrapped SOL (sol)
[2025-11-24 22:35:02] Synced coin: Rain (rain)
[2025-11-24 22:35:02] Synced coin: Aptos (apt)
[2025-11-24 22:35:02] Synced coin: HTX DAO (htx)
[2025-11-24 22:35:02] Synced coin: Pump.fun (pump)
[2025-11-24 22:35:02] Synced coin: Ondo (ondo)
[2025-11-24 22:35:02] Synced coin: KuCoin (kcs)
[2025-11-24 22:35:02] Synced coin: Worldcoin (wld)
[2025-11-24 22:35:02] Synced coin: POL (ex-MATIC) (pol)
[2025-11-24 22:35:02] Synced coin: PAX Gold (paxg)
[2025-11-24 22:35:02] Synced coin: USDtb (usdtb)
[2025-11-24 22:35:02] Synced coin: BFUSD (bfusd)
[2025-11-24 22:35:02] Synced coin: syrupUSDC (syrupusdc)
[2025-11-24 22:35:02] Synced coin: Binance Bridged USDC (BNB Smart Chain) (usdc)
[2025-11-24 22:35:02] Synced coin: Official Trump (trump)
[2025-11-24 22:35:02] Synced coin: Algorand (algo)
[2025-11-24 22:35:02] Synced coin: Provenance Blockchain (hash)
[2025-11-24 22:35:02] Synced coin: Rocket Pool ETH (reth)
[2025-11-24 22:35:02] Synced coin: Circle USYC (usyc)
[2025-11-24 22:35:02] Synced coin: Filecoin (fil)
[2025-11-24 22:35:02] Synced coin: Global Dollar (usdg)
[2025-11-24 22:35:02] Synced coin: Gate (gt)
[2025-11-24 22:35:02] Synced coin: Cosmos Hub (atom)
[2025-11-24 22:35:02] Synced coin: Ripple USD (rlusd)
[2025-11-24 22:35:02] Synced coin: Wrapped BNB (wbnb)
[2025-11-24 22:35:02] Synced coin: Arbitrum (arb)
[2025-11-24 22:35:02] Synced coin: Binance Staked SOL (bnsol)
[2025-11-24 22:35:02] Synced coin: Quant (qnt)
[2025-11-24 22:35:02] Synced coin: VeChain (vet)
[2025-11-24 22:35:02] Synced coin: Kaspa (kas)
[2025-11-24 22:35:02] Synced coin: Flare (flr)
[2025-11-24 22:35:02] Synced coin: Function FBTC (fbtc)
[2025-11-24 22:35:02] Synced coin: Kelp DAO Restaked ETH (rseth)
[2025-11-24 22:35:02] Synced coin: Lombard Staked BTC (lbtc)
[2025-11-24 22:35:02] Synced coin: XDC Network (xdc)
[2025-11-24 22:35:02] Sync completed successfully.
[2025-11-24 22:40:02] Synced coin: Bitcoin (btc)
[2025-11-24 22:40:02] Synced coin: Ethereum (eth)
[2025-11-24 22:40:02] Synced coin: Tether (usdt)
[2025-11-24 22:40:02] Synced coin: XRP (xrp)
[2025-11-24 22:40:02] Synced coin: BNB (bnb)
[2025-11-24 22:40:02] Synced coin: USDC (usdc)
[2025-11-24 22:40:02] Synced coin: Solana (sol)
[2025-11-24 22:40:02] Synced coin: TRON (trx)
[2025-11-24 22:40:02] Synced coin: Lido Staked Ether (steth)
[2025-11-24 22:40:02] Synced coin: Dogecoin (doge)
[2025-11-24 22:40:02] Synced coin: Cardano (ada)
[2025-11-24 22:40:02] Synced coin: Figure Heloc (figr_heloc)
[2025-11-24 22:40:02] Synced coin: WhiteBIT Coin (wbt)
[2025-11-24 22:40:02] Synced coin: Wrapped stETH (wsteth)
[2025-11-24 22:40:02] Synced coin: Bitcoin Cash (bch)
[2025-11-24 22:40:02] Synced coin: Wrapped Bitcoin (wbtc)
[2025-11-24 22:40:02] Synced coin: Wrapped Beacon ETH (wbeth)
[2025-11-24 22:40:02] Synced coin: Zcash (zec)
[2025-11-24 22:40:02] Synced coin: USDS (usds)
[2025-11-24 22:40:02] Synced coin: Binance Bridged USDT (BNB Smart Chain) (bsc-usd)
[2025-11-24 22:40:02] Synced coin: LEO Token (leo)
[2025-11-24 22:40:02] Synced coin: Chainlink (link)
[2025-11-24 22:40:02] Synced coin: Hyperliquid (hype)
[2025-11-24 22:40:02] Synced coin: Stellar (xlm)
[2025-11-24 22:40:02] Synced coin: WETH (weth)
[2025-11-24 22:40:02] Synced coin: Ethena USDe (usde)
[2025-11-24 22:40:02] Synced coin: Wrapped eETH (weeth)
[2025-11-24 22:40:02] Synced coin: Monero (xmr)
[2025-11-24 22:40:02] Synced coin: Litecoin (ltc)
[2025-11-24 22:40:02] Synced coin: Coinbase Wrapped BTC (cbbtc)
[2025-11-24 22:40:02] Synced coin: Hedera (hbar)
[2025-11-24 22:40:02] Synced coin: Avalanche (avax)
[2025-11-24 22:40:02] Synced coin: Sui (sui)
[2025-11-24 22:40:02] Synced coin: Shiba Inu (shib)
[2025-11-24 22:40:02] Synced coin: Dai (dai)
[2025-11-24 22:40:02] Synced coin: Ethena Staked USDe (susde)
[2025-11-24 22:40:02] Synced coin: World Liberty Financial (wlfi)
[2025-11-24 22:40:02] Synced coin: Cronos (cro)
[2025-11-24 22:40:02] Synced coin: USDT0 (usdt0)
[2025-11-24 22:40:02] Synced coin: Uniswap (uni)
[2025-11-24 22:40:02] Synced coin: sUSDS (susds)
[2025-11-24 22:40:02] Synced coin: Polkadot (dot)
[2025-11-24 22:40:02] Synced coin: Toncoin (ton)
[2025-11-24 22:40:02] Synced coin: PayPal USD (pyusd)
[2025-11-24 22:40:02] Synced coin: MemeCore (m)
[2025-11-24 22:40:02] Synced coin: Mantle (mnt)
[2025-11-24 22:40:02] Synced coin: Canton (cc)
[2025-11-24 22:40:02] Synced coin: Bittensor (tao)
[2025-11-24 22:40:02] Synced coin: USD1 (usd1)
[2025-11-24 22:40:02] Synced coin: Aave (aave)
[2025-11-24 22:40:02] Synced coin: Bitget Token (bgb)
[2025-11-24 22:40:02] Synced coin: NEAR Protocol (near)
[2025-11-24 22:40:02] Synced coin: BlackRock USD Institutional Digital Liquidity Fund (buidl)
[2025-11-24 22:40:02] Synced coin: Aster (aster)
[2025-11-24 22:40:02] Synced coin: Falcon USD (usdf)
[2025-11-24 22:40:02] Synced coin: OKB (okb)
[2025-11-24 22:40:02] Synced coin: Internet Computer (icp)
[2025-11-24 22:40:02] Synced coin: Tether Gold (xaut)
[2025-11-24 22:40:02] Synced coin: Ethereum Classic (etc)
[2025-11-24 22:40:02] Synced coin: Pi Network (pi)
[2025-11-24 22:40:02] Synced coin: Jito Staked SOL (jitosol)
[2025-11-24 22:40:02] Synced coin: Jupiter Perpetuals Liquidity Provider Token (jlp)
[2025-11-24 22:40:02] Synced coin: Ethena (ena)
[2025-11-24 22:40:02] Synced coin: Pepe (pepe)
[2025-11-24 22:40:02] Synced coin: Binance-Peg WETH (weth)
[2025-11-24 22:40:02] Synced coin: Wrapped SOL (sol)
[2025-11-24 22:40:02] Synced coin: Rain (rain)
[2025-11-24 22:40:02] Synced coin: Aptos (apt)
[2025-11-24 22:40:02] Synced coin: HTX DAO (htx)
[2025-11-24 22:40:02] Synced coin: Pump.fun (pump)
[2025-11-24 22:40:02] Synced coin: Ondo (ondo)
[2025-11-24 22:40:02] Synced coin: KuCoin (kcs)
[2025-11-24 22:40:02] Synced coin: Worldcoin (wld)
[2025-11-24 22:40:02] Synced coin: POL (ex-MATIC) (pol)
[2025-11-24 22:40:02] Synced coin: PAX Gold (paxg)
[2025-11-24 22:40:02] Synced coin: USDtb (usdtb)
[2025-11-24 22:40:02] Synced coin: BFUSD (bfusd)
[2025-11-24 22:40:02] Synced coin: syrupUSDC (syrupusdc)
[2025-11-24 22:40:02] Synced coin: Binance Bridged USDC (BNB Smart Chain) (usdc)
[2025-11-24 22:40:02] Synced coin: Official Trump (trump)
[2025-11-24 22:40:02] Synced coin: Algorand (algo)
[2025-11-24 22:40:02] Synced coin: Provenance Blockchain (hash)
[2025-11-24 22:40:02] Synced coin: Rocket Pool ETH (reth)
[2025-11-24 22:40:02] Synced coin: Circle USYC (usyc)
[2025-11-24 22:40:02] Synced coin: Filecoin (fil)
[2025-11-24 22:40:02] Synced coin: Global Dollar (usdg)
[2025-11-24 22:40:02] Synced coin: Gate (gt)
[2025-11-24 22:40:02] Synced coin: Cosmos Hub (atom)
[2025-11-24 22:40:02] Synced coin: Ripple USD (rlusd)
[2025-11-24 22:40:02] Synced coin: Wrapped BNB (wbnb)
[2025-11-24 22:40:02] Synced coin: Arbitrum (arb)
[2025-11-24 22:40:02] Synced coin: Binance Staked SOL (bnsol)
[2025-11-24 22:40:02] Synced coin: Quant (qnt)
[2025-11-24 22:40:02] Synced coin: VeChain (vet)
[2025-11-24 22:40:02] Synced coin: Kaspa (kas)
[2025-11-24 22:40:02] Synced coin: Flare (flr)
[2025-11-24 22:40:02] Synced coin: Function FBTC (fbtc)
[2025-11-24 22:40:02] Synced coin: Kelp DAO Restaked ETH (rseth)
[2025-11-24 22:40:02] Synced coin: Lombard Staked BTC (lbtc)
[2025-11-24 22:40:02] Synced coin: XDC Network (xdc)
[2025-11-24 22:40:02] Sync completed successfully.
[2025-11-24 22:45:01] Synced coin: Bitcoin (btc)
[2025-11-24 22:45:01] Synced coin: Ethereum (eth)
[2025-11-24 22:45:01] Synced coin: Tether (usdt)
[2025-11-24 22:45:01] Synced coin: XRP (xrp)
[2025-11-24 22:45:01] Synced coin: BNB (bnb)
[2025-11-24 22:45:01] Synced coin: USDC (usdc)
[2025-11-24 22:45:01] Synced coin: Solana (sol)
[2025-11-24 22:45:01] Synced coin: TRON (trx)
[2025-11-24 22:45:01] Synced coin: Lido Staked Ether (steth)
[2025-11-24 22:45:01] Synced coin: Dogecoin (doge)
[2025-11-24 22:45:01] Synced coin: Cardano (ada)
[2025-11-24 22:45:01] Synced coin: Figure Heloc (figr_heloc)
[2025-11-24 22:45:01] Synced coin: WhiteBIT Coin (wbt)
[2025-11-24 22:45:01] Synced coin: Wrapped stETH (wsteth)
[2025-11-24 22:45:01] Synced coin: Bitcoin Cash (bch)
[2025-11-24 22:45:01] Synced coin: Wrapped Bitcoin (wbtc)
[2025-11-24 22:45:01] Synced coin: Wrapped Beacon ETH (wbeth)
[2025-11-24 22:45:01] Synced coin: Zcash (zec)
[2025-11-24 22:45:01] Synced coin: USDS (usds)
[2025-11-24 22:45:01] Synced coin: Binance Bridged USDT (BNB Smart Chain) (bsc-usd)
[2025-11-24 22:45:01] Synced coin: LEO Token (leo)
[2025-11-24 22:45:01] Synced coin: Chainlink (link)
[2025-11-24 22:45:01] Synced coin: Hyperliquid (hype)
[2025-11-24 22:45:01] Synced coin: Stellar (xlm)
[2025-11-24 22:45:01] Synced coin: WETH (weth)
[2025-11-24 22:45:01] Synced coin: Ethena USDe (usde)
[2025-11-24 22:45:01] Synced coin: Wrapped eETH (weeth)
[2025-11-24 22:45:01] Synced coin: Monero (xmr)
[2025-11-24 22:45:01] Synced coin: Litecoin (ltc)
[2025-11-24 22:45:01] Synced coin: Coinbase Wrapped BTC (cbbtc)
[2025-11-24 22:45:01] Synced coin: Hedera (hbar)
[2025-11-24 22:45:01] Synced coin: Avalanche (avax)
[2025-11-24 22:45:01] Synced coin: Sui (sui)
[2025-11-24 22:45:01] Synced coin: Shiba Inu (shib)
[2025-11-24 22:45:01] Synced coin: Dai (dai)
[2025-11-24 22:45:01] Synced coin: Ethena Staked USDe (susde)
[2025-11-24 22:45:01] Synced coin: World Liberty Financial (wlfi)
[2025-11-24 22:45:01] Synced coin: Cronos (cro)
[2025-11-24 22:45:01] Synced coin: USDT0 (usdt0)
[2025-11-24 22:45:01] Synced coin: Uniswap (uni)
[2025-11-24 22:45:01] Synced coin: sUSDS (susds)
[2025-11-24 22:45:01] Synced coin: Polkadot (dot)
[2025-11-24 22:45:01] Synced coin: Toncoin (ton)
[2025-11-24 22:45:01] Synced coin: PayPal USD (pyusd)
[2025-11-24 22:45:01] Synced coin: MemeCore (m)
[2025-11-24 22:45:01] Synced coin: Mantle (mnt)
[2025-11-24 22:45:01] Synced coin: Canton (cc)
[2025-11-24 22:45:01] Synced coin: Bittensor (tao)
[2025-11-24 22:45:01] Synced coin: USD1 (usd1)
[2025-11-24 22:45:01] Synced coin: Aave (aave)
[2025-11-24 22:45:01] Synced coin: NEAR Protocol (near)
[2025-11-24 22:45:01] Synced coin: Bitget Token (bgb)
[2025-11-24 22:45:01] Synced coin: BlackRock USD Institutional Digital Liquidity Fund (buidl)
[2025-11-24 22:45:01] Synced coin: Aster (aster)
[2025-11-24 22:45:01] Synced coin: OKB (okb)
[2025-11-24 22:45:01] Synced coin: Falcon USD (usdf)
[2025-11-24 22:45:01] Synced coin: Internet Computer (icp)
[2025-11-24 22:45:01] Synced coin: Tether Gold (xaut)
[2025-11-24 22:45:01] Synced coin: Ethereum Classic (etc)
[2025-11-24 22:45:01] Synced coin: Pi Network (pi)
[2025-11-24 22:45:01] Synced coin: Jito Staked SOL (jitosol)
[2025-11-24 22:45:01] Synced coin: Ethena (ena)
[2025-11-24 22:45:01] Synced coin: Jupiter Perpetuals Liquidity Provider Token (jlp)
[2025-11-24 22:45:01] Synced coin: Pepe (pepe)
[2025-11-24 22:45:01] Synced coin: Binance-Peg WETH (weth)
[2025-11-24 22:45:01] Synced coin: Wrapped SOL (sol)
[2025-11-24 22:45:01] Synced coin: Rain (rain)
[2025-11-24 22:45:01] Synced coin: Aptos (apt)
[2025-11-24 22:45:01] Synced coin: HTX DAO (htx)
[2025-11-24 22:45:01] Synced coin: Pump.fun (pump)
[2025-11-24 22:45:01] Synced coin: Ondo (ondo)
[2025-11-24 22:45:01] Synced coin: KuCoin (kcs)
[2025-11-24 22:45:01] Synced coin: Worldcoin (wld)
[2025-11-24 22:45:01] Synced coin: POL (ex-MATIC) (pol)
[2025-11-24 22:45:01] Synced coin: PAX Gold (paxg)
[2025-11-24 22:45:01] Synced coin: USDtb (usdtb)
[2025-11-24 22:45:01] Synced coin: BFUSD (bfusd)
[2025-11-24 22:45:01] Synced coin: syrupUSDC (syrupusdc)
[2025-11-24 22:45:01] Synced coin: Binance Bridged USDC (BNB Smart Chain) (usdc)
[2025-11-24 22:45:01] Synced coin: Official Trump (trump)
[2025-11-24 22:45:01] Synced coin: Algorand (algo)
[2025-11-24 22:45:01] Synced coin: Provenance Blockchain (hash)
[2025-11-24 22:45:01] Synced coin: Rocket Pool ETH (reth)
[2025-11-24 22:45:01] Synced coin: Filecoin (fil)
[2025-11-24 22:45:01] Synced coin: Circle USYC (usyc)
[2025-11-24 22:45:01] Synced coin: Global Dollar (usdg)
[2025-11-24 22:45:01] Synced coin: Cosmos Hub (atom)
[2025-11-24 22:45:01] Synced coin: Gate (gt)
[2025-11-24 22:45:01] Synced coin: Wrapped BNB (wbnb)
[2025-11-24 22:45:01] Synced coin: Ripple USD (rlusd)
[2025-11-24 22:45:01] Synced coin: Arbitrum (arb)
[2025-11-24 22:45:01] Synced coin: Binance Staked SOL (bnsol)
[2025-11-24 22:45:01] Synced coin: Quant (qnt)
[2025-11-24 22:45:01] Synced coin: VeChain (vet)
[2025-11-24 22:45:01] Synced coin: Kaspa (kas)
[2025-11-24 22:45:01] Synced coin: Flare (flr)
[2025-11-24 22:45:01] Synced coin: Function FBTC (fbtc)
[2025-11-24 22:45:01] Synced coin: Kelp DAO Restaked ETH (rseth)
[2025-11-24 22:45:01] Synced coin: Lombard Staked BTC (lbtc)
[2025-11-24 22:45:01] Synced coin: XDC Network (xdc)
[2025-11-24 22:45:01] Sync completed successfully.
[2025-11-24 22:50:03] Synced coin: Bitcoin (btc)
[2025-11-24 22:50:03] Synced coin: Ethereum (eth)
[2025-11-24 22:50:03] Synced coin: Tether (usdt)
[2025-11-24 22:50:03] Synced coin: XRP (xrp)
[2025-11-24 22:50:03] Synced coin: BNB (bnb)
[2025-11-24 22:50:03] Synced coin: USDC (usdc)
[2025-11-24 22:50:03] Synced coin: Solana (sol)
[2025-11-24 22:50:03] Synced coin: TRON (trx)
[2025-11-24 22:50:03] Synced coin: Lido Staked Ether (steth)
[2025-11-24 22:50:03] Synced coin: Dogecoin (doge)
[2025-11-24 22:50:03] Synced coin: Cardano (ada)
[2025-11-24 22:50:03] Synced coin: Figure Heloc (figr_heloc)
[2025-11-24 22:50:03] Synced coin: WhiteBIT Coin (wbt)
[2025-11-24 22:50:03] Synced coin: Wrapped stETH (wsteth)
[2025-11-24 22:50:03] Synced coin: Bitcoin Cash (bch)
[2025-11-24 22:50:03] Synced coin: Wrapped Bitcoin (wbtc)
[2025-11-24 22:50:03] Synced coin: Wrapped Beacon ETH (wbeth)
[2025-11-24 22:50:03] Synced coin: Zcash (zec)
[2025-11-24 22:50:03] Synced coin: USDS (usds)
[2025-11-24 22:50:03] Synced coin: Binance Bridged USDT (BNB Smart Chain) (bsc-usd)
[2025-11-24 22:50:03] Synced coin: Chainlink (link)
[2025-11-24 22:50:03] Synced coin: LEO Token (leo)
[2025-11-24 22:50:03] Synced coin: Hyperliquid (hype)
[2025-11-24 22:50:03] Synced coin: Stellar (xlm)
[2025-11-24 22:50:03] Synced coin: WETH (weth)
[2025-11-24 22:50:03] Synced coin: Ethena USDe (usde)
[2025-11-24 22:50:03] Synced coin: Wrapped eETH (weeth)
[2025-11-24 22:50:03] Synced coin: Monero (xmr)
[2025-11-24 22:50:03] Synced coin: Litecoin (ltc)
[2025-11-24 22:50:03] Synced coin: Coinbase Wrapped BTC (cbbtc)
[2025-11-24 22:50:03] Synced coin: Hedera (hbar)
[2025-11-24 22:50:03] Synced coin: Avalanche (avax)
[2025-11-24 22:50:03] Synced coin: Sui (sui)
[2025-11-24 22:50:03] Synced coin: Shiba Inu (shib)
[2025-11-24 22:50:03] Synced coin: Dai (dai)
[2025-11-24 22:50:03] Synced coin: Ethena Staked USDe (susde)
[2025-11-24 22:50:03] Synced coin: World Liberty Financial (wlfi)
[2025-11-24 22:50:03] Synced coin: Cronos (cro)
[2025-11-24 22:50:03] Synced coin: USDT0 (usdt0)
[2025-11-24 22:50:03] Synced coin: Uniswap (uni)
[2025-11-24 22:50:03] Synced coin: sUSDS (susds)
[2025-11-24 22:50:03] Synced coin: Polkadot (dot)
[2025-11-24 22:50:03] Synced coin: Toncoin (ton)
[2025-11-24 22:50:03] Synced coin: PayPal USD (pyusd)
[2025-11-24 22:50:03] Synced coin: MemeCore (m)
[2025-11-24 22:50:03] Synced coin: Mantle (mnt)
[2025-11-24 22:50:03] Synced coin: Canton (cc)
[2025-11-24 22:50:03] Synced coin: Bittensor (tao)
[2025-11-24 22:50:03] Synced coin: USD1 (usd1)
[2025-11-24 22:50:03] Synced coin: Aave (aave)
[2025-11-24 22:50:03] Synced coin: NEAR Protocol (near)
[2025-11-24 22:50:03] Synced coin: Bitget Token (bgb)
[2025-11-24 22:50:03] Synced coin: BlackRock USD Institutional Digital Liquidity Fund (buidl)
[2025-11-24 22:50:03] Synced coin: Aster (aster)
[2025-11-24 22:50:03] Synced coin: OKB (okb)
[2025-11-24 22:50:03] Synced coin: Internet Computer (icp)
[2025-11-24 22:50:03] Synced coin: Falcon USD (usdf)
[2025-11-24 22:50:03] Synced coin: Tether Gold (xaut)
[2025-11-24 22:50:03] Synced coin: Ethereum Classic (etc)
[2025-11-24 22:50:03] Synced coin: Pi Network (pi)
[2025-11-24 22:50:03] Synced coin: Jito Staked SOL (jitosol)
[2025-11-24 22:50:03] Synced coin: Ethena (ena)
[2025-11-24 22:50:03] Synced coin: Jupiter Perpetuals Liquidity Provider Token (jlp)
[2025-11-24 22:50:03] Synced coin: Pepe (pepe)
[2025-11-24 22:50:03] Synced coin: Binance-Peg WETH (weth)
[2025-11-24 22:50:03] Synced coin: Wrapped SOL (sol)
[2025-11-24 22:50:03] Synced coin: Rain (rain)
[2025-11-24 22:50:03] Synced coin: Aptos (apt)
[2025-11-24 22:50:03] Synced coin: HTX DAO (htx)
[2025-11-24 22:50:03] Synced coin: Pump.fun (pump)
[2025-11-24 22:50:03] Synced coin: Ondo (ondo)
[2025-11-24 22:50:03] Synced coin: KuCoin (kcs)
[2025-11-24 22:50:03] Synced coin: Worldcoin (wld)
[2025-11-24 22:50:03] Synced coin: POL (ex-MATIC) (pol)
[2025-11-24 22:50:03] Synced coin: PAX Gold (paxg)
[2025-11-24 22:50:03] Synced coin: USDtb (usdtb)
[2025-11-24 22:50:03] Synced coin: BFUSD (bfusd)
[2025-11-24 22:50:03] Synced coin: syrupUSDC (syrupusdc)
[2025-11-24 22:50:03] Synced coin: Binance Bridged USDC (BNB Smart Chain) (usdc)
[2025-11-24 22:50:03] Synced coin: Official Trump (trump)
[2025-11-24 22:50:03] Synced coin: Algorand (algo)
[2025-11-24 22:50:03] Synced coin: Provenance Blockchain (hash)
[2025-11-24 22:50:03] Synced coin: Rocket Pool ETH (reth)
[2025-11-24 22:50:03] Synced coin: Filecoin (fil)
[2025-11-24 22:50:03] Synced coin: Circle USYC (usyc)
[2025-11-24 22:50:03] Synced coin: Global Dollar (usdg)
[2025-11-24 22:50:03] Synced coin: Gate (gt)
[2025-11-24 22:50:03] Synced coin: Wrapped BNB (wbnb)
[2025-11-24 22:50:03] Synced coin: Cosmos Hub (atom)
[2025-11-24 22:50:03] Synced coin: Arbitrum (arb)
[2025-11-24 22:50:03] Synced coin: Ripple USD (rlusd)
[2025-11-24 22:50:03] Synced coin: Binance Staked SOL (bnsol)
[2025-11-24 22:50:03] Synced coin: Quant (qnt)
[2025-11-24 22:50:03] Synced coin: VeChain (vet)
[2025-11-24 22:50:03] Synced coin: Kaspa (kas)
[2025-11-24 22:50:03] Synced coin: Flare (flr)
[2025-11-24 22:50:03] Synced coin: Function FBTC (fbtc)
[2025-11-24 22:50:03] Synced coin: Kelp DAO Restaked ETH (rseth)
[2025-11-24 22:50:03] Synced coin: Lombard Staked BTC (lbtc)
[2025-11-24 22:50:03] Synced coin: XDC Network (xdc)
[2025-11-24 22:50:03] Sync completed successfully.
[2025-11-24 22:55:03] Synced coin: Bitcoin (btc)
[2025-11-24 22:55:03] Synced coin: Ethereum (eth)
[2025-11-24 22:55:03] Synced coin: Tether (usdt)
[2025-11-24 22:55:03] Synced coin: XRP (xrp)
[2025-11-24 22:55:03] Synced coin: BNB (bnb)
[2025-11-24 22:55:03] Synced coin: USDC (usdc)
[2025-11-24 22:55:03] Synced coin: Solana (sol)
[2025-11-24 22:55:03] Synced coin: TRON (trx)
[2025-11-24 22:55:03] Synced coin: Lido Staked Ether (steth)
[2025-11-24 22:55:03] Synced coin: Dogecoin (doge)
[2025-11-24 22:55:03] Synced coin: Cardano (ada)
[2025-11-24 22:55:03] Synced coin: Figure Heloc (figr_heloc)
[2025-11-24 22:55:03] Synced coin: WhiteBIT Coin (wbt)
[2025-11-24 22:55:03] Synced coin: Wrapped stETH (wsteth)
[2025-11-24 22:55:03] Synced coin: Bitcoin Cash (bch)
[2025-11-24 22:55:03] Synced coin: Wrapped Bitcoin (wbtc)
[2025-11-24 22:55:03] Synced coin: Wrapped Beacon ETH (wbeth)
[2025-11-24 22:55:03] Synced coin: Zcash (zec)
[2025-11-24 22:55:03] Synced coin: USDS (usds)
[2025-11-24 22:55:03] Synced coin: Binance Bridged USDT (BNB Smart Chain) (bsc-usd)
[2025-11-24 22:55:03] Synced coin: Chainlink (link)
[2025-11-24 22:55:03] Synced coin: LEO Token (leo)
[2025-11-24 22:55:03] Synced coin: Hyperliquid (hype)
[2025-11-24 22:55:03] Synced coin: Stellar (xlm)
[2025-11-24 22:55:03] Synced coin: WETH (weth)
[2025-11-24 22:55:03] Synced coin: Ethena USDe (usde)
[2025-11-24 22:55:03] Synced coin: Wrapped eETH (weeth)
[2025-11-24 22:55:03] Synced coin: Monero (xmr)
[2025-11-24 22:55:03] Synced coin: Litecoin (ltc)
[2025-11-24 22:55:03] Synced coin: Coinbase Wrapped BTC (cbbtc)
[2025-11-24 22:55:03] Synced coin: Hedera (hbar)
[2025-11-24 22:55:03] Synced coin: Avalanche (avax)
[2025-11-24 22:55:03] Synced coin: Sui (sui)
[2025-11-24 22:55:03] Synced coin: Shiba Inu (shib)
[2025-11-24 22:55:03] Synced coin: Dai (dai)
[2025-11-24 22:55:03] Synced coin: Ethena Staked USDe (susde)
[2025-11-24 22:55:03] Synced coin: World Liberty Financial (wlfi)
[2025-11-24 22:55:03] Synced coin: Cronos (cro)
[2025-11-24 22:55:03] Synced coin: Uniswap (uni)
[2025-11-24 22:55:03] Synced coin: USDT0 (usdt0)
[2025-11-24 22:55:03] Synced coin: sUSDS (susds)
[2025-11-24 22:55:03] Synced coin: Polkadot (dot)
[2025-11-24 22:55:03] Synced coin: Toncoin (ton)
[2025-11-24 22:55:03] Synced coin: PayPal USD (pyusd)
[2025-11-24 22:55:03] Synced coin: MemeCore (m)
[2025-11-24 22:55:03] Synced coin: Mantle (mnt)
[2025-11-24 22:55:03] Synced coin: Canton (cc)
[2025-11-24 22:55:03] Synced coin: Bittensor (tao)
[2025-11-24 22:55:03] Synced coin: USD1 (usd1)
[2025-11-24 22:55:03] Synced coin: Aave (aave)
[2025-11-24 22:55:03] Synced coin: NEAR Protocol (near)
[2025-11-24 22:55:03] Synced coin: Bitget Token (bgb)
[2025-11-24 22:55:03] Synced coin: BlackRock USD Institutional Digital Liquidity Fund (buidl)
[2025-11-24 22:55:03] Synced coin: Aster (aster)
[2025-11-24 22:55:03] Synced coin: Internet Computer (icp)
[2025-11-24 22:55:03] Synced coin: OKB (okb)
[2025-11-24 22:55:03] Synced coin: Falcon USD (usdf)
[2025-11-24 22:55:03] Synced coin: Tether Gold (xaut)
[2025-11-24 22:55:03] Synced coin: Ethereum Classic (etc)
[2025-11-24 22:55:03] Synced coin: Pi Network (pi)
[2025-11-24 22:55:03] Synced coin: Jito Staked SOL (jitosol)
[2025-11-24 22:55:03] Synced coin: Ethena (ena)
[2025-11-24 22:55:03] Synced coin: Jupiter Perpetuals Liquidity Provider Token (jlp)
[2025-11-24 22:55:03] Synced coin: Pepe (pepe)
[2025-11-24 22:55:03] Synced coin: Binance-Peg WETH (weth)
[2025-11-24 22:55:03] Synced coin: Wrapped SOL (sol)
[2025-11-24 22:55:03] Synced coin: Rain (rain)
[2025-11-24 22:55:03] Synced coin: Aptos (apt)
[2025-11-24 22:55:03] Synced coin: HTX DAO (htx)
[2025-11-24 22:55:03] Synced coin: Pump.fun (pump)
[2025-11-24 22:55:03] Synced coin: Ondo (ondo)
[2025-11-24 22:55:03] Synced coin: KuCoin (kcs)
[2025-11-24 22:55:03] Synced coin: Worldcoin (wld)
[2025-11-24 22:55:03] Synced coin: POL (ex-MATIC) (pol)
[2025-11-24 22:55:03] Synced coin: PAX Gold (paxg)
[2025-11-24 22:55:03] Synced coin: USDtb (usdtb)
[2025-11-24 22:55:03] Synced coin: BFUSD (bfusd)
[2025-11-24 22:55:03] Synced coin: syrupUSDC (syrupusdc)
[2025-11-24 22:55:03] Synced coin: Binance Bridged USDC (BNB Smart Chain) (usdc)
[2025-11-24 22:55:03] Synced coin: Official Trump (trump)
[2025-11-24 22:55:03] Synced coin: Algorand (algo)
[2025-11-24 22:55:03] Synced coin: Provenance Blockchain (hash)
[2025-11-24 22:55:03] Synced coin: Rocket Pool ETH (reth)
[2025-11-24 22:55:03] Synced coin: Filecoin (fil)
[2025-11-24 22:55:03] Synced coin: Circle USYC (usyc)
[2025-11-24 22:55:03] Synced coin: Global Dollar (usdg)
[2025-11-24 22:55:03] Synced coin: Gate (gt)
[2025-11-24 22:55:03] Synced coin: Wrapped BNB (wbnb)
[2025-11-24 22:55:03] Synced coin: Cosmos Hub (atom)
[2025-11-24 22:55:03] Synced coin: Arbitrum (arb)
[2025-11-24 22:55:03] Synced coin: Ripple USD (rlusd)
[2025-11-24 22:55:03] Synced coin: Binance Staked SOL (bnsol)
[2025-11-24 22:55:03] Synced coin: Quant (qnt)
[2025-11-24 22:55:03] Synced coin: VeChain (vet)
[2025-11-24 22:55:03] Synced coin: Kaspa (kas)
[2025-11-24 22:55:03] Synced coin: Flare (flr)
[2025-11-24 22:55:03] Synced coin: Function FBTC (fbtc)
[2025-11-24 22:55:03] Synced coin: Kelp DAO Restaked ETH (rseth)
[2025-11-24 22:55:03] Synced coin: Lombard Staked BTC (lbtc)
[2025-11-24 22:55:03] Synced coin: XDC Network (xdc)
[2025-11-24 22:55:03] Sync completed successfully.
[2025-11-24 23:00:02] Synced coin: Bitcoin (btc)
[2025-11-24 23:00:02] Synced coin: Ethereum (eth)
[2025-11-24 23:00:02] Synced coin: Tether (usdt)
[2025-11-24 23:00:02] Synced coin: XRP (xrp)
[2025-11-24 23:00:02] Synced coin: BNB (bnb)
[2025-11-24 23:00:02] Synced coin: USDC (usdc)
[2025-11-24 23:00:02] Synced coin: Solana (sol)
[2025-11-24 23:00:02] Synced coin: TRON (trx)
[2025-11-24 23:00:02] Synced coin: Lido Staked Ether (steth)
[2025-11-24 23:00:02] Synced coin: Dogecoin (doge)
[2025-11-24 23:00:02] Synced coin: Cardano (ada)
[2025-11-24 23:00:02] Synced coin: Figure Heloc (figr_heloc)
[2025-11-24 23:00:02] Synced coin: WhiteBIT Coin (wbt)
[2025-11-24 23:00:02] Synced coin: Wrapped stETH (wsteth)
[2025-11-24 23:00:02] Synced coin: Bitcoin Cash (bch)
[2025-11-24 23:00:02] Synced coin: Wrapped Bitcoin (wbtc)
[2025-11-24 23:00:02] Synced coin: Wrapped Beacon ETH (wbeth)
[2025-11-24 23:00:02] Synced coin: Zcash (zec)
[2025-11-24 23:00:02] Synced coin: USDS (usds)
[2025-11-24 23:00:02] Synced coin: Binance Bridged USDT (BNB Smart Chain) (bsc-usd)
[2025-11-24 23:00:02] Synced coin: Chainlink (link)
[2025-11-24 23:00:02] Synced coin: LEO Token (leo)
[2025-11-24 23:00:02] Synced coin: Hyperliquid (hype)
[2025-11-24 23:00:02] Synced coin: Stellar (xlm)
[2025-11-24 23:00:02] Synced coin: WETH (weth)
[2025-11-24 23:00:02] Synced coin: Ethena USDe (usde)
[2025-11-24 23:00:02] Synced coin: Wrapped eETH (weeth)
[2025-11-24 23:00:02] Synced coin: Monero (xmr)
[2025-11-24 23:00:02] Synced coin: Litecoin (ltc)
[2025-11-24 23:00:02] Synced coin: Coinbase Wrapped BTC (cbbtc)
[2025-11-24 23:00:02] Synced coin: Hedera (hbar)
[2025-11-24 23:00:02] Synced coin: Avalanche (avax)
[2025-11-24 23:00:02] Synced coin: Sui (sui)
[2025-11-24 23:00:02] Synced coin: Shiba Inu (shib)
[2025-11-24 23:00:02] Synced coin: Dai (dai)
[2025-11-24 23:00:02] Synced coin: Ethena Staked USDe (susde)
[2025-11-24 23:00:02] Synced coin: World Liberty Financial (wlfi)
[2025-11-24 23:00:02] Synced coin: Cronos (cro)
[2025-11-24 23:00:02] Synced coin: Uniswap (uni)
[2025-11-24 23:00:02] Synced coin: USDT0 (usdt0)
[2025-11-24 23:00:02] Synced coin: sUSDS (susds)
[2025-11-24 23:00:02] Synced coin: Polkadot (dot)
[2025-11-24 23:00:02] Synced coin: Toncoin (ton)
[2025-11-24 23:00:02] Synced coin: PayPal USD (pyusd)
[2025-11-24 23:00:02] Synced coin: MemeCore (m)
[2025-11-24 23:00:02] Synced coin: Mantle (mnt)
[2025-11-24 23:00:02] Synced coin: Canton (cc)
[2025-11-24 23:00:02] Synced coin: Bittensor (tao)
[2025-11-24 23:00:02] Synced coin: USD1 (usd1)
[2025-11-24 23:00:02] Synced coin: Aave (aave)
[2025-11-24 23:00:02] Synced coin: NEAR Protocol (near)
[2025-11-24 23:00:02] Synced coin: Bitget Token (bgb)
[2025-11-24 23:00:02] Synced coin: BlackRock USD Institutional Digital Liquidity Fund (buidl)
[2025-11-24 23:00:02] Synced coin: Aster (aster)
[2025-11-24 23:00:02] Synced coin: Internet Computer (icp)
[2025-11-24 23:00:02] Synced coin: OKB (okb)
[2025-11-24 23:00:02] Synced coin: Falcon USD (usdf)
[2025-11-24 23:00:02] Synced coin: Tether Gold (xaut)
[2025-11-24 23:00:02] Synced coin: Ethereum Classic (etc)
[2025-11-24 23:00:02] Synced coin: Pi Network (pi)
[2025-11-24 23:00:02] Synced coin: Jito Staked SOL (jitosol)
[2025-11-24 23:00:02] Synced coin: Ethena (ena)
[2025-11-24 23:00:02] Synced coin: Jupiter Perpetuals Liquidity Provider Token (jlp)
[2025-11-24 23:00:02] Synced coin: Pepe (pepe)
[2025-11-24 23:00:02] Synced coin: Binance-Peg WETH (weth)
[2025-11-24 23:00:02] Synced coin: Wrapped SOL (sol)
[2025-11-24 23:00:02] Synced coin: Rain (rain)
[2025-11-24 23:00:02] Synced coin: Aptos (apt)
[2025-11-24 23:00:02] Synced coin: HTX DAO (htx)
[2025-11-24 23:00:02] Synced coin: Pump.fun (pump)
[2025-11-24 23:00:02] Synced coin: Ondo (ondo)
[2025-11-24 23:00:02] Synced coin: KuCoin (kcs)
[2025-11-24 23:00:02] Synced coin: Worldcoin (wld)
[2025-11-24 23:00:02] Synced coin: POL (ex-MATIC) (pol)
[2025-11-24 23:00:02] Synced coin: PAX Gold (paxg)
[2025-11-24 23:00:02] Synced coin: USDtb (usdtb)
[2025-11-24 23:00:02] Synced coin: BFUSD (bfusd)
[2025-11-24 23:00:02] Synced coin: syrupUSDC (syrupusdc)
[2025-11-24 23:00:02] Synced coin: Binance Bridged USDC (BNB Smart Chain) (usdc)
[2025-11-24 23:00:02] Synced coin: Official Trump (trump)
[2025-11-24 23:00:02] Synced coin: Algorand (algo)
[2025-11-24 23:00:02] Synced coin: Provenance Blockchain (hash)
[2025-11-24 23:00:02] Synced coin: Rocket Pool ETH (reth)
[2025-11-24 23:00:02] Synced coin: Global Dollar (usdg)
[2025-11-24 23:00:02] Synced coin: Filecoin (fil)
[2025-11-24 23:00:02] Synced coin: Circle USYC (usyc)
[2025-11-24 23:00:02] Synced coin: Cosmos Hub (atom)
[2025-11-24 23:00:02] Synced coin: Gate (gt)
[2025-11-24 23:00:02] Synced coin: Wrapped BNB (wbnb)
[2025-11-24 23:00:02] Synced coin: Arbitrum (arb)
[2025-11-24 23:00:02] Synced coin: Ripple USD (rlusd)
[2025-11-24 23:00:02] Synced coin: Binance Staked SOL (bnsol)
[2025-11-24 23:00:02] Synced coin: Quant (qnt)
[2025-11-24 23:00:02] Synced coin: VeChain (vet)
[2025-11-24 23:00:02] Synced coin: Kaspa (kas)
[2025-11-24 23:00:02] Synced coin: Flare (flr)
[2025-11-24 23:00:02] Synced coin: Function FBTC (fbtc)
[2025-11-24 23:00:02] Synced coin: Kelp DAO Restaked ETH (rseth)
[2025-11-24 23:00:02] Synced coin: Lombard Staked BTC (lbtc)
[2025-11-24 23:00:02] Synced coin: XDC Network (xdc)
[2025-11-24 23:00:02] Sync completed successfully.
[2025-11-24 23:05:02] Synced coin: Bitcoin (btc)
[2025-11-24 23:05:02] Synced coin: Ethereum (eth)
[2025-11-24 23:05:02] Synced coin: Tether (usdt)
[2025-11-24 23:05:02] Synced coin: XRP (xrp)
[2025-11-24 23:05:02] Synced coin: BNB (bnb)
[2025-11-24 23:05:02] Synced coin: USDC (usdc)
[2025-11-24 23:05:02] Synced coin: Solana (sol)
[2025-11-24 23:05:02] Synced coin: TRON (trx)
[2025-11-24 23:05:02] Synced coin: Lido Staked Ether (steth)
[2025-11-24 23:05:02] Synced coin: Dogecoin (doge)
[2025-11-24 23:05:02] Synced coin: Cardano (ada)
[2025-11-24 23:05:02] Synced coin: Figure Heloc (figr_heloc)
[2025-11-24 23:05:02] Synced coin: WhiteBIT Coin (wbt)
[2025-11-24 23:05:02] Synced coin: Wrapped stETH (wsteth)
[2025-11-24 23:05:02] Synced coin: Bitcoin Cash (bch)
[2025-11-24 23:05:02] Synced coin: Wrapped Bitcoin (wbtc)
[2025-11-24 23:05:02] Synced coin: Wrapped Beacon ETH (wbeth)
[2025-11-24 23:05:02] Synced coin: Zcash (zec)
[2025-11-24 23:05:02] Synced coin: USDS (usds)
[2025-11-24 23:05:02] Synced coin: Binance Bridged USDT (BNB Smart Chain) (bsc-usd)
[2025-11-24 23:05:02] Synced coin: Chainlink (link)
[2025-11-24 23:05:02] Synced coin: LEO Token (leo)
[2025-11-24 23:05:02] Synced coin: Hyperliquid (hype)
[2025-11-24 23:05:02] Synced coin: Stellar (xlm)
[2025-11-24 23:05:02] Synced coin: WETH (weth)
[2025-11-24 23:05:02] Synced coin: Ethena USDe (usde)
[2025-11-24 23:05:02] Synced coin: Wrapped eETH (weeth)
[2025-11-24 23:05:02] Synced coin: Monero (xmr)
[2025-11-24 23:05:02] Synced coin: Litecoin (ltc)
[2025-11-24 23:05:02] Synced coin: Coinbase Wrapped BTC (cbbtc)
[2025-11-24 23:05:02] Synced coin: Hedera (hbar)
[2025-11-24 23:05:02] Synced coin: Avalanche (avax)
[2025-11-24 23:05:02] Synced coin: Sui (sui)
[2025-11-24 23:05:02] Synced coin: Shiba Inu (shib)
[2025-11-24 23:05:02] Synced coin: Dai (dai)
[2025-11-24 23:05:02] Synced coin: Ethena Staked USDe (susde)
[2025-11-24 23:05:02] Synced coin: World Liberty Financial (wlfi)
[2025-11-24 23:05:02] Synced coin: Cronos (cro)
[2025-11-24 23:05:02] Synced coin: Uniswap (uni)
[2025-11-24 23:05:02] Synced coin: USDT0 (usdt0)
[2025-11-24 23:05:02] Synced coin: sUSDS (susds)
[2025-11-24 23:05:02] Synced coin: Polkadot (dot)
[2025-11-24 23:05:02] Synced coin: Toncoin (ton)
[2025-11-24 23:05:02] Synced coin: PayPal USD (pyusd)
[2025-11-24 23:05:02] Synced coin: MemeCore (m)
[2025-11-24 23:05:02] Synced coin: Mantle (mnt)
[2025-11-24 23:05:02] Synced coin: Canton (cc)
[2025-11-24 23:05:02] Synced coin: Bittensor (tao)
[2025-11-24 23:05:02] Synced coin: USD1 (usd1)
[2025-11-24 23:05:02] Synced coin: Aave (aave)
[2025-11-24 23:05:02] Synced coin: NEAR Protocol (near)
[2025-11-24 23:05:02] Synced coin: Bitget Token (bgb)
[2025-11-24 23:05:02] Synced coin: BlackRock USD Institutional Digital Liquidity Fund (buidl)
[2025-11-24 23:05:02] Synced coin: Aster (aster)
[2025-11-24 23:05:02] Synced coin: Internet Computer (icp)
[2025-11-24 23:05:02] Synced coin: OKB (okb)
[2025-11-24 23:05:02] Synced coin: Falcon USD (usdf)
[2025-11-24 23:05:02] Synced coin: Tether Gold (xaut)
[2025-11-24 23:05:02] Synced coin: Ethereum Classic (etc)
[2025-11-24 23:05:02] Synced coin: Pi Network (pi)
[2025-11-24 23:05:02] Synced coin: Jito Staked SOL (jitosol)
[2025-11-24 23:05:02] Synced coin: Ethena (ena)
[2025-11-24 23:05:02] Synced coin: Jupiter Perpetuals Liquidity Provider Token (jlp)
[2025-11-24 23:05:02] Synced coin: Pepe (pepe)
[2025-11-24 23:05:02] Synced coin: Binance-Peg WETH (weth)
[2025-11-24 23:05:02] Synced coin: Wrapped SOL (sol)
[2025-11-24 23:05:02] Synced coin: Rain (rain)
[2025-11-24 23:05:02] Synced coin: Aptos (apt)
[2025-11-24 23:05:02] Synced coin: HTX DAO (htx)
[2025-11-24 23:05:02] Synced coin: Pump.fun (pump)
[2025-11-24 23:05:02] Synced coin: Ondo (ondo)
[2025-11-24 23:05:02] Synced coin: KuCoin (kcs)
[2025-11-24 23:05:02] Synced coin: Worldcoin (wld)
[2025-11-24 23:05:02] Synced coin: POL (ex-MATIC) (pol)
[2025-11-24 23:05:02] Synced coin: PAX Gold (paxg)
[2025-11-24 23:05:02] Synced coin: USDtb (usdtb)
[2025-11-24 23:05:02] Synced coin: BFUSD (bfusd)
[2025-11-24 23:05:02] Synced coin: syrupUSDC (syrupusdc)
[2025-11-24 23:05:02] Synced coin: Binance Bridged USDC (BNB Smart Chain) (usdc)
[2025-11-24 23:05:02] Synced coin: Official Trump (trump)
[2025-11-24 23:05:02] Synced coin: Algorand (algo)
[2025-11-24 23:05:02] Synced coin: Provenance Blockchain (hash)
[2025-11-24 23:05:02] Synced coin: Rocket Pool ETH (reth)
[2025-11-24 23:05:02] Synced coin: Global Dollar (usdg)
[2025-11-24 23:05:02] Synced coin: Filecoin (fil)
[2025-11-24 23:05:02] Synced coin: Circle USYC (usyc)
[2025-11-24 23:05:02] Synced coin: Cosmos Hub (atom)
[2025-11-24 23:05:02] Synced coin: Gate (gt)
[2025-11-24 23:05:02] Synced coin: Wrapped BNB (wbnb)
[2025-11-24 23:05:02] Synced coin: Arbitrum (arb)
[2025-11-24 23:05:02] Synced coin: Ripple USD (rlusd)
[2025-11-24 23:05:02] Synced coin: Quant (qnt)
[2025-11-24 23:05:02] Synced coin: Binance Staked SOL (bnsol)
[2025-11-24 23:05:02] Synced coin: VeChain (vet)
[2025-11-24 23:05:02] Synced coin: Kaspa (kas)
[2025-11-24 23:05:02] Synced coin: Flare (flr)
[2025-11-24 23:05:02] Synced coin: Function FBTC (fbtc)
[2025-11-24 23:05:02] Synced coin: Kelp DAO Restaked ETH (rseth)
[2025-11-24 23:05:02] Synced coin: Lombard Staked BTC (lbtc)
[2025-11-24 23:05:02] Synced coin: XDC Network (xdc)
[2025-11-24 23:05:02] Sync completed successfully.
[2025-11-24 23:10:03] Synced coin: Bitcoin (btc)
[2025-11-24 23:10:03] Synced coin: Ethereum (eth)
[2025-11-24 23:10:03] Synced coin: Tether (usdt)
[2025-11-24 23:10:03] Synced coin: XRP (xrp)
[2025-11-24 23:10:03] Synced coin: BNB (bnb)
[2025-11-24 23:10:03] Synced coin: USDC (usdc)
[2025-11-24 23:10:03] Synced coin: Solana (sol)
[2025-11-24 23:10:03] Synced coin: TRON (trx)
[2025-11-24 23:10:03] Synced coin: Lido Staked Ether (steth)
[2025-11-24 23:10:03] Synced coin: Dogecoin (doge)
[2025-11-24 23:10:03] Synced coin: Cardano (ada)
[2025-11-24 23:10:03] Synced coin: Figure Heloc (figr_heloc)
[2025-11-24 23:10:03] Synced coin: WhiteBIT Coin (wbt)
[2025-11-24 23:10:03] Synced coin: Wrapped stETH (wsteth)
[2025-11-24 23:10:03] Synced coin: Bitcoin Cash (bch)
[2025-11-24 23:10:03] Synced coin: Wrapped Bitcoin (wbtc)
[2025-11-24 23:10:03] Synced coin: Wrapped Beacon ETH (wbeth)
[2025-11-24 23:10:03] Synced coin: Zcash (zec)
[2025-11-24 23:10:03] Synced coin: USDS (usds)
[2025-11-24 23:10:03] Synced coin: Binance Bridged USDT (BNB Smart Chain) (bsc-usd)
[2025-11-24 23:10:03] Synced coin: Chainlink (link)
[2025-11-24 23:10:03] Synced coin: LEO Token (leo)
[2025-11-24 23:10:03] Synced coin: Hyperliquid (hype)
[2025-11-24 23:10:03] Synced coin: Stellar (xlm)
[2025-11-24 23:10:03] Synced coin: WETH (weth)
[2025-11-24 23:10:03] Synced coin: Ethena USDe (usde)
[2025-11-24 23:10:03] Synced coin: Wrapped eETH (weeth)
[2025-11-24 23:10:03] Synced coin: Monero (xmr)
[2025-11-24 23:10:03] Synced coin: Litecoin (ltc)
[2025-11-24 23:10:03] Synced coin: Coinbase Wrapped BTC (cbbtc)
[2025-11-24 23:10:03] Synced coin: Hedera (hbar)
[2025-11-24 23:10:03] Synced coin: Avalanche (avax)
[2025-11-24 23:10:03] Synced coin: Sui (sui)
[2025-11-24 23:10:03] Synced coin: Shiba Inu (shib)
[2025-11-24 23:10:03] Synced coin: Dai (dai)
[2025-11-24 23:10:03] Synced coin: Ethena Staked USDe (susde)
[2025-11-24 23:10:03] Synced coin: World Liberty Financial (wlfi)
[2025-11-24 23:10:03] Synced coin: Cronos (cro)
[2025-11-24 23:10:03] Synced coin: Uniswap (uni)
[2025-11-24 23:10:03] Synced coin: USDT0 (usdt0)
[2025-11-24 23:10:03] Synced coin: sUSDS (susds)
[2025-11-24 23:10:03] Synced coin: Polkadot (dot)
[2025-11-24 23:10:03] Synced coin: Toncoin (ton)
[2025-11-24 23:10:03] Synced coin: PayPal USD (pyusd)
[2025-11-24 23:10:03] Synced coin: MemeCore (m)
[2025-11-24 23:10:03] Synced coin: Mantle (mnt)
[2025-11-24 23:10:03] Synced coin: Canton (cc)
[2025-11-24 23:10:03] Synced coin: Bittensor (tao)
[2025-11-24 23:10:03] Synced coin: USD1 (usd1)
[2025-11-24 23:10:03] Synced coin: Aave (aave)
[2025-11-24 23:10:03] Synced coin: NEAR Protocol (near)
[2025-11-24 23:10:03] Synced coin: Bitget Token (bgb)
[2025-11-24 23:10:03] Synced coin: BlackRock USD Institutional Digital Liquidity Fund (buidl)
[2025-11-24 23:10:03] Synced coin: Aster (aster)
[2025-11-24 23:10:03] Synced coin: Internet Computer (icp)
[2025-11-24 23:10:03] Synced coin: OKB (okb)
[2025-11-24 23:10:03] Synced coin: Falcon USD (usdf)
[2025-11-24 23:10:03] Synced coin: Tether Gold (xaut)
[2025-11-24 23:10:03] Synced coin: Ethereum Classic (etc)
[2025-11-24 23:10:03] Synced coin: Pi Network (pi)
[2025-11-24 23:10:03] Synced coin: Jito Staked SOL (jitosol)
[2025-11-24 23:10:03] Synced coin: Ethena (ena)
[2025-11-24 23:10:03] Synced coin: Jupiter Perpetuals Liquidity Provider Token (jlp)
[2025-11-24 23:10:03] Synced coin: Pepe (pepe)
[2025-11-24 23:10:03] Synced coin: Binance-Peg WETH (weth)
[2025-11-24 23:10:03] Synced coin: Wrapped SOL (sol)
[2025-11-24 23:10:03] Synced coin: Rain (rain)
[2025-11-24 23:10:03] Synced coin: Aptos (apt)
[2025-11-24 23:10:03] Synced coin: Pump.fun (pump)
[2025-11-24 23:10:03] Synced coin: HTX DAO (htx)
[2025-11-24 23:10:03] Synced coin: Ondo (ondo)
[2025-11-24 23:10:03] Synced coin: KuCoin (kcs)
[2025-11-24 23:10:03] Synced coin: Worldcoin (wld)
[2025-11-24 23:10:03] Synced coin: POL (ex-MATIC) (pol)
[2025-11-24 23:10:03] Synced coin: PAX Gold (paxg)
[2025-11-24 23:10:03] Synced coin: USDtb (usdtb)
[2025-11-24 23:10:03] Synced coin: BFUSD (bfusd)
[2025-11-24 23:10:03] Synced coin: syrupUSDC (syrupusdc)
[2025-11-24 23:10:03] Synced coin: Binance Bridged USDC (BNB Smart Chain) (usdc)
[2025-11-24 23:10:03] Synced coin: Official Trump (trump)
[2025-11-24 23:10:03] Synced coin: Algorand (algo)
[2025-11-24 23:10:03] Synced coin: Provenance Blockchain (hash)
[2025-11-24 23:10:03] Synced coin: Rocket Pool ETH (reth)
[2025-11-24 23:10:03] Synced coin: Global Dollar (usdg)
[2025-11-24 23:10:03] Synced coin: Filecoin (fil)
[2025-11-24 23:10:03] Synced coin: Circle USYC (usyc)
[2025-11-24 23:10:03] Synced coin: Cosmos Hub (atom)
[2025-11-24 23:10:03] Synced coin: Wrapped BNB (wbnb)
[2025-11-24 23:10:03] Synced coin: Gate (gt)
[2025-11-24 23:10:03] Synced coin: Arbitrum (arb)
[2025-11-24 23:10:03] Synced coin: Ripple USD (rlusd)
[2025-11-24 23:10:03] Synced coin: Quant (qnt)
[2025-11-24 23:10:03] Synced coin: Binance Staked SOL (bnsol)
[2025-11-24 23:10:03] Synced coin: VeChain (vet)
[2025-11-24 23:10:03] Synced coin: Kaspa (kas)
[2025-11-24 23:10:03] Synced coin: Flare (flr)
[2025-11-24 23:10:03] Synced coin: Function FBTC (fbtc)
[2025-11-24 23:10:03] Synced coin: Kelp DAO Restaked ETH (rseth)
[2025-11-24 23:10:03] Synced coin: Lombard Staked BTC (lbtc)
[2025-11-24 23:10:03] Synced coin: XDC Network (xdc)
[2025-11-24 23:10:03] Sync completed successfully.
[2025-11-24 23:15:03] Synced coin: Bitcoin (btc)
[2025-11-24 23:15:03] Synced coin: Ethereum (eth)
[2025-11-24 23:15:03] Synced coin: Tether (usdt)
[2025-11-24 23:15:03] Synced coin: XRP (xrp)
[2025-11-24 23:15:03] Synced coin: BNB (bnb)
[2025-11-24 23:15:03] Synced coin: USDC (usdc)
[2025-11-24 23:15:03] Synced coin: Solana (sol)
[2025-11-24 23:15:03] Synced coin: TRON (trx)
[2025-11-24 23:15:03] Synced coin: Lido Staked Ether (steth)
[2025-11-24 23:15:03] Synced coin: Dogecoin (doge)
[2025-11-24 23:15:03] Synced coin: Cardano (ada)
[2025-11-24 23:15:03] Synced coin: Figure Heloc (figr_heloc)
[2025-11-24 23:15:03] Synced coin: WhiteBIT Coin (wbt)
[2025-11-24 23:15:03] Synced coin: Wrapped stETH (wsteth)
[2025-11-24 23:15:03] Synced coin: Bitcoin Cash (bch)
[2025-11-24 23:15:03] Synced coin: Wrapped Bitcoin (wbtc)
[2025-11-24 23:15:03] Synced coin: Wrapped Beacon ETH (wbeth)
[2025-11-24 23:15:03] Synced coin: Zcash (zec)
[2025-11-24 23:15:03] Synced coin: USDS (usds)
[2025-11-24 23:15:03] Synced coin: Binance Bridged USDT (BNB Smart Chain) (bsc-usd)
[2025-11-24 23:15:03] Synced coin: Chainlink (link)
[2025-11-24 23:15:03] Synced coin: LEO Token (leo)
[2025-11-24 23:15:03] Synced coin: Hyperliquid (hype)
[2025-11-24 23:15:03] Synced coin: Stellar (xlm)
[2025-11-24 23:15:03] Synced coin: WETH (weth)
[2025-11-24 23:15:03] Synced coin: Ethena USDe (usde)
[2025-11-24 23:15:03] Synced coin: Wrapped eETH (weeth)
[2025-11-24 23:15:03] Synced coin: Monero (xmr)
[2025-11-24 23:15:03] Synced coin: Litecoin (ltc)
[2025-11-24 23:15:03] Synced coin: Coinbase Wrapped BTC (cbbtc)
[2025-11-24 23:15:03] Synced coin: Hedera (hbar)
[2025-11-24 23:15:03] Synced coin: Avalanche (avax)
[2025-11-24 23:15:03] Synced coin: Sui (sui)
[2025-11-24 23:15:03] Synced coin: Shiba Inu (shib)
[2025-11-24 23:15:03] Synced coin: Dai (dai)
[2025-11-24 23:15:03] Synced coin: Ethena Staked USDe (susde)
[2025-11-24 23:15:03] Synced coin: World Liberty Financial (wlfi)
[2025-11-24 23:15:03] Synced coin: Cronos (cro)
[2025-11-24 23:15:03] Synced coin: Uniswap (uni)
[2025-11-24 23:15:03] Synced coin: USDT0 (usdt0)
[2025-11-24 23:15:03] Synced coin: sUSDS (susds)
[2025-11-24 23:15:03] Synced coin: Polkadot (dot)
[2025-11-24 23:15:03] Synced coin: Toncoin (ton)
[2025-11-24 23:15:03] Synced coin: PayPal USD (pyusd)
[2025-11-24 23:15:03] Synced coin: MemeCore (m)
[2025-11-24 23:15:03] Synced coin: Mantle (mnt)
[2025-11-24 23:15:03] Synced coin: Canton (cc)
[2025-11-24 23:15:03] Synced coin: Bittensor (tao)
[2025-11-24 23:15:03] Synced coin: USD1 (usd1)
[2025-11-24 23:15:03] Synced coin: Aave (aave)
[2025-11-24 23:15:03] Synced coin: NEAR Protocol (near)
[2025-11-24 23:15:03] Synced coin: Bitget Token (bgb)
[2025-11-24 23:15:03] Synced coin: BlackRock USD Institutional Digital Liquidity Fund (buidl)
[2025-11-24 23:15:03] Synced coin: Aster (aster)
[2025-11-24 23:15:03] Synced coin: Internet Computer (icp)
[2025-11-24 23:15:03] Synced coin: OKB (okb)
[2025-11-24 23:15:03] Synced coin: Falcon USD (usdf)
[2025-11-24 23:15:03] Synced coin: Tether Gold (xaut)
[2025-11-24 23:15:03] Synced coin: Ethereum Classic (etc)
[2025-11-24 23:15:03] Synced coin: Pi Network (pi)
[2025-11-24 23:15:03] Synced coin: Jito Staked SOL (jitosol)
[2025-11-24 23:15:03] Synced coin: Ethena (ena)
[2025-11-24 23:15:03] Synced coin: Jupiter Perpetuals Liquidity Provider Token (jlp)
[2025-11-24 23:15:03] Synced coin: Pepe (pepe)
[2025-11-24 23:15:03] Synced coin: Binance-Peg WETH (weth)
[2025-11-24 23:15:03] Synced coin: Wrapped SOL (sol)
[2025-11-24 23:15:03] Synced coin: Rain (rain)
[2025-11-24 23:15:03] Synced coin: Aptos (apt)
[2025-11-24 23:15:03] Synced coin: Pump.fun (pump)
[2025-11-24 23:15:03] Synced coin: HTX DAO (htx)
[2025-11-24 23:15:03] Synced coin: Ondo (ondo)
[2025-11-24 23:15:03] Synced coin: KuCoin (kcs)
[2025-11-24 23:15:03] Synced coin: Worldcoin (wld)
[2025-11-24 23:15:03] Synced coin: POL (ex-MATIC) (pol)
[2025-11-24 23:15:03] Synced coin: PAX Gold (paxg)
[2025-11-24 23:15:03] Synced coin: USDtb (usdtb)
[2025-11-24 23:15:03] Synced coin: BFUSD (bfusd)
[2025-11-24 23:15:03] Synced coin: syrupUSDC (syrupusdc)
[2025-11-24 23:15:03] Synced coin: Binance Bridged USDC (BNB Smart Chain) (usdc)
[2025-11-24 23:15:03] Synced coin: Official Trump (trump)
[2025-11-24 23:15:03] Synced coin: Algorand (algo)
[2025-11-24 23:15:03] Synced coin: Provenance Blockchain (hash)
[2025-11-24 23:15:03] Synced coin: Rocket Pool ETH (reth)
[2025-11-24 23:15:03] Synced coin: Global Dollar (usdg)
[2025-11-24 23:15:03] Synced coin: Filecoin (fil)
[2025-11-24 23:15:03] Synced coin: Circle USYC (usyc)
[2025-11-24 23:15:03] Synced coin: Cosmos Hub (atom)
[2025-11-24 23:15:03] Synced coin: Wrapped BNB (wbnb)
[2025-11-24 23:15:03] Synced coin: Gate (gt)
[2025-11-24 23:15:03] Synced coin: Arbitrum (arb)
[2025-11-24 23:15:03] Synced coin: Ripple USD (rlusd)
[2025-11-24 23:15:03] Synced coin: Quant (qnt)
[2025-11-24 23:15:03] Synced coin: Binance Staked SOL (bnsol)
[2025-11-24 23:15:03] Synced coin: VeChain (vet)
[2025-11-24 23:15:03] Synced coin: Kaspa (kas)
[2025-11-24 23:15:03] Synced coin: Flare (flr)
[2025-11-24 23:15:03] Synced coin: Function FBTC (fbtc)
[2025-11-24 23:15:03] Synced coin: Kelp DAO Restaked ETH (rseth)
[2025-11-24 23:15:03] Synced coin: Lombard Staked BTC (lbtc)
[2025-11-24 23:15:03] Synced coin: XDC Network (xdc)
[2025-11-24 23:15:03] Sync completed successfully.
[2025-11-24 23:20:02] Synced coin: Bitcoin (btc)
[2025-11-24 23:20:02] Synced coin: Ethereum (eth)
[2025-11-24 23:20:02] Synced coin: Tether (usdt)
[2025-11-24 23:20:02] Synced coin: XRP (xrp)
[2025-11-24 23:20:02] Synced coin: BNB (bnb)
[2025-11-24 23:20:02] Synced coin: USDC (usdc)
[2025-11-24 23:20:02] Synced coin: Solana (sol)
[2025-11-24 23:20:02] Synced coin: TRON (trx)
[2025-11-24 23:20:02] Synced coin: Lido Staked Ether (steth)
[2025-11-24 23:20:02] Synced coin: Dogecoin (doge)
[2025-11-24 23:20:02] Synced coin: Cardano (ada)
[2025-11-24 23:20:02] Synced coin: Figure Heloc (figr_heloc)
[2025-11-24 23:20:02] Synced coin: WhiteBIT Coin (wbt)
[2025-11-24 23:20:02] Synced coin: Wrapped stETH (wsteth)
[2025-11-24 23:20:02] Synced coin: Bitcoin Cash (bch)
[2025-11-24 23:20:02] Synced coin: Wrapped Bitcoin (wbtc)
[2025-11-24 23:20:02] Synced coin: Wrapped Beacon ETH (wbeth)
[2025-11-24 23:20:02] Synced coin: Zcash (zec)
[2025-11-24 23:20:02] Synced coin: USDS (usds)
[2025-11-24 23:20:02] Synced coin: Binance Bridged USDT (BNB Smart Chain) (bsc-usd)
[2025-11-24 23:20:02] Synced coin: Chainlink (link)
[2025-11-24 23:20:02] Synced coin: LEO Token (leo)
[2025-11-24 23:20:02] Synced coin: Hyperliquid (hype)
[2025-11-24 23:20:02] Synced coin: Stellar (xlm)
[2025-11-24 23:20:02] Synced coin: WETH (weth)
[2025-11-24 23:20:02] Synced coin: Ethena USDe (usde)
[2025-11-24 23:20:02] Synced coin: Wrapped eETH (weeth)
[2025-11-24 23:20:02] Synced coin: Monero (xmr)
[2025-11-24 23:20:02] Synced coin: Litecoin (ltc)
[2025-11-24 23:20:02] Synced coin: Coinbase Wrapped BTC (cbbtc)
[2025-11-24 23:20:02] Synced coin: Hedera (hbar)
[2025-11-24 23:20:02] Synced coin: Avalanche (avax)
[2025-11-24 23:20:02] Synced coin: Sui (sui)
[2025-11-24 23:20:02] Synced coin: Shiba Inu (shib)
[2025-11-24 23:20:02] Synced coin: Dai (dai)
[2025-11-24 23:20:02] Synced coin: Ethena Staked USDe (susde)
[2025-11-24 23:20:02] Synced coin: World Liberty Financial (wlfi)
[2025-11-24 23:20:02] Synced coin: Cronos (cro)
[2025-11-24 23:20:02] Synced coin: Uniswap (uni)
[2025-11-24 23:20:02] Synced coin: USDT0 (usdt0)
[2025-11-24 23:20:02] Synced coin: sUSDS (susds)
[2025-11-24 23:20:02] Synced coin: Polkadot (dot)
[2025-11-24 23:20:02] Synced coin: Toncoin (ton)
[2025-11-24 23:20:02] Synced coin: PayPal USD (pyusd)
[2025-11-24 23:20:02] Synced coin: MemeCore (m)
[2025-11-24 23:20:02] Synced coin: Mantle (mnt)
[2025-11-24 23:20:02] Synced coin: Canton (cc)
[2025-11-24 23:20:02] Synced coin: Bittensor (tao)
[2025-11-24 23:20:02] Synced coin: USD1 (usd1)
[2025-11-24 23:20:02] Synced coin: Aave (aave)
[2025-11-24 23:20:02] Synced coin: NEAR Protocol (near)
[2025-11-24 23:20:02] Synced coin: Bitget Token (bgb)
[2025-11-24 23:20:02] Synced coin: BlackRock USD Institutional Digital Liquidity Fund (buidl)
[2025-11-24 23:20:02] Synced coin: Aster (aster)
[2025-11-24 23:20:02] Synced coin: Internet Computer (icp)
[2025-11-24 23:20:02] Synced coin: OKB (okb)
[2025-11-24 23:20:02] Synced coin: Falcon USD (usdf)
[2025-11-24 23:20:02] Synced coin: Tether Gold (xaut)
[2025-11-24 23:20:02] Synced coin: Ethereum Classic (etc)
[2025-11-24 23:20:02] Synced coin: Pi Network (pi)
[2025-11-24 23:20:02] Synced coin: Jito Staked SOL (jitosol)
[2025-11-24 23:20:02] Synced coin: Ethena (ena)
[2025-11-24 23:20:02] Synced coin: Jupiter Perpetuals Liquidity Provider Token (jlp)
[2025-11-24 23:20:02] Synced coin: Pepe (pepe)
[2025-11-24 23:20:02] Synced coin: Binance-Peg WETH (weth)
[2025-11-24 23:20:02] Synced coin: Wrapped SOL (sol)
[2025-11-24 23:20:02] Synced coin: Rain (rain)
[2025-11-24 23:20:02] Synced coin: Aptos (apt)
[2025-11-24 23:20:02] Synced coin: Pump.fun (pump)
[2025-11-24 23:20:02] Synced coin: HTX DAO (htx)
[2025-11-24 23:20:02] Synced coin: Ondo (ondo)
[2025-11-24 23:20:02] Synced coin: KuCoin (kcs)
[2025-11-24 23:20:02] Synced coin: Worldcoin (wld)
[2025-11-24 23:20:02] Synced coin: POL (ex-MATIC) (pol)
[2025-11-24 23:20:02] Synced coin: PAX Gold (paxg)
[2025-11-24 23:20:02] Synced coin: USDtb (usdtb)
[2025-11-24 23:20:02] Synced coin: BFUSD (bfusd)
[2025-11-24 23:20:02] Synced coin: syrupUSDC (syrupusdc)
[2025-11-24 23:20:02] Synced coin: Binance Bridged USDC (BNB Smart Chain) (usdc)
[2025-11-24 23:20:02] Synced coin: Official Trump (trump)
[2025-11-24 23:20:02] Synced coin: Algorand (algo)
[2025-11-24 23:20:02] Synced coin: Provenance Blockchain (hash)
[2025-11-24 23:20:02] Synced coin: Rocket Pool ETH (reth)
[2025-11-24 23:20:02] Synced coin: Global Dollar (usdg)
[2025-11-24 23:20:02] Synced coin: Filecoin (fil)
[2025-11-24 23:20:02] Synced coin: Circle USYC (usyc)
[2025-11-24 23:20:02] Synced coin: Cosmos Hub (atom)
[2025-11-24 23:20:02] Synced coin: Wrapped BNB (wbnb)
[2025-11-24 23:20:02] Synced coin: Gate (gt)
[2025-11-24 23:20:02] Synced coin: Arbitrum (arb)
[2025-11-24 23:20:02] Synced coin: Ripple USD (rlusd)
[2025-11-24 23:20:02] Synced coin: Quant (qnt)
[2025-11-24 23:20:02] Synced coin: Binance Staked SOL (bnsol)
[2025-11-24 23:20:02] Synced coin: VeChain (vet)
[2025-11-24 23:20:02] Synced coin: Kaspa (kas)
[2025-11-24 23:20:02] Synced coin: Flare (flr)
[2025-11-24 23:20:02] Synced coin: Function FBTC (fbtc)
[2025-11-24 23:20:02] Synced coin: Kelp DAO Restaked ETH (rseth)
[2025-11-24 23:20:02] Synced coin: Lombard Staked BTC (lbtc)
[2025-11-24 23:20:02] Synced coin: XDC Network (xdc)
[2025-11-24 23:20:02] Sync completed successfully.
[2025-11-24 23:25:02] Synced coin: Bitcoin (btc)
[2025-11-24 23:25:02] Synced coin: Ethereum (eth)
[2025-11-24 23:25:02] Synced coin: Tether (usdt)
[2025-11-24 23:25:02] Synced coin: XRP (xrp)
[2025-11-24 23:25:02] Synced coin: BNB (bnb)
[2025-11-24 23:25:02] Synced coin: USDC (usdc)
[2025-11-24 23:25:02] Synced coin: Solana (sol)
[2025-11-24 23:25:02] Synced coin: TRON (trx)
[2025-11-24 23:25:02] Synced coin: Lido Staked Ether (steth)
[2025-11-24 23:25:02] Synced coin: Dogecoin (doge)
[2025-11-24 23:25:02] Synced coin: Cardano (ada)
[2025-11-24 23:25:02] Synced coin: Figure Heloc (figr_heloc)
[2025-11-24 23:25:02] Synced coin: WhiteBIT Coin (wbt)
[2025-11-24 23:25:02] Synced coin: Wrapped stETH (wsteth)
[2025-11-24 23:25:02] Synced coin: Bitcoin Cash (bch)
[2025-11-24 23:25:02] Synced coin: Wrapped Bitcoin (wbtc)
[2025-11-24 23:25:02] Synced coin: Wrapped Beacon ETH (wbeth)
[2025-11-24 23:25:02] Synced coin: Zcash (zec)
[2025-11-24 23:25:02] Synced coin: USDS (usds)
[2025-11-24 23:25:02] Synced coin: Binance Bridged USDT (BNB Smart Chain) (bsc-usd)
[2025-11-24 23:25:02] Synced coin: Chainlink (link)
[2025-11-24 23:25:02] Synced coin: LEO Token (leo)
[2025-11-24 23:25:02] Synced coin: Hyperliquid (hype)
[2025-11-24 23:25:02] Synced coin: Stellar (xlm)
[2025-11-24 23:25:02] Synced coin: WETH (weth)
[2025-11-24 23:25:02] Synced coin: Ethena USDe (usde)
[2025-11-24 23:25:02] Synced coin: Wrapped eETH (weeth)
[2025-11-24 23:25:02] Synced coin: Monero (xmr)
[2025-11-24 23:25:02] Synced coin: Litecoin (ltc)
[2025-11-24 23:25:02] Synced coin: Coinbase Wrapped BTC (cbbtc)
[2025-11-24 23:25:02] Synced coin: Hedera (hbar)
[2025-11-24 23:25:02] Synced coin: Avalanche (avax)
[2025-11-24 23:25:02] Synced coin: Sui (sui)
[2025-11-24 23:25:02] Synced coin: Shiba Inu (shib)
[2025-11-24 23:25:02] Synced coin: Dai (dai)
[2025-11-24 23:25:02] Synced coin: Ethena Staked USDe (susde)
[2025-11-24 23:25:02] Synced coin: World Liberty Financial (wlfi)
[2025-11-24 23:25:02] Synced coin: Cronos (cro)
[2025-11-24 23:25:02] Synced coin: Uniswap (uni)
[2025-11-24 23:25:02] Synced coin: USDT0 (usdt0)
[2025-11-24 23:25:02] Synced coin: sUSDS (susds)
[2025-11-24 23:25:02] Synced coin: Polkadot (dot)
[2025-11-24 23:25:02] Synced coin: Toncoin (ton)
[2025-11-24 23:25:02] Synced coin: PayPal USD (pyusd)
[2025-11-24 23:25:02] Synced coin: MemeCore (m)
[2025-11-24 23:25:02] Synced coin: Mantle (mnt)
[2025-11-24 23:25:02] Synced coin: Canton (cc)
[2025-11-24 23:25:02] Synced coin: Bittensor (tao)
[2025-11-24 23:25:02] Synced coin: USD1 (usd1)
[2025-11-24 23:25:02] Synced coin: Aave (aave)
[2025-11-24 23:25:02] Synced coin: NEAR Protocol (near)
[2025-11-24 23:25:02] Synced coin: Bitget Token (bgb)
[2025-11-24 23:25:02] Synced coin: BlackRock USD Institutional Digital Liquidity Fund (buidl)
[2025-11-24 23:25:02] Synced coin: Aster (aster)
[2025-11-24 23:25:02] Synced coin: Internet Computer (icp)
[2025-11-24 23:25:02] Synced coin: OKB (okb)
[2025-11-24 23:25:02] Synced coin: Falcon USD (usdf)
[2025-11-24 23:25:02] Synced coin: Tether Gold (xaut)
[2025-11-24 23:25:02] Synced coin: Ethereum Classic (etc)
[2025-11-24 23:25:02] Synced coin: Pi Network (pi)
[2025-11-24 23:25:02] Synced coin: Jito Staked SOL (jitosol)
[2025-11-24 23:25:02] Synced coin: Ethena (ena)
[2025-11-24 23:25:02] Synced coin: Jupiter Perpetuals Liquidity Provider Token (jlp)
[2025-11-24 23:25:02] Synced coin: Pepe (pepe)
[2025-11-24 23:25:02] Synced coin: Binance-Peg WETH (weth)
[2025-11-24 23:25:02] Synced coin: Wrapped SOL (sol)
[2025-11-24 23:25:02] Synced coin: Rain (rain)
[2025-11-24 23:25:02] Synced coin: Aptos (apt)
[2025-11-24 23:25:02] Synced coin: Pump.fun (pump)
[2025-11-24 23:25:02] Synced coin: HTX DAO (htx)
[2025-11-24 23:25:02] Synced coin: Ondo (ondo)
[2025-11-24 23:25:02] Synced coin: KuCoin (kcs)
[2025-11-24 23:25:02] Synced coin: Worldcoin (wld)
[2025-11-24 23:25:02] Synced coin: POL (ex-MATIC) (pol)
[2025-11-24 23:25:02] Synced coin: PAX Gold (paxg)
[2025-11-24 23:25:02] Synced coin: USDtb (usdtb)
[2025-11-24 23:25:02] Synced coin: BFUSD (bfusd)
[2025-11-24 23:25:02] Synced coin: syrupUSDC (syrupusdc)
[2025-11-24 23:25:02] Synced coin: Binance Bridged USDC (BNB Smart Chain) (usdc)
[2025-11-24 23:25:02] Synced coin: Official Trump (trump)
[2025-11-24 23:25:02] Synced coin: Algorand (algo)
[2025-11-24 23:25:02] Synced coin: Provenance Blockchain (hash)
[2025-11-24 23:25:02] Synced coin: Rocket Pool ETH (reth)
[2025-11-24 23:25:02] Synced coin: Global Dollar (usdg)
[2025-11-24 23:25:02] Synced coin: Filecoin (fil)
[2025-11-24 23:25:02] Synced coin: Circle USYC (usyc)
[2025-11-24 23:25:02] Synced coin: Cosmos Hub (atom)
[2025-11-24 23:25:02] Synced coin: Wrapped BNB (wbnb)
[2025-11-24 23:25:02] Synced coin: Gate (gt)
[2025-11-24 23:25:02] Synced coin: Arbitrum (arb)
[2025-11-24 23:25:02] Synced coin: Ripple USD (rlusd)
[2025-11-24 23:25:02] Synced coin: Quant (qnt)
[2025-11-24 23:25:02] Synced coin: Binance Staked SOL (bnsol)
[2025-11-24 23:25:02] Synced coin: VeChain (vet)
[2025-11-24 23:25:02] Synced coin: Kaspa (kas)
[2025-11-24 23:25:02] Synced coin: Flare (flr)
[2025-11-24 23:25:02] Synced coin: Function FBTC (fbtc)
[2025-11-24 23:25:02] Synced coin: Kelp DAO Restaked ETH (rseth)
[2025-11-24 23:25:02] Synced coin: Lombard Staked BTC (lbtc)
[2025-11-24 23:25:02] Synced coin: XDC Network (xdc)
[2025-11-24 23:25:02] Sync completed successfully.
[2025-11-24 23:30:02] Synced coin: Bitcoin (btc)
[2025-11-24 23:30:02] Synced coin: Ethereum (eth)
[2025-11-24 23:30:02] Synced coin: Tether (usdt)
[2025-11-24 23:30:02] Synced coin: XRP (xrp)
[2025-11-24 23:30:02] Synced coin: BNB (bnb)
[2025-11-24 23:30:02] Synced coin: Solana (sol)
[2025-11-24 23:30:02] Synced coin: USDC (usdc)
[2025-11-24 23:30:02] Synced coin: TRON (trx)
[2025-11-24 23:30:02] Synced coin: Lido Staked Ether (steth)
[2025-11-24 23:30:02] Synced coin: Dogecoin (doge)
[2025-11-24 23:30:02] Synced coin: Cardano (ada)
[2025-11-24 23:30:02] Synced coin: Figure Heloc (figr_heloc)
[2025-11-24 23:30:02] Synced coin: WhiteBIT Coin (wbt)
[2025-11-24 23:30:02] Synced coin: Wrapped stETH (wsteth)
[2025-11-24 23:30:02] Synced coin: Bitcoin Cash (bch)
[2025-11-24 23:30:02] Synced coin: Wrapped Bitcoin (wbtc)
[2025-11-24 23:30:02] Synced coin: Wrapped Beacon ETH (wbeth)
[2025-11-24 23:30:02] Synced coin: Zcash (zec)
[2025-11-24 23:30:02] Synced coin: USDS (usds)
[2025-11-24 23:30:02] Synced coin: Binance Bridged USDT (BNB Smart Chain) (bsc-usd)
[2025-11-24 23:30:02] Synced coin: Chainlink (link)
[2025-11-24 23:30:02] Synced coin: LEO Token (leo)
[2025-11-24 23:30:02] Synced coin: Hyperliquid (hype)
[2025-11-24 23:30:02] Synced coin: Stellar (xlm)
[2025-11-24 23:30:02] Synced coin: WETH (weth)
[2025-11-24 23:30:02] Synced coin: Ethena USDe (usde)
[2025-11-24 23:30:02] Synced coin: Wrapped eETH (weeth)
[2025-11-24 23:30:02] Synced coin: Monero (xmr)
[2025-11-24 23:30:02] Synced coin: Litecoin (ltc)
[2025-11-24 23:30:02] Synced coin: Coinbase Wrapped BTC (cbbtc)
[2025-11-24 23:30:02] Synced coin: Hedera (hbar)
[2025-11-24 23:30:02] Synced coin: Avalanche (avax)
[2025-11-24 23:30:02] Synced coin: Sui (sui)
[2025-11-24 23:30:02] Synced coin: Shiba Inu (shib)
[2025-11-24 23:30:02] Synced coin: Dai (dai)
[2025-11-24 23:30:02] Synced coin: Ethena Staked USDe (susde)
[2025-11-24 23:30:02] Synced coin: World Liberty Financial (wlfi)
[2025-11-24 23:30:02] Synced coin: Cronos (cro)
[2025-11-24 23:30:02] Synced coin: Uniswap (uni)
[2025-11-24 23:30:02] Synced coin: USDT0 (usdt0)
[2025-11-24 23:30:02] Synced coin: sUSDS (susds)
[2025-11-24 23:30:02] Synced coin: Polkadot (dot)
[2025-11-24 23:30:02] Synced coin: Toncoin (ton)
[2025-11-24 23:30:02] Synced coin: PayPal USD (pyusd)
[2025-11-24 23:30:02] Synced coin: MemeCore (m)
[2025-11-24 23:30:02] Synced coin: Mantle (mnt)
[2025-11-24 23:30:02] Synced coin: Canton (cc)
[2025-11-24 23:30:02] Synced coin: Bittensor (tao)
[2025-11-24 23:30:02] Synced coin: USD1 (usd1)
[2025-11-24 23:30:02] Synced coin: Aave (aave)
[2025-11-24 23:30:02] Synced coin: NEAR Protocol (near)
[2025-11-24 23:30:02] Synced coin: Bitget Token (bgb)
[2025-11-24 23:30:02] Synced coin: BlackRock USD Institutional Digital Liquidity Fund (buidl)
[2025-11-24 23:30:02] Synced coin: Aster (aster)
[2025-11-24 23:30:02] Synced coin: Internet Computer (icp)
[2025-11-24 23:30:02] Synced coin: OKB (okb)
[2025-11-24 23:30:02] Synced coin: Falcon USD (usdf)
[2025-11-24 23:30:02] Synced coin: Ethereum Classic (etc)
[2025-11-24 23:30:02] Synced coin: Tether Gold (xaut)
[2025-11-24 23:30:02] Synced coin: Pi Network (pi)
[2025-11-24 23:30:02] Synced coin: Jito Staked SOL (jitosol)
[2025-11-24 23:30:02] Synced coin: Ethena (ena)
[2025-11-24 23:30:02] Synced coin: Jupiter Perpetuals Liquidity Provider Token (jlp)
[2025-11-24 23:30:02] Synced coin: Pepe (pepe)
[2025-11-24 23:30:02] Synced coin: Binance-Peg WETH (weth)
[2025-11-24 23:30:02] Synced coin: Wrapped SOL (sol)
[2025-11-24 23:30:02] Synced coin: Rain (rain)
[2025-11-24 23:30:02] Synced coin: Aptos (apt)
[2025-11-24 23:30:02] Synced coin: Pump.fun (pump)
[2025-11-24 23:30:02] Synced coin: HTX DAO (htx)
[2025-11-24 23:30:02] Synced coin: Ondo (ondo)
[2025-11-24 23:30:02] Synced coin: KuCoin (kcs)
[2025-11-24 23:30:02] Synced coin: Worldcoin (wld)
[2025-11-24 23:30:02] Synced coin: POL (ex-MATIC) (pol)
[2025-11-24 23:30:02] Synced coin: PAX Gold (paxg)
[2025-11-24 23:30:02] Synced coin: USDtb (usdtb)
[2025-11-24 23:30:02] Synced coin: BFUSD (bfusd)
[2025-11-24 23:30:02] Synced coin: syrupUSDC (syrupusdc)
[2025-11-24 23:30:02] Synced coin: Binance Bridged USDC (BNB Smart Chain) (usdc)
[2025-11-24 23:30:02] Synced coin: Algorand (algo)
[2025-11-24 23:30:02] Synced coin: Official Trump (trump)
[2025-11-24 23:30:02] Synced coin: Provenance Blockchain (hash)
[2025-11-24 23:30:02] Synced coin: Rocket Pool ETH (reth)
[2025-11-24 23:30:02] Synced coin: Global Dollar (usdg)
[2025-11-24 23:30:02] Synced coin: Filecoin (fil)
[2025-11-24 23:30:02] Synced coin: Circle USYC (usyc)
[2025-11-24 23:30:02] Synced coin: Cosmos Hub (atom)
[2025-11-24 23:30:02] Synced coin: Gate (gt)
[2025-11-24 23:30:02] Synced coin: Arbitrum (arb)
[2025-11-24 23:30:02] Synced coin: Wrapped BNB (wbnb)
[2025-11-24 23:30:02] Synced coin: Ripple USD (rlusd)
[2025-11-24 23:30:02] Synced coin: Quant (qnt)
[2025-11-24 23:30:02] Synced coin: Binance Staked SOL (bnsol)
[2025-11-24 23:30:02] Synced coin: VeChain (vet)
[2025-11-24 23:30:02] Synced coin: Kaspa (kas)
[2025-11-24 23:30:02] Synced coin: Flare (flr)
[2025-11-24 23:30:02] Synced coin: Function FBTC (fbtc)
[2025-11-24 23:30:02] Synced coin: Kelp DAO Restaked ETH (rseth)
[2025-11-24 23:30:02] Synced coin: Lombard Staked BTC (lbtc)
[2025-11-24 23:30:02] Synced coin: XDC Network (xdc)
[2025-11-24 23:30:02] Sync completed successfully.
[2025-11-24 23:35:01] Synced coin: Bitcoin (btc)
[2025-11-24 23:35:01] Synced coin: Ethereum (eth)
[2025-11-24 23:35:01] Synced coin: Tether (usdt)
[2025-11-24 23:35:01] Synced coin: XRP (xrp)
[2025-11-24 23:35:01] Synced coin: BNB (bnb)
[2025-11-24 23:35:01] Synced coin: Solana (sol)
[2025-11-24 23:35:01] Synced coin: USDC (usdc)
[2025-11-24 23:35:01] Synced coin: TRON (trx)
[2025-11-24 23:35:01] Synced coin: Lido Staked Ether (steth)
[2025-11-24 23:35:01] Synced coin: Dogecoin (doge)
[2025-11-24 23:35:01] Synced coin: Cardano (ada)
[2025-11-24 23:35:01] Synced coin: Figure Heloc (figr_heloc)
[2025-11-24 23:35:01] Synced coin: WhiteBIT Coin (wbt)
[2025-11-24 23:35:01] Synced coin: Wrapped stETH (wsteth)
[2025-11-24 23:35:01] Synced coin: Bitcoin Cash (bch)
[2025-11-24 23:35:01] Synced coin: Wrapped Bitcoin (wbtc)
[2025-11-24 23:35:01] Synced coin: Wrapped Beacon ETH (wbeth)
[2025-11-24 23:35:01] Synced coin: Zcash (zec)
[2025-11-24 23:35:01] Synced coin: USDS (usds)
[2025-11-24 23:35:01] Synced coin: Binance Bridged USDT (BNB Smart Chain) (bsc-usd)
[2025-11-24 23:35:01] Synced coin: Chainlink (link)
[2025-11-24 23:35:01] Synced coin: LEO Token (leo)
[2025-11-24 23:35:01] Synced coin: Hyperliquid (hype)
[2025-11-24 23:35:01] Synced coin: Stellar (xlm)
[2025-11-24 23:35:01] Synced coin: WETH (weth)
[2025-11-24 23:35:01] Synced coin: Ethena USDe (usde)
[2025-11-24 23:35:01] Synced coin: Wrapped eETH (weeth)
[2025-11-24 23:35:01] Synced coin: Monero (xmr)
[2025-11-24 23:35:01] Synced coin: Litecoin (ltc)
[2025-11-24 23:35:01] Synced coin: Coinbase Wrapped BTC (cbbtc)
[2025-11-24 23:35:01] Synced coin: Hedera (hbar)
[2025-11-24 23:35:01] Synced coin: Avalanche (avax)
[2025-11-24 23:35:01] Synced coin: Sui (sui)
[2025-11-24 23:35:01] Synced coin: Shiba Inu (shib)
[2025-11-24 23:35:01] Synced coin: Dai (dai)
[2025-11-24 23:35:01] Synced coin: Ethena Staked USDe (susde)
[2025-11-24 23:35:01] Synced coin: World Liberty Financial (wlfi)
[2025-11-24 23:35:01] Synced coin: Cronos (cro)
[2025-11-24 23:35:01] Synced coin: Uniswap (uni)
[2025-11-24 23:35:01] Synced coin: USDT0 (usdt0)
[2025-11-24 23:35:01] Synced coin: sUSDS (susds)
[2025-11-24 23:35:01] Synced coin: Polkadot (dot)
[2025-11-24 23:35:01] Synced coin: Toncoin (ton)
[2025-11-24 23:35:01] Synced coin: PayPal USD (pyusd)
[2025-11-24 23:35:01] Synced coin: MemeCore (m)
[2025-11-24 23:35:01] Synced coin: Mantle (mnt)
[2025-11-24 23:35:01] Synced coin: Canton (cc)
[2025-11-24 23:35:01] Synced coin: Bittensor (tao)
[2025-11-24 23:35:01] Synced coin: USD1 (usd1)
[2025-11-24 23:35:01] Synced coin: Aave (aave)
[2025-11-24 23:35:01] Synced coin: NEAR Protocol (near)
[2025-11-24 23:35:01] Synced coin: Bitget Token (bgb)
[2025-11-24 23:35:01] Synced coin: BlackRock USD Institutional Digital Liquidity Fund (buidl)
[2025-11-24 23:35:01] Synced coin: Aster (aster)
[2025-11-24 23:35:01] Synced coin: Internet Computer (icp)
[2025-11-24 23:35:01] Synced coin: OKB (okb)
[2025-11-24 23:35:01] Synced coin: Falcon USD (usdf)
[2025-11-24 23:35:01] Synced coin: Ethereum Classic (etc)
[2025-11-24 23:35:01] Synced coin: Tether Gold (xaut)
[2025-11-24 23:35:01] Synced coin: Pi Network (pi)
[2025-11-24 23:35:01] Synced coin: Jito Staked SOL (jitosol)
[2025-11-24 23:35:01] Synced coin: Ethena (ena)
[2025-11-24 23:35:01] Synced coin: Jupiter Perpetuals Liquidity Provider Token (jlp)
[2025-11-24 23:35:01] Synced coin: Pepe (pepe)
[2025-11-24 23:35:01] Synced coin: Binance-Peg WETH (weth)
[2025-11-24 23:35:01] Synced coin: Wrapped SOL (sol)
[2025-11-24 23:35:01] Synced coin: Rain (rain)
[2025-11-24 23:35:01] Synced coin: Aptos (apt)
[2025-11-24 23:35:01] Synced coin: Pump.fun (pump)
[2025-11-24 23:35:01] Synced coin: HTX DAO (htx)
[2025-11-24 23:35:01] Synced coin: Ondo (ondo)
[2025-11-24 23:35:01] Synced coin: KuCoin (kcs)
[2025-11-24 23:35:01] Synced coin: Worldcoin (wld)
[2025-11-24 23:35:01] Synced coin: POL (ex-MATIC) (pol)
[2025-11-24 23:35:01] Synced coin: PAX Gold (paxg)
[2025-11-24 23:35:01] Synced coin: USDtb (usdtb)
[2025-11-24 23:35:01] Synced coin: BFUSD (bfusd)
[2025-11-24 23:35:01] Synced coin: syrupUSDC (syrupusdc)
[2025-11-24 23:35:01] Synced coin: Binance Bridged USDC (BNB Smart Chain) (usdc)
[2025-11-24 23:35:01] Synced coin: Algorand (algo)
[2025-11-24 23:35:01] Synced coin: Official Trump (trump)
[2025-11-24 23:35:01] Synced coin: Provenance Blockchain (hash)
[2025-11-24 23:35:01] Synced coin: Rocket Pool ETH (reth)
[2025-11-24 23:35:01] Synced coin: Global Dollar (usdg)
[2025-11-24 23:35:01] Synced coin: Filecoin (fil)
[2025-11-24 23:35:01] Synced coin: Circle USYC (usyc)
[2025-11-24 23:35:01] Synced coin: Cosmos Hub (atom)
[2025-11-24 23:35:01] Synced coin: Arbitrum (arb)
[2025-11-24 23:35:01] Synced coin: Gate (gt)
[2025-11-24 23:35:01] Synced coin: Wrapped BNB (wbnb)
[2025-11-24 23:35:01] Synced coin: Quant (qnt)
[2025-11-24 23:35:01] Synced coin: Ripple USD (rlusd)
[2025-11-24 23:35:01] Synced coin: Binance Staked SOL (bnsol)
[2025-11-24 23:35:01] Synced coin: VeChain (vet)
[2025-11-24 23:35:01] Synced coin: Kaspa (kas)
[2025-11-24 23:35:01] Synced coin: Flare (flr)
[2025-11-24 23:35:01] Synced coin: Function FBTC (fbtc)
[2025-11-24 23:35:01] Synced coin: Kelp DAO Restaked ETH (rseth)
[2025-11-24 23:35:01] Synced coin: Lombard Staked BTC (lbtc)
[2025-11-24 23:35:01] Synced coin: XDC Network (xdc)
[2025-11-24 23:35:01] Sync completed successfully.
[2025-11-24 23:40:02] Synced coin: Bitcoin (btc)
[2025-11-24 23:40:02] Synced coin: Ethereum (eth)
[2025-11-24 23:40:02] Synced coin: Tether (usdt)
[2025-11-24 23:40:02] Synced coin: XRP (xrp)
[2025-11-24 23:40:02] Synced coin: BNB (bnb)
[2025-11-24 23:40:02] Synced coin: Solana (sol)
[2025-11-24 23:40:02] Synced coin: USDC (usdc)
[2025-11-24 23:40:02] Synced coin: TRON (trx)
[2025-11-24 23:40:02] Synced coin: Lido Staked Ether (steth)
[2025-11-24 23:40:02] Synced coin: Dogecoin (doge)
[2025-11-24 23:40:02] Synced coin: Cardano (ada)
[2025-11-24 23:40:02] Synced coin: Figure Heloc (figr_heloc)
[2025-11-24 23:40:02] Synced coin: WhiteBIT Coin (wbt)
[2025-11-24 23:40:02] Synced coin: Wrapped stETH (wsteth)
[2025-11-24 23:40:02] Synced coin: Bitcoin Cash (bch)
[2025-11-24 23:40:02] Synced coin: Wrapped Bitcoin (wbtc)
[2025-11-24 23:40:02] Synced coin: Wrapped Beacon ETH (wbeth)
[2025-11-24 23:40:02] Synced coin: Zcash (zec)
[2025-11-24 23:40:02] Synced coin: USDS (usds)
[2025-11-24 23:40:02] Synced coin: Binance Bridged USDT (BNB Smart Chain) (bsc-usd)
[2025-11-24 23:40:02] Synced coin: Chainlink (link)
[2025-11-24 23:40:02] Synced coin: LEO Token (leo)
[2025-11-24 23:40:02] Synced coin: Hyperliquid (hype)
[2025-11-24 23:40:02] Synced coin: Stellar (xlm)
[2025-11-24 23:40:02] Synced coin: WETH (weth)
[2025-11-24 23:40:02] Synced coin: Ethena USDe (usde)
[2025-11-24 23:40:02] Synced coin: Wrapped eETH (weeth)
[2025-11-24 23:40:02] Synced coin: Monero (xmr)
[2025-11-24 23:40:02] Synced coin: Litecoin (ltc)
[2025-11-24 23:40:02] Synced coin: Coinbase Wrapped BTC (cbbtc)
[2025-11-24 23:40:02] Synced coin: Hedera (hbar)
[2025-11-24 23:40:02] Synced coin: Avalanche (avax)
[2025-11-24 23:40:02] Synced coin: Sui (sui)
[2025-11-24 23:40:02] Synced coin: Shiba Inu (shib)
[2025-11-24 23:40:02] Synced coin: Dai (dai)
[2025-11-24 23:40:02] Synced coin: Ethena Staked USDe (susde)
[2025-11-24 23:40:02] Synced coin: World Liberty Financial (wlfi)
[2025-11-24 23:40:02] Synced coin: Cronos (cro)
[2025-11-24 23:40:02] Synced coin: Uniswap (uni)
[2025-11-24 23:40:02] Synced coin: USDT0 (usdt0)
[2025-11-24 23:40:02] Synced coin: sUSDS (susds)
[2025-11-24 23:40:02] Synced coin: Polkadot (dot)
[2025-11-24 23:40:02] Synced coin: Toncoin (ton)
[2025-11-24 23:40:02] Synced coin: PayPal USD (pyusd)
[2025-11-24 23:40:02] Synced coin: MemeCore (m)
[2025-11-24 23:40:03] Synced coin: Mantle (mnt)
[2025-11-24 23:40:03] Synced coin: Canton (cc)
[2025-11-24 23:40:03] Synced coin: Bittensor (tao)
[2025-11-24 23:40:03] Synced coin: USD1 (usd1)
[2025-11-24 23:40:03] Synced coin: Aave (aave)
[2025-11-24 23:40:03] Synced coin: NEAR Protocol (near)
[2025-11-24 23:40:03] Synced coin: Bitget Token (bgb)
[2025-11-24 23:40:03] Synced coin: BlackRock USD Institutional Digital Liquidity Fund (buidl)
[2025-11-24 23:40:03] Synced coin: Aster (aster)
[2025-11-24 23:40:03] Synced coin: OKB (okb)
[2025-11-24 23:40:03] Synced coin: Internet Computer (icp)
[2025-11-24 23:40:03] Synced coin: Falcon USD (usdf)
[2025-11-24 23:40:03] Synced coin: Ethereum Classic (etc)
[2025-11-24 23:40:03] Synced coin: Tether Gold (xaut)
[2025-11-24 23:40:03] Synced coin: Pi Network (pi)
[2025-11-24 23:40:03] Synced coin: Jito Staked SOL (jitosol)
[2025-11-24 23:40:03] Synced coin: Jupiter Perpetuals Liquidity Provider Token (jlp)
[2025-11-24 23:40:03] Synced coin: Ethena (ena)
[2025-11-24 23:40:03] Synced coin: Pepe (pepe)
[2025-11-24 23:40:03] Synced coin: Binance-Peg WETH (weth)
[2025-11-24 23:40:03] Synced coin: Wrapped SOL (sol)
[2025-11-24 23:40:03] Synced coin: Aptos (apt)
[2025-11-24 23:40:03] Synced coin: Rain (rain)
[2025-11-24 23:40:03] Synced coin: HTX DAO (htx)
[2025-11-24 23:40:03] Synced coin: Pump.fun (pump)
[2025-11-24 23:40:03] Synced coin: Ondo (ondo)
[2025-11-24 23:40:03] Synced coin: KuCoin (kcs)
[2025-11-24 23:40:03] Synced coin: Worldcoin (wld)
[2025-11-24 23:40:03] Synced coin: POL (ex-MATIC) (pol)
[2025-11-24 23:40:03] Synced coin: PAX Gold (paxg)
[2025-11-24 23:40:03] Synced coin: USDtb (usdtb)
[2025-11-24 23:40:03] Synced coin: BFUSD (bfusd)
[2025-11-24 23:40:03] Synced coin: syrupUSDC (syrupusdc)
[2025-11-24 23:40:03] Synced coin: Binance Bridged USDC (BNB Smart Chain) (usdc)
[2025-11-24 23:40:03] Synced coin: Algorand (algo)
[2025-11-24 23:40:03] Synced coin: Official Trump (trump)
[2025-11-24 23:40:03] Synced coin: Provenance Blockchain (hash)
[2025-11-24 23:40:03] Synced coin: Rocket Pool ETH (reth)
[2025-11-24 23:40:03] Synced coin: Global Dollar (usdg)
[2025-11-24 23:40:03] Synced coin: Filecoin (fil)
[2025-11-24 23:40:03] Synced coin: Circle USYC (usyc)
[2025-11-24 23:40:03] Synced coin: Cosmos Hub (atom)
[2025-11-24 23:40:03] Synced coin: Arbitrum (arb)
[2025-11-24 23:40:03] Synced coin: Gate (gt)
[2025-11-24 23:40:03] Synced coin: Wrapped BNB (wbnb)
[2025-11-24 23:40:03] Synced coin: Quant (qnt)
[2025-11-24 23:40:03] Synced coin: Ripple USD (rlusd)
[2025-11-24 23:40:03] Synced coin: Binance Staked SOL (bnsol)
[2025-11-24 23:40:03] Synced coin: VeChain (vet)
[2025-11-24 23:40:03] Synced coin: Kaspa (kas)
[2025-11-24 23:40:03] Synced coin: Flare (flr)
[2025-11-24 23:40:03] Synced coin: Function FBTC (fbtc)
[2025-11-24 23:40:03] Synced coin: Kelp DAO Restaked ETH (rseth)
[2025-11-24 23:40:03] Synced coin: Lombard Staked BTC (lbtc)
[2025-11-24 23:40:03] Synced coin: XDC Network (xdc)
[2025-11-24 23:40:03] Sync completed successfully.
[2025-11-24 23:45:02] Synced coin: Bitcoin (btc)
[2025-11-24 23:45:02] Synced coin: Ethereum (eth)
[2025-11-24 23:45:02] Synced coin: Tether (usdt)
[2025-11-24 23:45:02] Synced coin: XRP (xrp)
[2025-11-24 23:45:02] Synced coin: BNB (bnb)
[2025-11-24 23:45:02] Synced coin: Solana (sol)
[2025-11-24 23:45:02] Synced coin: USDC (usdc)
[2025-11-24 23:45:02] Synced coin: TRON (trx)
[2025-11-24 23:45:02] Synced coin: Lido Staked Ether (steth)
[2025-11-24 23:45:02] Synced coin: Dogecoin (doge)
[2025-11-24 23:45:02] Synced coin: Cardano (ada)
[2025-11-24 23:45:02] Synced coin: Figure Heloc (figr_heloc)
[2025-11-24 23:45:02] Synced coin: WhiteBIT Coin (wbt)
[2025-11-24 23:45:02] Synced coin: Wrapped stETH (wsteth)
[2025-11-24 23:45:02] Synced coin: Bitcoin Cash (bch)
[2025-11-24 23:45:02] Synced coin: Wrapped Bitcoin (wbtc)
[2025-11-24 23:45:02] Synced coin: Wrapped Beacon ETH (wbeth)
[2025-11-24 23:45:02] Synced coin: Zcash (zec)
[2025-11-24 23:45:02] Synced coin: USDS (usds)
[2025-11-24 23:45:02] Synced coin: Binance Bridged USDT (BNB Smart Chain) (bsc-usd)
[2025-11-24 23:45:02] Synced coin: Chainlink (link)
[2025-11-24 23:45:02] Synced coin: LEO Token (leo)
[2025-11-24 23:45:02] Synced coin: Hyperliquid (hype)
[2025-11-24 23:45:02] Synced coin: Stellar (xlm)
[2025-11-24 23:45:02] Synced coin: WETH (weth)
[2025-11-24 23:45:02] Synced coin: Ethena USDe (usde)
[2025-11-24 23:45:02] Synced coin: Wrapped eETH (weeth)
[2025-11-24 23:45:02] Synced coin: Monero (xmr)
[2025-11-24 23:45:02] Synced coin: Litecoin (ltc)
[2025-11-24 23:45:02] Synced coin: Coinbase Wrapped BTC (cbbtc)
[2025-11-24 23:45:02] Synced coin: Hedera (hbar)
[2025-11-24 23:45:02] Synced coin: Avalanche (avax)
[2025-11-24 23:45:02] Synced coin: Sui (sui)
[2025-11-24 23:45:02] Synced coin: Shiba Inu (shib)
[2025-11-24 23:45:02] Synced coin: Dai (dai)
[2025-11-24 23:45:02] Synced coin: Ethena Staked USDe (susde)
[2025-11-24 23:45:02] Synced coin: World Liberty Financial (wlfi)
[2025-11-24 23:45:02] Synced coin: Cronos (cro)
[2025-11-24 23:45:02] Synced coin: Uniswap (uni)
[2025-11-24 23:45:02] Synced coin: USDT0 (usdt0)
[2025-11-24 23:45:02] Synced coin: sUSDS (susds)
[2025-11-24 23:45:02] Synced coin: Toncoin (ton)
[2025-11-24 23:45:02] Synced coin: Polkadot (dot)
[2025-11-24 23:45:02] Synced coin: PayPal USD (pyusd)
[2025-11-24 23:45:02] Synced coin: MemeCore (m)
[2025-11-24 23:45:02] Synced coin: Mantle (mnt)
[2025-11-24 23:45:02] Synced coin: Canton (cc)
[2025-11-24 23:45:02] Synced coin: Bittensor (tao)
[2025-11-24 23:45:02] Synced coin: USD1 (usd1)
[2025-11-24 23:45:02] Synced coin: Aave (aave)
[2025-11-24 23:45:02] Synced coin: NEAR Protocol (near)
[2025-11-24 23:45:02] Synced coin: Bitget Token (bgb)
[2025-11-24 23:45:02] Synced coin: BlackRock USD Institutional Digital Liquidity Fund (buidl)
[2025-11-24 23:45:02] Synced coin: Aster (aster)
[2025-11-24 23:45:02] Synced coin: OKB (okb)
[2025-11-24 23:45:02] Synced coin: Internet Computer (icp)
[2025-11-24 23:45:02] Synced coin: Falcon USD (usdf)
[2025-11-24 23:45:02] Synced coin: Ethereum Classic (etc)
[2025-11-24 23:45:02] Synced coin: Tether Gold (xaut)
[2025-11-24 23:45:02] Synced coin: Pi Network (pi)
[2025-11-24 23:45:02] Synced coin: Jito Staked SOL (jitosol)
[2025-11-24 23:45:02] Synced coin: Jupiter Perpetuals Liquidity Provider Token (jlp)
[2025-11-24 23:45:02] Synced coin: Ethena (ena)
[2025-11-24 23:45:02] Synced coin: Pepe (pepe)
[2025-11-24 23:45:02] Synced coin: Binance-Peg WETH (weth)
[2025-11-24 23:45:02] Synced coin: Wrapped SOL (sol)
[2025-11-24 23:45:02] Synced coin: Aptos (apt)
[2025-11-24 23:45:02] Synced coin: Rain (rain)
[2025-11-24 23:45:02] Synced coin: HTX DAO (htx)
[2025-11-24 23:45:02] Synced coin: Pump.fun (pump)
[2025-11-24 23:45:02] Synced coin: Ondo (ondo)
[2025-11-24 23:45:02] Synced coin: KuCoin (kcs)
[2025-11-24 23:45:02] Synced coin: Worldcoin (wld)
[2025-11-24 23:45:02] Synced coin: POL (ex-MATIC) (pol)
[2025-11-24 23:45:02] Synced coin: PAX Gold (paxg)
[2025-11-24 23:45:02] Synced coin: USDtb (usdtb)
[2025-11-24 23:45:02] Synced coin: BFUSD (bfusd)
[2025-11-24 23:45:02] Synced coin: syrupUSDC (syrupusdc)
[2025-11-24 23:45:02] Synced coin: Binance Bridged USDC (BNB Smart Chain) (usdc)
[2025-11-24 23:45:02] Synced coin: Official Trump (trump)
[2025-11-24 23:45:02] Synced coin: Algorand (algo)
[2025-11-24 23:45:02] Synced coin: Provenance Blockchain (hash)
[2025-11-24 23:45:02] Synced coin: Rocket Pool ETH (reth)
[2025-11-24 23:45:02] Synced coin: Global Dollar (usdg)
[2025-11-24 23:45:02] Synced coin: Filecoin (fil)
[2025-11-24 23:45:02] Synced coin: Circle USYC (usyc)
[2025-11-24 23:45:02] Synced coin: Cosmos Hub (atom)
[2025-11-24 23:45:02] Synced coin: Arbitrum (arb)
[2025-11-24 23:45:02] Synced coin: Gate (gt)
[2025-11-24 23:45:02] Synced coin: Wrapped BNB (wbnb)
[2025-11-24 23:45:02] Synced coin: Binance Staked SOL (bnsol)
[2025-11-24 23:45:02] Synced coin: Quant (qnt)
[2025-11-24 23:45:02] Synced coin: Ripple USD (rlusd)
[2025-11-24 23:45:02] Synced coin: VeChain (vet)
[2025-11-24 23:45:02] Synced coin: Kaspa (kas)
[2025-11-24 23:45:02] Synced coin: Flare (flr)
[2025-11-24 23:45:02] Synced coin: Function FBTC (fbtc)
[2025-11-24 23:45:02] Synced coin: Kelp DAO Restaked ETH (rseth)
[2025-11-24 23:45:02] Synced coin: Lombard Staked BTC (lbtc)
[2025-11-24 23:45:02] Synced coin: XDC Network (xdc)
[2025-11-24 23:45:02] Sync completed successfully.
[2025-11-24 23:50:02] Synced coin: Bitcoin (btc)
[2025-11-24 23:50:02] Synced coin: Ethereum (eth)
[2025-11-24 23:50:02] Synced coin: Tether (usdt)
[2025-11-24 23:50:02] Synced coin: XRP (xrp)
[2025-11-24 23:50:02] Synced coin: BNB (bnb)
[2025-11-24 23:50:02] Synced coin: Solana (sol)
[2025-11-24 23:50:02] Synced coin: USDC (usdc)
[2025-11-24 23:50:02] Synced coin: TRON (trx)
[2025-11-24 23:50:02] Synced coin: Lido Staked Ether (steth)
[2025-11-24 23:50:02] Synced coin: Dogecoin (doge)
[2025-11-24 23:50:02] Synced coin: Cardano (ada)
[2025-11-24 23:50:02] Synced coin: Figure Heloc (figr_heloc)
[2025-11-24 23:50:02] Synced coin: WhiteBIT Coin (wbt)
[2025-11-24 23:50:02] Synced coin: Wrapped stETH (wsteth)
[2025-11-24 23:50:02] Synced coin: Bitcoin Cash (bch)
[2025-11-24 23:50:02] Synced coin: Wrapped Bitcoin (wbtc)
[2025-11-24 23:50:02] Synced coin: Wrapped Beacon ETH (wbeth)
[2025-11-24 23:50:02] Synced coin: USDS (usds)
[2025-11-24 23:50:02] Synced coin: Zcash (zec)
[2025-11-24 23:50:02] Synced coin: Binance Bridged USDT (BNB Smart Chain) (bsc-usd)
[2025-11-24 23:50:02] Synced coin: Chainlink (link)
[2025-11-24 23:50:02] Synced coin: LEO Token (leo)
[2025-11-24 23:50:02] Synced coin: Hyperliquid (hype)
[2025-11-24 23:50:02] Synced coin: Stellar (xlm)
[2025-11-24 23:50:02] Synced coin: WETH (weth)
[2025-11-24 23:50:02] Synced coin: Ethena USDe (usde)
[2025-11-24 23:50:02] Synced coin: Wrapped eETH (weeth)
[2025-11-24 23:50:02] Synced coin: Monero (xmr)
[2025-11-24 23:50:02] Synced coin: Litecoin (ltc)
[2025-11-24 23:50:02] Synced coin: Coinbase Wrapped BTC (cbbtc)
[2025-11-24 23:50:02] Synced coin: Hedera (hbar)
[2025-11-24 23:50:02] Synced coin: Avalanche (avax)
[2025-11-24 23:50:02] Synced coin: Sui (sui)
[2025-11-24 23:50:02] Synced coin: Shiba Inu (shib)
[2025-11-24 23:50:02] Synced coin: Dai (dai)
[2025-11-24 23:50:02] Synced coin: Ethena Staked USDe (susde)
[2025-11-24 23:50:02] Synced coin: World Liberty Financial (wlfi)
[2025-11-24 23:50:02] Synced coin: Cronos (cro)
[2025-11-24 23:50:02] Synced coin: Uniswap (uni)
[2025-11-24 23:50:02] Synced coin: USDT0 (usdt0)
[2025-11-24 23:50:02] Synced coin: sUSDS (susds)
[2025-11-24 23:50:02] Synced coin: Toncoin (ton)
[2025-11-24 23:50:02] Synced coin: Polkadot (dot)
[2025-11-24 23:50:02] Synced coin: PayPal USD (pyusd)
[2025-11-24 23:50:02] Synced coin: MemeCore (m)
[2025-11-24 23:50:02] Synced coin: Mantle (mnt)
[2025-11-24 23:50:02] Synced coin: Canton (cc)
[2025-11-24 23:50:02] Synced coin: Bittensor (tao)
[2025-11-24 23:50:02] Synced coin: USD1 (usd1)
[2025-11-24 23:50:02] Synced coin: Aave (aave)
[2025-11-24 23:50:02] Synced coin: NEAR Protocol (near)
[2025-11-24 23:50:02] Synced coin: Bitget Token (bgb)
[2025-11-24 23:50:02] Synced coin: BlackRock USD Institutional Digital Liquidity Fund (buidl)
[2025-11-24 23:50:02] Synced coin: Aster (aster)
[2025-11-24 23:50:02] Synced coin: OKB (okb)
[2025-11-24 23:50:02] Synced coin: Internet Computer (icp)
[2025-11-24 23:50:02] Synced coin: Falcon USD (usdf)
[2025-11-24 23:50:02] Synced coin: Ethereum Classic (etc)
[2025-11-24 23:50:02] Synced coin: Tether Gold (xaut)
[2025-11-24 23:50:02] Synced coin: Pi Network (pi)
[2025-11-24 23:50:02] Synced coin: Jito Staked SOL (jitosol)
[2025-11-24 23:50:02] Synced coin: Jupiter Perpetuals Liquidity Provider Token (jlp)
[2025-11-24 23:50:02] Synced coin: Ethena (ena)
[2025-11-24 23:50:02] Synced coin: Pepe (pepe)
[2025-11-24 23:50:02] Synced coin: Binance-Peg WETH (weth)
[2025-11-24 23:50:02] Synced coin: Wrapped SOL (sol)
[2025-11-24 23:50:02] Synced coin: Aptos (apt)
[2025-11-24 23:50:02] Synced coin: Rain (rain)
[2025-11-24 23:50:02] Synced coin: HTX DAO (htx)
[2025-11-24 23:50:02] Synced coin: Pump.fun (pump)
[2025-11-24 23:50:02] Synced coin: Ondo (ondo)
[2025-11-24 23:50:02] Synced coin: KuCoin (kcs)
[2025-11-24 23:50:02] Synced coin: Worldcoin (wld)
[2025-11-24 23:50:02] Synced coin: POL (ex-MATIC) (pol)
[2025-11-24 23:50:02] Synced coin: PAX Gold (paxg)
[2025-11-24 23:50:02] Synced coin: USDtb (usdtb)
[2025-11-24 23:50:02] Synced coin: BFUSD (bfusd)
[2025-11-24 23:50:02] Synced coin: syrupUSDC (syrupusdc)
[2025-11-24 23:50:02] Synced coin: Binance Bridged USDC (BNB Smart Chain) (usdc)
[2025-11-24 23:50:02] Synced coin: Official Trump (trump)
[2025-11-24 23:50:02] Synced coin: Algorand (algo)
[2025-11-24 23:50:02] Synced coin: Provenance Blockchain (hash)
[2025-11-24 23:50:02] Synced coin: Rocket Pool ETH (reth)
[2025-11-24 23:50:02] Synced coin: Global Dollar (usdg)
[2025-11-24 23:50:02] Synced coin: Filecoin (fil)
[2025-11-24 23:50:02] Synced coin: Cosmos Hub (atom)
[2025-11-24 23:50:02] Synced coin: Circle USYC (usyc)
[2025-11-24 23:50:02] Synced coin: Arbitrum (arb)
[2025-11-24 23:50:02] Synced coin: Gate (gt)
[2025-11-24 23:50:02] Synced coin: Wrapped BNB (wbnb)
[2025-11-24 23:50:02] Synced coin: Binance Staked SOL (bnsol)
[2025-11-24 23:50:02] Synced coin: Ripple USD (rlusd)
[2025-11-24 23:50:02] Synced coin: Quant (qnt)
[2025-11-24 23:50:02] Synced coin: VeChain (vet)
[2025-11-24 23:50:02] Synced coin: Kaspa (kas)
[2025-11-24 23:50:02] Synced coin: Flare (flr)
[2025-11-24 23:50:02] Synced coin: Function FBTC (fbtc)
[2025-11-24 23:50:02] Synced coin: Kelp DAO Restaked ETH (rseth)
[2025-11-24 23:50:02] Synced coin: Lombard Staked BTC (lbtc)
[2025-11-24 23:50:02] Synced coin: XDC Network (xdc)
[2025-11-24 23:50:02] Sync completed successfully.
[2025-11-24 23:55:01] Synced coin: Bitcoin (btc)
[2025-11-24 23:55:01] Synced coin: Ethereum (eth)
[2025-11-24 23:55:01] Synced coin: Tether (usdt)
[2025-11-24 23:55:01] Synced coin: XRP (xrp)
[2025-11-24 23:55:01] Synced coin: BNB (bnb)
[2025-11-24 23:55:01] Synced coin: Solana (sol)
[2025-11-24 23:55:01] Synced coin: USDC (usdc)
[2025-11-24 23:55:01] Synced coin: TRON (trx)
[2025-11-24 23:55:01] Synced coin: Lido Staked Ether (steth)
[2025-11-24 23:55:01] Synced coin: Dogecoin (doge)
[2025-11-24 23:55:01] Synced coin: Cardano (ada)
[2025-11-24 23:55:01] Synced coin: Figure Heloc (figr_heloc)
[2025-11-24 23:55:01] Synced coin: WhiteBIT Coin (wbt)
[2025-11-24 23:55:01] Synced coin: Wrapped stETH (wsteth)
[2025-11-24 23:55:01] Synced coin: Bitcoin Cash (bch)
[2025-11-24 23:55:01] Synced coin: Wrapped Bitcoin (wbtc)
[2025-11-24 23:55:01] Synced coin: Wrapped Beacon ETH (wbeth)
[2025-11-24 23:55:01] Synced coin: Zcash (zec)
[2025-11-24 23:55:01] Synced coin: USDS (usds)
[2025-11-24 23:55:01] Synced coin: Binance Bridged USDT (BNB Smart Chain) (bsc-usd)
[2025-11-24 23:55:01] Synced coin: Chainlink (link)
[2025-11-24 23:55:01] Synced coin: LEO Token (leo)
[2025-11-24 23:55:01] Synced coin: Hyperliquid (hype)
[2025-11-24 23:55:01] Synced coin: Stellar (xlm)
[2025-11-24 23:55:01] Synced coin: WETH (weth)
[2025-11-24 23:55:01] Synced coin: Ethena USDe (usde)
[2025-11-24 23:55:01] Synced coin: Wrapped eETH (weeth)
[2025-11-24 23:55:01] Synced coin: Monero (xmr)
[2025-11-24 23:55:01] Synced coin: Litecoin (ltc)
[2025-11-24 23:55:01] Synced coin: Coinbase Wrapped BTC (cbbtc)
[2025-11-24 23:55:01] Synced coin: Hedera (hbar)
[2025-11-24 23:55:01] Synced coin: Avalanche (avax)
[2025-11-24 23:55:01] Synced coin: Sui (sui)
[2025-11-24 23:55:01] Synced coin: Shiba Inu (shib)
[2025-11-24 23:55:01] Synced coin: Dai (dai)
[2025-11-24 23:55:01] Synced coin: Ethena Staked USDe (susde)
[2025-11-24 23:55:01] Synced coin: World Liberty Financial (wlfi)
[2025-11-24 23:55:01] Synced coin: Cronos (cro)
[2025-11-24 23:55:01] Synced coin: Uniswap (uni)
[2025-11-24 23:55:01] Synced coin: USDT0 (usdt0)
[2025-11-24 23:55:01] Synced coin: sUSDS (susds)
[2025-11-24 23:55:01] Synced coin: Toncoin (ton)
[2025-11-24 23:55:01] Synced coin: Polkadot (dot)
[2025-11-24 23:55:01] Synced coin: PayPal USD (pyusd)
[2025-11-24 23:55:01] Synced coin: MemeCore (m)
[2025-11-24 23:55:01] Synced coin: Mantle (mnt)
[2025-11-24 23:55:01] Synced coin: Canton (cc)
[2025-11-24 23:55:01] Synced coin: Bittensor (tao)
[2025-11-24 23:55:01] Synced coin: USD1 (usd1)
[2025-11-24 23:55:01] Synced coin: Aave (aave)
[2025-11-24 23:55:01] Synced coin: NEAR Protocol (near)
[2025-11-24 23:55:01] Synced coin: Bitget Token (bgb)
[2025-11-24 23:55:01] Synced coin: BlackRock USD Institutional Digital Liquidity Fund (buidl)
[2025-11-24 23:55:01] Synced coin: Aster (aster)
[2025-11-24 23:55:01] Synced coin: Internet Computer (icp)
[2025-11-24 23:55:01] Synced coin: OKB (okb)
[2025-11-24 23:55:01] Synced coin: Falcon USD (usdf)
[2025-11-24 23:55:01] Synced coin: Ethereum Classic (etc)
[2025-11-24 23:55:01] Synced coin: Tether Gold (xaut)
[2025-11-24 23:55:01] Synced coin: Pi Network (pi)
[2025-11-24 23:55:01] Synced coin: Jito Staked SOL (jitosol)
[2025-11-24 23:55:01] Synced coin: Jupiter Perpetuals Liquidity Provider Token (jlp)
[2025-11-24 23:55:01] Synced coin: Ethena (ena)
[2025-11-24 23:55:01] Synced coin: Pepe (pepe)
[2025-11-24 23:55:01] Synced coin: Rain (rain)
[2025-11-24 23:55:01] Synced coin: Binance-Peg WETH (weth)
[2025-11-24 23:55:01] Synced coin: Wrapped SOL (sol)
[2025-11-24 23:55:01] Synced coin: Aptos (apt)
[2025-11-24 23:55:01] Synced coin: HTX DAO (htx)
[2025-11-24 23:55:01] Synced coin: Pump.fun (pump)
[2025-11-24 23:55:01] Synced coin: Ondo (ondo)
[2025-11-24 23:55:01] Synced coin: KuCoin (kcs)
[2025-11-24 23:55:01] Synced coin: Worldcoin (wld)
[2025-11-24 23:55:01] Synced coin: POL (ex-MATIC) (pol)
[2025-11-24 23:55:01] Synced coin: PAX Gold (paxg)
[2025-11-24 23:55:01] Synced coin: USDtb (usdtb)
[2025-11-24 23:55:01] Synced coin: BFUSD (bfusd)
[2025-11-24 23:55:01] Synced coin: syrupUSDC (syrupusdc)
[2025-11-24 23:55:01] Synced coin: Binance Bridged USDC (BNB Smart Chain) (usdc)
[2025-11-24 23:55:01] Synced coin: Algorand (algo)
[2025-11-24 23:55:01] Synced coin: Official Trump (trump)
[2025-11-24 23:55:01] Synced coin: Provenance Blockchain (hash)
[2025-11-24 23:55:01] Synced coin: Rocket Pool ETH (reth)
[2025-11-24 23:55:01] Synced coin: Global Dollar (usdg)
[2025-11-24 23:55:01] Synced coin: Filecoin (fil)
[2025-11-24 23:55:01] Synced coin: Cosmos Hub (atom)
[2025-11-24 23:55:01] Synced coin: Circle USYC (usyc)
[2025-11-24 23:55:01] Synced coin: Arbitrum (arb)
[2025-11-24 23:55:01] Synced coin: Gate (gt)
[2025-11-24 23:55:01] Synced coin: Wrapped BNB (wbnb)
[2025-11-24 23:55:01] Synced coin: Binance Staked SOL (bnsol)
[2025-11-24 23:55:01] Synced coin: Ripple USD (rlusd)
[2025-11-24 23:55:01] Synced coin: Quant (qnt)
[2025-11-24 23:55:01] Synced coin: VeChain (vet)
[2025-11-24 23:55:01] Synced coin: Kaspa (kas)
[2025-11-24 23:55:01] Synced coin: Flare (flr)
[2025-11-24 23:55:01] Synced coin: Function FBTC (fbtc)
[2025-11-24 23:55:01] Synced coin: Kelp DAO Restaked ETH (rseth)
[2025-11-24 23:55:01] Synced coin: Lombard Staked BTC (lbtc)
[2025-11-24 23:55:01] Synced coin: XDC Network (xdc)
[2025-11-24 23:55:01] Sync completed successfully.
[2025-11-25 00:00:02] Synced coin: Bitcoin (btc)
[2025-11-25 00:00:02] Synced coin: Ethereum (eth)
[2025-11-25 00:00:02] Synced coin: Tether (usdt)
[2025-11-25 00:00:02] Synced coin: XRP (xrp)
[2025-11-25 00:00:02] Synced coin: BNB (bnb)
[2025-11-25 00:00:02] Synced coin: Solana (sol)
[2025-11-25 00:00:02] Synced coin: USDC (usdc)
[2025-11-25 00:00:02] Synced coin: TRON (trx)
[2025-11-25 00:00:02] Synced coin: Lido Staked Ether (steth)
[2025-11-25 00:00:02] Synced coin: Dogecoin (doge)
[2025-11-25 00:00:02] Synced coin: Cardano (ada)
[2025-11-25 00:00:02] Synced coin: Figure Heloc (figr_heloc)
[2025-11-25 00:00:02] Synced coin: WhiteBIT Coin (wbt)
[2025-11-25 00:00:02] Synced coin: Wrapped stETH (wsteth)
[2025-11-25 00:00:02] Synced coin: Bitcoin Cash (bch)
[2025-11-25 00:00:02] Synced coin: Wrapped Bitcoin (wbtc)
[2025-11-25 00:00:02] Synced coin: Wrapped Beacon ETH (wbeth)
[2025-11-25 00:00:02] Synced coin: Zcash (zec)
[2025-11-25 00:00:02] Synced coin: USDS (usds)
[2025-11-25 00:00:02] Synced coin: Binance Bridged USDT (BNB Smart Chain) (bsc-usd)
[2025-11-25 00:00:02] Synced coin: Chainlink (link)
[2025-11-25 00:00:02] Synced coin: LEO Token (leo)
[2025-11-25 00:00:02] Synced coin: Hyperliquid (hype)
[2025-11-25 00:00:02] Synced coin: Stellar (xlm)
[2025-11-25 00:00:02] Synced coin: WETH (weth)
[2025-11-25 00:00:02] Synced coin: Ethena USDe (usde)
[2025-11-25 00:00:02] Synced coin: Wrapped eETH (weeth)
[2025-11-25 00:00:02] Synced coin: Monero (xmr)
[2025-11-25 00:00:02] Synced coin: Litecoin (ltc)
[2025-11-25 00:00:02] Synced coin: Coinbase Wrapped BTC (cbbtc)
[2025-11-25 00:00:02] Synced coin: Hedera (hbar)
[2025-11-25 00:00:02] Synced coin: Avalanche (avax)
[2025-11-25 00:00:02] Synced coin: Sui (sui)
[2025-11-25 00:00:02] Synced coin: Shiba Inu (shib)
[2025-11-25 00:00:02] Synced coin: Dai (dai)
[2025-11-25 00:00:02] Synced coin: Ethena Staked USDe (susde)
[2025-11-25 00:00:02] Synced coin: World Liberty Financial (wlfi)
[2025-11-25 00:00:02] Synced coin: Cronos (cro)
[2025-11-25 00:00:02] Synced coin: Uniswap (uni)
[2025-11-25 00:00:02] Synced coin: USDT0 (usdt0)
[2025-11-25 00:00:02] Synced coin: sUSDS (susds)
[2025-11-25 00:00:02] Synced coin: Toncoin (ton)
[2025-11-25 00:00:02] Synced coin: Polkadot (dot)
[2025-11-25 00:00:02] Synced coin: PayPal USD (pyusd)
[2025-11-25 00:00:02] Synced coin: MemeCore (m)
[2025-11-25 00:00:02] Synced coin: Mantle (mnt)
[2025-11-25 00:00:02] Synced coin: Canton (cc)
[2025-11-25 00:00:02] Synced coin: Bittensor (tao)
[2025-11-25 00:00:02] Synced coin: USD1 (usd1)
[2025-11-25 00:00:02] Synced coin: Aave (aave)
[2025-11-25 00:00:02] Synced coin: NEAR Protocol (near)
[2025-11-25 00:00:02] Synced coin: Bitget Token (bgb)
[2025-11-25 00:00:02] Synced coin: BlackRock USD Institutional Digital Liquidity Fund (buidl)
[2025-11-25 00:00:02] Synced coin: Aster (aster)
[2025-11-25 00:00:02] Synced coin: Internet Computer (icp)
[2025-11-25 00:00:02] Synced coin: OKB (okb)
[2025-11-25 00:00:02] Synced coin: Falcon USD (usdf)
[2025-11-25 00:00:02] Synced coin: Ethereum Classic (etc)
[2025-11-25 00:00:02] Synced coin: Tether Gold (xaut)
[2025-11-25 00:00:02] Synced coin: Pi Network (pi)
[2025-11-25 00:00:02] Synced coin: Rain (rain)
[2025-11-25 00:00:02] Synced coin: Jito Staked SOL (jitosol)
[2025-11-25 00:00:02] Synced coin: Jupiter Perpetuals Liquidity Provider Token (jlp)
[2025-11-25 00:00:02] Synced coin: Ethena (ena)
[2025-11-25 00:00:02] Synced coin: Pepe (pepe)
[2025-11-25 00:00:02] Synced coin: Binance-Peg WETH (weth)
[2025-11-25 00:00:02] Synced coin: Wrapped SOL (sol)
[2025-11-25 00:00:02] Synced coin: Aptos (apt)
[2025-11-25 00:00:02] Synced coin: HTX DAO (htx)
[2025-11-25 00:00:02] Synced coin: Pump.fun (pump)
[2025-11-25 00:00:02] Synced coin: Ondo (ondo)
[2025-11-25 00:00:02] Synced coin: KuCoin (kcs)
[2025-11-25 00:00:02] Synced coin: Worldcoin (wld)
[2025-11-25 00:00:02] Synced coin: POL (ex-MATIC) (pol)
[2025-11-25 00:00:02] Synced coin: PAX Gold (paxg)
[2025-11-25 00:00:02] Synced coin: USDtb (usdtb)
[2025-11-25 00:00:02] Synced coin: BFUSD (bfusd)
[2025-11-25 00:00:02] Synced coin: syrupUSDC (syrupusdc)
[2025-11-25 00:00:02] Synced coin: Binance Bridged USDC (BNB Smart Chain) (usdc)
[2025-11-25 00:00:02] Synced coin: Algorand (algo)
[2025-11-25 00:00:02] Synced coin: Official Trump (trump)
[2025-11-25 00:00:02] Synced coin: Provenance Blockchain (hash)
[2025-11-25 00:00:02] Synced coin: Rocket Pool ETH (reth)
[2025-11-25 00:00:02] Synced coin: Global Dollar (usdg)
[2025-11-25 00:00:02] Synced coin: Filecoin (fil)
[2025-11-25 00:00:02] Synced coin: Circle USYC (usyc)
[2025-11-25 00:00:02] Synced coin: Cosmos Hub (atom)
[2025-11-25 00:00:02] Synced coin: Arbitrum (arb)
[2025-11-25 00:00:02] Synced coin: Gate (gt)
[2025-11-25 00:00:02] Synced coin: Wrapped BNB (wbnb)
[2025-11-25 00:00:02] Synced coin: Binance Staked SOL (bnsol)
[2025-11-25 00:00:02] Synced coin: Ripple USD (rlusd)
[2025-11-25 00:00:02] Synced coin: Quant (qnt)
[2025-11-25 00:00:02] Synced coin: VeChain (vet)
[2025-11-25 00:00:02] Synced coin: Kaspa (kas)
[2025-11-25 00:00:02] Synced coin: Flare (flr)
[2025-11-25 00:00:02] Synced coin: Function FBTC (fbtc)
[2025-11-25 00:00:02] Synced coin: Kelp DAO Restaked ETH (rseth)
[2025-11-25 00:00:02] Synced coin: Lombard Staked BTC (lbtc)
[2025-11-25 00:00:02] Synced coin: XDC Network (xdc)
[2025-11-25 00:00:02] Sync completed successfully.
[2025-11-25 00:05:01] Synced coin: Bitcoin (btc)
[2025-11-25 00:05:01] Synced coin: Ethereum (eth)
[2025-11-25 00:05:01] Synced coin: Tether (usdt)
[2025-11-25 00:05:01] Synced coin: XRP (xrp)
[2025-11-25 00:05:01] Synced coin: BNB (bnb)
[2025-11-25 00:05:01] Synced coin: Solana (sol)
[2025-11-25 00:05:01] Synced coin: USDC (usdc)
[2025-11-25 00:05:01] Synced coin: TRON (trx)
[2025-11-25 00:05:01] Synced coin: Lido Staked Ether (steth)
[2025-11-25 00:05:01] Synced coin: Dogecoin (doge)
[2025-11-25 00:05:01] Synced coin: Cardano (ada)
[2025-11-25 00:05:01] Synced coin: Figure Heloc (figr_heloc)
[2025-11-25 00:05:01] Synced coin: WhiteBIT Coin (wbt)
[2025-11-25 00:05:01] Synced coin: Wrapped stETH (wsteth)
[2025-11-25 00:05:01] Synced coin: Bitcoin Cash (bch)
[2025-11-25 00:05:01] Synced coin: Wrapped Bitcoin (wbtc)
[2025-11-25 00:05:01] Synced coin: Wrapped Beacon ETH (wbeth)
[2025-11-25 00:05:01] Synced coin: USDS (usds)
[2025-11-25 00:05:01] Synced coin: Zcash (zec)
[2025-11-25 00:05:01] Synced coin: Binance Bridged USDT (BNB Smart Chain) (bsc-usd)
[2025-11-25 00:05:01] Synced coin: Chainlink (link)
[2025-11-25 00:05:01] Synced coin: LEO Token (leo)
[2025-11-25 00:05:01] Synced coin: Hyperliquid (hype)
[2025-11-25 00:05:01] Synced coin: Stellar (xlm)
[2025-11-25 00:05:01] Synced coin: WETH (weth)
[2025-11-25 00:05:01] Synced coin: Ethena USDe (usde)
[2025-11-25 00:05:01] Synced coin: Wrapped eETH (weeth)
[2025-11-25 00:05:01] Synced coin: Monero (xmr)
[2025-11-25 00:05:01] Synced coin: Litecoin (ltc)
[2025-11-25 00:05:01] Synced coin: Coinbase Wrapped BTC (cbbtc)
[2025-11-25 00:05:01] Synced coin: Hedera (hbar)
[2025-11-25 00:05:01] Synced coin: Avalanche (avax)
[2025-11-25 00:05:01] Synced coin: Sui (sui)
[2025-11-25 00:05:01] Synced coin: Shiba Inu (shib)
[2025-11-25 00:05:01] Synced coin: Dai (dai)
[2025-11-25 00:05:01] Synced coin: Ethena Staked USDe (susde)
[2025-11-25 00:05:01] Synced coin: World Liberty Financial (wlfi)
[2025-11-25 00:05:01] Synced coin: Cronos (cro)
[2025-11-25 00:05:01] Synced coin: Uniswap (uni)
[2025-11-25 00:05:01] Synced coin: USDT0 (usdt0)
[2025-11-25 00:05:01] Synced coin: sUSDS (susds)
[2025-11-25 00:05:01] Synced coin: Toncoin (ton)
[2025-11-25 00:05:01] Synced coin: Polkadot (dot)
[2025-11-25 00:05:01] Synced coin: PayPal USD (pyusd)
[2025-11-25 00:05:01] Synced coin: MemeCore (m)
[2025-11-25 00:05:01] Synced coin: Mantle (mnt)
[2025-11-25 00:05:01] Synced coin: Canton (cc)
[2025-11-25 00:05:01] Synced coin: Bittensor (tao)
[2025-11-25 00:05:01] Synced coin: USD1 (usd1)
[2025-11-25 00:05:01] Synced coin: Aave (aave)
[2025-11-25 00:05:01] Synced coin: NEAR Protocol (near)
[2025-11-25 00:05:01] Synced coin: Bitget Token (bgb)
[2025-11-25 00:05:01] Synced coin: BlackRock USD Institutional Digital Liquidity Fund (buidl)
[2025-11-25 00:05:01] Synced coin: Aster (aster)
[2025-11-25 00:05:01] Synced coin: Internet Computer (icp)
[2025-11-25 00:05:01] Synced coin: OKB (okb)
[2025-11-25 00:05:01] Synced coin: Falcon USD (usdf)
[2025-11-25 00:05:01] Synced coin: Ethereum Classic (etc)
[2025-11-25 00:05:01] Synced coin: Tether Gold (xaut)
[2025-11-25 00:05:01] Synced coin: Pi Network (pi)
[2025-11-25 00:05:01] Synced coin: Rain (rain)
[2025-11-25 00:05:01] Synced coin: Jito Staked SOL (jitosol)
[2025-11-25 00:05:01] Synced coin: Jupiter Perpetuals Liquidity Provider Token (jlp)
[2025-11-25 00:05:01] Synced coin: Ethena (ena)
[2025-11-25 00:05:01] Synced coin: Pepe (pepe)
[2025-11-25 00:05:01] Synced coin: Binance-Peg WETH (weth)
[2025-11-25 00:05:01] Synced coin: Wrapped SOL (sol)
[2025-11-25 00:05:01] Synced coin: Aptos (apt)
[2025-11-25 00:05:01] Synced coin: HTX DAO (htx)
[2025-11-25 00:05:01] Synced coin: Pump.fun (pump)
[2025-11-25 00:05:01] Synced coin: Ondo (ondo)
[2025-11-25 00:05:01] Synced coin: KuCoin (kcs)
[2025-11-25 00:05:01] Synced coin: Worldcoin (wld)
[2025-11-25 00:05:01] Synced coin: POL (ex-MATIC) (pol)
[2025-11-25 00:05:01] Synced coin: PAX Gold (paxg)
[2025-11-25 00:05:01] Synced coin: USDtb (usdtb)
[2025-11-25 00:05:01] Synced coin: BFUSD (bfusd)
[2025-11-25 00:05:01] Synced coin: syrupUSDC (syrupusdc)
[2025-11-25 00:05:01] Synced coin: Binance Bridged USDC (BNB Smart Chain) (usdc)
[2025-11-25 00:05:01] Synced coin: Algorand (algo)
[2025-11-25 00:05:01] Synced coin: Official Trump (trump)
[2025-11-25 00:05:01] Synced coin: Provenance Blockchain (hash)
[2025-11-25 00:05:01] Synced coin: Rocket Pool ETH (reth)
[2025-11-25 00:05:01] Synced coin: Global Dollar (usdg)
[2025-11-25 00:05:01] Synced coin: Filecoin (fil)
[2025-11-25 00:05:01] Synced coin: Cosmos Hub (atom)
[2025-11-25 00:05:01] Synced coin: Circle USYC (usyc)
[2025-11-25 00:05:01] Synced coin: Arbitrum (arb)
[2025-11-25 00:05:01] Synced coin: Gate (gt)
[2025-11-25 00:05:01] Synced coin: Wrapped BNB (wbnb)
[2025-11-25 00:05:01] Synced coin: Binance Staked SOL (bnsol)
[2025-11-25 00:05:01] Synced coin: Ripple USD (rlusd)
[2025-11-25 00:05:01] Synced coin: Quant (qnt)
[2025-11-25 00:05:01] Synced coin: VeChain (vet)
[2025-11-25 00:05:01] Synced coin: Kaspa (kas)
[2025-11-25 00:05:01] Synced coin: Flare (flr)
[2025-11-25 00:05:01] Synced coin: Function FBTC (fbtc)
[2025-11-25 00:05:01] Synced coin: Kelp DAO Restaked ETH (rseth)
[2025-11-25 00:05:01] Synced coin: Lombard Staked BTC (lbtc)
[2025-11-25 00:05:01] Synced coin: XDC Network (xdc)
[2025-11-25 00:05:01] Sync completed successfully.
[2025-11-25 00:10:02] Synced coin: Bitcoin (btc)
[2025-11-25 00:10:02] Synced coin: Ethereum (eth)
[2025-11-25 00:10:02] Synced coin: Tether (usdt)
[2025-11-25 00:10:02] Synced coin: XRP (xrp)
[2025-11-25 00:10:02] Synced coin: BNB (bnb)
[2025-11-25 00:10:02] Synced coin: Solana (sol)
[2025-11-25 00:10:02] Synced coin: USDC (usdc)
[2025-11-25 00:10:02] Synced coin: TRON (trx)
[2025-11-25 00:10:02] Synced coin: Lido Staked Ether (steth)
[2025-11-25 00:10:02] Synced coin: Dogecoin (doge)
[2025-11-25 00:10:02] Synced coin: Cardano (ada)
[2025-11-25 00:10:02] Synced coin: Figure Heloc (figr_heloc)
[2025-11-25 00:10:02] Synced coin: WhiteBIT Coin (wbt)
[2025-11-25 00:10:02] Synced coin: Wrapped stETH (wsteth)
[2025-11-25 00:10:02] Synced coin: Bitcoin Cash (bch)
[2025-11-25 00:10:02] Synced coin: Wrapped Bitcoin (wbtc)
[2025-11-25 00:10:02] Synced coin: Wrapped Beacon ETH (wbeth)
[2025-11-25 00:10:02] Synced coin: USDS (usds)
[2025-11-25 00:10:02] Synced coin: Zcash (zec)
[2025-11-25 00:10:02] Synced coin: Binance Bridged USDT (BNB Smart Chain) (bsc-usd)
[2025-11-25 00:10:02] Synced coin: Chainlink (link)
[2025-11-25 00:10:02] Synced coin: LEO Token (leo)
[2025-11-25 00:10:02] Synced coin: Hyperliquid (hype)
[2025-11-25 00:10:02] Synced coin: Stellar (xlm)
[2025-11-25 00:10:02] Synced coin: WETH (weth)
[2025-11-25 00:10:02] Synced coin: Ethena USDe (usde)
[2025-11-25 00:10:02] Synced coin: Wrapped eETH (weeth)
[2025-11-25 00:10:02] Synced coin: Monero (xmr)
[2025-11-25 00:10:02] Synced coin: Litecoin (ltc)
[2025-11-25 00:10:02] Synced coin: Coinbase Wrapped BTC (cbbtc)
[2025-11-25 00:10:02] Synced coin: Hedera (hbar)
[2025-11-25 00:10:02] Synced coin: Avalanche (avax)
[2025-11-25 00:10:02] Synced coin: Sui (sui)
[2025-11-25 00:10:02] Synced coin: Shiba Inu (shib)
[2025-11-25 00:10:02] Synced coin: Dai (dai)
[2025-11-25 00:10:02] Synced coin: Ethena Staked USDe (susde)
[2025-11-25 00:10:02] Synced coin: World Liberty Financial (wlfi)
[2025-11-25 00:10:02] Synced coin: Cronos (cro)
[2025-11-25 00:10:02] Synced coin: Uniswap (uni)
[2025-11-25 00:10:02] Synced coin: USDT0 (usdt0)
[2025-11-25 00:10:02] Synced coin: sUSDS (susds)
[2025-11-25 00:10:02] Synced coin: Toncoin (ton)
[2025-11-25 00:10:02] Synced coin: Polkadot (dot)
[2025-11-25 00:10:02] Synced coin: PayPal USD (pyusd)
[2025-11-25 00:10:02] Synced coin: MemeCore (m)
[2025-11-25 00:10:02] Synced coin: Mantle (mnt)
[2025-11-25 00:10:02] Synced coin: Canton (cc)
[2025-11-25 00:10:02] Synced coin: Bittensor (tao)
[2025-11-25 00:10:02] Synced coin: USD1 (usd1)
[2025-11-25 00:10:02] Synced coin: Aave (aave)
[2025-11-25 00:10:02] Synced coin: NEAR Protocol (near)
[2025-11-25 00:10:02] Synced coin: Bitget Token (bgb)
[2025-11-25 00:10:02] Synced coin: BlackRock USD Institutional Digital Liquidity Fund (buidl)
[2025-11-25 00:10:02] Synced coin: Aster (aster)
[2025-11-25 00:10:02] Synced coin: Internet Computer (icp)
[2025-11-25 00:10:02] Synced coin: OKB (okb)
[2025-11-25 00:10:02] Synced coin: Falcon USD (usdf)
[2025-11-25 00:10:02] Synced coin: Ethereum Classic (etc)
[2025-11-25 00:10:02] Synced coin: Tether Gold (xaut)
[2025-11-25 00:10:02] Synced coin: Pi Network (pi)
[2025-11-25 00:10:02] Synced coin: Rain (rain)
[2025-11-25 00:10:02] Synced coin: Jito Staked SOL (jitosol)
[2025-11-25 00:10:02] Synced coin: Jupiter Perpetuals Liquidity Provider Token (jlp)
[2025-11-25 00:10:02] Synced coin: Ethena (ena)
[2025-11-25 00:10:02] Synced coin: Pepe (pepe)
[2025-11-25 00:10:02] Synced coin: Binance-Peg WETH (weth)
[2025-11-25 00:10:02] Synced coin: Wrapped SOL (sol)
[2025-11-25 00:10:02] Synced coin: Aptos (apt)
[2025-11-25 00:10:02] Synced coin: HTX DAO (htx)
[2025-11-25 00:10:02] Synced coin: Pump.fun (pump)
[2025-11-25 00:10:02] Synced coin: Ondo (ondo)
[2025-11-25 00:10:02] Synced coin: KuCoin (kcs)
[2025-11-25 00:10:02] Synced coin: Worldcoin (wld)
[2025-11-25 00:10:02] Synced coin: POL (ex-MATIC) (pol)
[2025-11-25 00:10:02] Synced coin: PAX Gold (paxg)
[2025-11-25 00:10:02] Synced coin: USDtb (usdtb)
[2025-11-25 00:10:02] Synced coin: BFUSD (bfusd)
[2025-11-25 00:10:02] Synced coin: syrupUSDC (syrupusdc)
[2025-11-25 00:10:02] Synced coin: Binance Bridged USDC (BNB Smart Chain) (usdc)
[2025-11-25 00:10:02] Synced coin: Algorand (algo)
[2025-11-25 00:10:02] Synced coin: Official Trump (trump)
[2025-11-25 00:10:02] Synced coin: Provenance Blockchain (hash)
[2025-11-25 00:10:02] Synced coin: Rocket Pool ETH (reth)
[2025-11-25 00:10:02] Synced coin: Global Dollar (usdg)
[2025-11-25 00:10:02] Synced coin: Filecoin (fil)
[2025-11-25 00:10:02] Synced coin: Cosmos Hub (atom)
[2025-11-25 00:10:02] Synced coin: Circle USYC (usyc)
[2025-11-25 00:10:02] Synced coin: Arbitrum (arb)
[2025-11-25 00:10:02] Synced coin: Gate (gt)
[2025-11-25 00:10:02] Synced coin: Wrapped BNB (wbnb)
[2025-11-25 00:10:02] Synced coin: Binance Staked SOL (bnsol)
[2025-11-25 00:10:02] Synced coin: Ripple USD (rlusd)
[2025-11-25 00:10:02] Synced coin: Quant (qnt)
[2025-11-25 00:10:02] Synced coin: VeChain (vet)
[2025-11-25 00:10:02] Synced coin: Kaspa (kas)
[2025-11-25 00:10:02] Synced coin: Flare (flr)
[2025-11-25 00:10:02] Synced coin: Function FBTC (fbtc)
[2025-11-25 00:10:02] Synced coin: Kelp DAO Restaked ETH (rseth)
[2025-11-25 00:10:02] Synced coin: Lombard Staked BTC (lbtc)
[2025-11-25 00:10:02] Synced coin: XDC Network (xdc)
[2025-11-25 00:10:02] Sync completed successfully.
